tanggal,ihsg,usd_idr,ihsg_ret_1,ihsg_ret_5,ihsg_ret_20,ihsg_sma20,usd_ret_1,usd_ret_5,usd_ret_20,usd_sma20
2021-08-30,6144.90185546875,14362.0,,,,,,,,
2021-08-31,6150.298828125,14246.5,0.0008782845980601639,,,,-0.008042055424035688,,,
2021-09-01,6090.93310546875,14269.2001953125,-0.009652494019440794,,,,0.001593387520619105,,,
2021-09-02,6078.22900390625,14245.5,-0.0020857397943007117,,,,-0.001660933688510835,,,
2021-09-06,6126.93798828125,14231.400390625,0.008013680357172648,,,,-0.0009897588273489744,,,
2021-09-07,6112.39990234375,14279.2001953125,-0.0023728142777528216,-0.005289255042547847,,,0.0033587562274608462,-0.005765200159274508,,
2021-09-08,6026.02001953125,14326.400390625,-0.014131909592397296,-0.020206954502020147,,,0.003305520944232976,0.005608422463412088,,
2021-09-09,6068.21923828125,14258.7998046875,0.007002834144796299,-0.003729127671276866,,,-0.004718602307229758,-0.0007288699073979554,,
2021-09-13,6088.1572265625,14291.599609375,0.003285640728909689,0.0016334071404466854,,,0.0023003201627613823,0.0032360822277210932,,
2021-09-14,6129.09521484375,14249.7001953125,0.006724200239546674,0.0003520888519887855,,1.0045195262828128,-0.0029317511830526666,0.0012858751904383237,,0.9981556579337245
2021-09-15,6110.22900390625,14264.5,-0.0030781396398947836,-0.00035516302470128824,,1.0012975360817211,0.0010386046362131918,-0.0010294831020946082,,0.9992657161118731
2021-09-16,6109.94189453125,14283.900390625,-4.698831661076319e-05,0.013926584167990974,,1.0011461601248925,0.0013600470135650689,-0.0029665511811195477,,1.0005726709440554
2021-09-20,6076.31494140625,14320.5,-0.005503645321913497,0.0013341151344579139,,0.9959705305506483,0.0025622979980328697,0.004327166111990355,,1.0028944736320204
2021-09-21,6060.7568359375,14237.5,-0.0025604508026290107,-0.004500604962278665,,0.993887495945142,-0.0057958870151182396,-0.003785413169531515,,0.9972896877333801
2021-09-22,6108.26513671875,14279.2001953125,0.007838674618910302,-0.0033985567844585507,,1.0015661976259784,0.002928898705004457,0.002070218993779571,,1.000196602233483
2021-09-23,6142.7119140625,14286.5,0.005639371666543935,0.0053161526573690665,,1.0067604532700165,0.0005112194371990064,0.0015422903010970934,,1.0006636476782855
2021-09-27,6122.4951171875,14242.5,-0.003291184277862347,0.002054556798238183,,1.0032435955751982,-0.0030798306093164918,-0.002898395360707795,,0.9977236979841122
2021-09-28,6113.11181640625,14318.599609375,-0.0015325942449359031,0.006055787982491179,,1.0016110980589998,0.005343135641565633,-0.00013270420900113322,,1.0028844775816144
2021-09-29,6162.55419921875,14385.0,0.008087923842617695,0.016796147088040003,,1.0091961909596032,0.004637352285591145,0.010359964881474948,,1.0071357864254868
2021-09-30,6286.94287109375,14328.599609375,0.020184596817139466,0.02925179742131867,,1.0280466268220978,-0.0039207779370872275,0.0034595364857141764,,1.0030271967332585
2021-10-04,6342.68603515625,14300.5,0.008866497629363979,0.03255469634445163,0.03218671092549319,1.0354873210582605,-0.0019610855311090747,0.0009799461029642575,-0.004282133407603417,1.0012757046259946
2021-10-05,6288.048828125,14246.0,-0.00861420646212141,0.027040235683119862,0.022397285700993308,1.0254144107446355,-0.0038110555574979443,0.00024574337370553145,-3.509633945175672e-05,0.9974615332647047
2021-10-06,6417.3232421875,14232.400390625,0.020558748444236885,0.04976375942687872,0.053586229082979164,1.0437180219512707,-0.0009546265179699587,-0.00602008723629377,-0.00257896757938747,0.9966377273835416
2021-10-07,6416.39599609375,14170.7998046875,-0.0001444910999113258,0.0411910043577679,0.05563577679784237,1.040705288989498,-0.004328193716224948,-0.014890524526416371,-0.005243774898213482,0.9925836942207782
2021-10-11,6459.69677734375,14194.0,0.0067484583676507,0.027478205193225413,0.05431078129058187,1.044908670181342,0.0016371831958861272,-0.00939377280714393,-0.0026280190001285453,0.9943389782623838
2021-10-12,6486.26708984375,14221.2001953125,0.004113244540082883,0.022637263438811006,0.061165367690789285,1.0460436048214496,0.0019163164233126917,-0.0055452469974826,-0.004061852149046863,0.9964468796104777
2021-10-13,6536.90380859375,14219.7001953125,0.007806758193674712,0.03957586642070576,0.08477963687585621,1.04988478822496,-0.00010547632966273479,-0.0018461185376597022,-0.0074478021277643025,0.9967143617380134
2021-10-14,6626.11376953125,14078.5,0.013647127684550009,0.03253545434195382,0.0919371086216747,1.059466142552254,-0.009929899602176273,-0.010813382591904563,-0.012644809321765482,0.9874410481426711
2021-10-18,6658.76806640625,14157.2001953125,0.004928121974776989,0.03777386409131456,0.09372472139093047,1.059852463971425,0.005590098044003344,-0.0009596924353204583,-0.009404084758597442,0.9934291702458714
2021-10-19,6655.998046875,14116.7998046875,-0.0004159957973645101,0.0303886198218688,0.08596747375618685,1.0549877291893202,-0.0028536991825810487,-0.0054389316128293785,-0.009326539422121916,0.9910563415714915
2021-10-21,6632.97216796875,14175.0,-0.0034594179181077767,0.022617797894063374,0.08555213949073126,1.0470005854784377,0.0041227612573477845,-0.003248684687508163,-0.006274317361281478,0.9954549654457756
2021-10-25,6625.69677734375,14193.5,-0.0010968522768923794,0.013583337211306112,0.08441240386821525,1.041612255416505,0.0013051146384479573,-0.0018425279684263218,-0.006328830932224472,0.9970706417893671
2021-10-26,6656.93701171875,14175.7001953125,0.004715011179175166,0.0046517828186460886,0.0955549664412434,1.041768918344283,-0.001254081423715081,0.006904158490783852,-0.010111365153975038,0.9963269636393934
2021-10-27,6602.208984375,14217.099609375,-0.008221202521130677,-0.008493925823395587,0.0893373819630805,1.0288454224985912,0.0029204493246963725,0.00423102119318286,-0.0014328632572432332,0.999308327661034
2021-10-28,6524.076171875,14229.0,-0.011834344033173072,-0.019819999055128545,0.06807350791907774,1.0133864767113043,0.0008370477067736193,0.007947990824042517,-0.0035156167450456355,1.0003212796250904
2021-11-01,6552.88916015625,14228.5,0.004416408932418792,-0.012073472612960545,0.06677461874041857,1.0146297535641997,-3.513950383016162e-05,0.0037742504409170596,-0.00405977671228086,1.0004901033532132
2021-11-02,6493.27490234375,14276.599609375,-0.00909740060536568,-0.019986105529732345,0.06056024187187514,1.002521500573566,0.0033805116052290085,0.005854765165392628,0.0023942151571001435,1.0037519346747812
2021-11-03,6552.1298828125,14289.900390625,0.00906399025975424,-0.015744046957594682,0.07181580831353718,1.0081915002471913,0.0009316491051039044,0.008056053227639692,-0.0020043313964313025,1.0047884508729557
2021-11-04,6586.44287109375,14366.0,0.005236921259949234,-0.002388005789965564,0.06878457505959745,1.0101768935796869,0.005325412164868926,0.010473331039110967,-0.0013208202989224427,1.010206844175981
2021-11-05,6581.78515625,14414.0,-0.0007071669693199389,0.00884554117007097,0.04689756073844453,1.0071852540383746,0.0033412223305024913,0.013001616417176232,0.005960135180909321,1.0132779182326346
2021-11-08,6632.296875,14319.7998046875,0.007674470914936338,0.012117970089678298,0.045660598402395225,1.0126708889170457,-0.006535326440439859,0.006416685152159429,0.0013495895029893568,1.0065875323293474
2021-11-09,6669.9248046875,14252.0,0.0056734386889911725,0.027205055230294928,0.060730440713891554,1.0154557651903344,-0.004734689423891658,-0.001723072023316119,0.0004211708549768378,1.001800526993807
2021-11-10,6683.14501953125,14290.0,0.0019820635510701123,0.019995808853305652,0.04142253199842538,1.0154137854384464,0.0026662924501823504,6.9706136696101595e-06,0.004047076234093394,1.004268316726641
2021-11-11,6691.341796875,14302.400390625,0.0012264850335874655,0.015926491405797272,0.04285050376389399,1.0145400897556804,0.0008677670136458815,-0.004427092396979027,0.009286743708987188,1.0046751963794518
2021-11-12,6651.05419921875,14261.7001953125,-0.006020854841859213,0.010524354916533918,0.029623282403309137,1.0069708996406552,-0.002845689828343656,-0.01056610272564873,0.004769634726821126,1.0015780464231137
2021-11-15,6616.02880859375,14186.7001953125,-0.005266141212488362,-0.0024528555812348696,0.020005608303300004,1.0006850782625218,-0.005258840038205981,-0.009294795401499356,-0.002425955582242012,0.9964316195934728
2021-11-16,6651.20703125,14185.400390625,0.0053171205377091635,-0.00280629452139336,0.01748583519096325,1.0051369735208693,-9.162135448026465e-05,-0.004673000938464789,-0.0024121327606334564,0.9964603546203454
2021-11-17,6675.80419921875,14274.2001953125,0.003698151005250949,-0.001098408053550659,0.007499181483419548,1.008475476259518,0.006259943480071639,-0.0011056546317355087,0.013900642491210036,1.0020094061760414
2021-11-18,6636.46923828125,14223.7998046875,-0.0058921681588719466,-0.008200531412007162,-0.003348791833957754,1.0027022521113618,-0.00353087317925882,-0.005495621978882759,0.004704292406421562,0.9982380944670656
2021-11-19,6720.26318359375,14204.7001953125,0.012626283992872356,0.010405716492752237,0.009655221691196703,1.0148699462330741,-0.0013427923365952887,-0.003996718429036594,0.006226651354495516,0.9965902735963507
2021-11-22,6723.38623046875,14265.099609375,0.000464720917868755,0.01622686735214196,0.01363100284614771,1.0146488764267456,0.0042520724289860645,0.005526261426769485,0.00635623346560843,1.0005116201310886
2021-11-23,6677.8759765625,14259.599609375,-0.006768948316550505,0.004009639932601505,0.007875277268524217,1.007384136348452,-0.0003855563683821117,0.0052306749691068966,0.00465703380949023,0.9998940895631833
2021-11-24,6683.27685546875,14272.5,0.00080877196959106,0.0011193642034730278,0.003956751236136258,1.0079986177804268,0.0009046811255848386,-0.00011910967264272543,0.006828573076024025,1.0004591352135679
2021-11-25,6699.34619140625,14303.400390625,0.002404409735675017,0.009474458611562042,0.014712834334862368,1.0096826354823532,0.0021650299964968145,0.005596295436558929,0.006070210072460336,1.0023219857144767
2021-11-26,6561.55322265625,14320.0,-0.0205681218454955,-0.023616628783967863,0.0057444226268865695,0.9886361542548938,0.00116053588109577,0.008117017825236994,0.006395389697097409,1.0031653622701138
2021-11-29,6608.2900390625,14408.2001953125,0.007122828211599819,-0.01711878322334992,0.008454420264439433,0.9952626515040883,0.006159231516235986,0.010031516768621351,0.012629595200653654,1.0087091772538905
2021-11-30,6533.93212890625,14377.0,-0.011252216491211886,-0.0215553340854866,0.006261436204991755,0.9837625464526905,-0.002165447098843809,0.008233077634789643,0.007032514280155944,1.0061712535547904
2021-12-01,6507.6767578125,14333.0,-0.004018310961265703,-0.026274550860864165,-0.006784530495436147,0.9801374834755545,-0.003060443764345777,0.004238921001926688,0.003016088859742805,1.0029406636725828
2021-12-02,6583.81982421875,14376.0,0.011700499155069322,-0.017244424140327896,-0.0003982493929328701,0.991625169025977,0.0030000697690644174,0.00507568881470899,0.0006960879855213431,1.0059143615955028
2021-12-03,6538.505859375,14443.7998046875,-0.006882625292548461,-0.0035124859159367805,-0.006575616773802251,0.9851212617793974,0.004716180070082121,0.00864523775750703,0.0020674208885458345,1.0105530773504847
2021-12-06,6547.1162109375,14514.0,0.0013168683714115392,-0.009257134260662436,-0.01284331290771723,0.9870519136757732,0.004860230428402668,0.0073430271132628455,0.01356165574667667,1.0147752046697858
2021-12-07,6602.56884765625,14490.0,0.008469780424259499,0.010504657439943443,-0.010098458229081286,0.9959176875903165,-0.0016535758577924664,0.007859776031160948,0.016699410609037235,1.0122549883998293
2021-12-08,6603.7978515625,14393.2998046875,0.00018614026367735903,0.014770416129628261,-0.011872728743257954,0.9966995209222563,-0.006673581457039335,0.004207060956359365,0.007228817682820132,1.005136948396014
2021-12-09,6643.93212890625,14335.0,0.006077453950873668,0.00913030828492234,-0.007085225864697509,1.003115803977168,-0.004050482202039185,-0.0028519755147468073,0.0022793103594251907,1.0009517232255127
2021-12-10,6652.921875,14297.400390625,0.0013530761481799214,0.01749880142126803,0.00028080898535898235,1.0044589338832333,-0.002622923569933766,-0.010135796399988073,0.0025032215530820245,0.9982018878788091
2021-12-13,6662.87109375,14351.900390625,0.0014954660428805333,0.017680285347482005,0.007080121098536507,1.0056054732553803,0.003811881776475623,-0.011168500025837136,0.01164472308839537,1.0014294018773906
2021-12-14,6615.63720703125,14324.7001953125,-0.007089119098080299,0.0019792840751124974,-0.005347875062620799,0.9987447012367272,-0.001895233005537622,-0.011407854015700436,0.009819941690159206,0.9990459289015619
2021-12-15,6626.2568359375,14342.5,0.0016052314499597209,0.003400919422402726,-0.007421931770714374,1.0007221892548066,0.0012425952686483388,-0.003529406416654779,0.004784842846041082,1.0000491556648097
2021-12-16,6594.7978515625,14297.5,-0.004747625266256272,-0.007395361119054478,-0.006279150135794498,0.9962846346612987,-0.003137528324908434,-0.0026159748866411148,0.005181470234712604,0.9966553904645303
2021-12-17,6601.93212890625,14380.0,0.001081803795101921,-0.007664263469763011,-0.017608098292397623,0.9982546804245531,0.005770239552369327,0.005777246710469308,0.012340971810538282,1.0017942413852978
2021-12-20,6547.11181640625,14385.7001953125,-0.008303677079619098,-0.0173737831206634,-0.02621810022807658,0.9912865749742994,0.0003963974487135591,0.002355075200325407,0.008454240716148975,1.0017705194641415
2021-12-21,6554.30908203125,14388.7001953125,0.0010993039109190583,-0.00927017656512652,-0.018503921750708696,0.9933054899935546,0.00020854042273010798,0.004467807292814596,0.009053591227948798,1.0015292357459233
2021-12-22,6529.5927734375,14263.900390625,-0.003771001380070693,-0.014588034374964587,-0.022995318816621313,0.9907134601342175,-0.008673459241867909,-0.00548018890535118,-0.0006025299964967923,0.9928722283166035
2021-12-23,6555.55078125,14193.7998046875,0.003975440538665387,-0.005951216579474283,-0.02146409605473254,0.9957382135267411,-0.004914545392056602,-0.007253029922189236,-0.0076625545635523595,0.988369726598005
2021-12-24,6562.89990234375,14167.7998046875,0.0011210531866781004,-0.005912242931368383,0.00020523794318250133,0.9968442937799842,-0.0018317857344594124,-0.01475661998000699,-0.01062850525925274,0.9870823144683765
2021-12-27,6575.44384765625,14189.2998046875,0.0019113418609386645,0.004327409099536661,-0.004970452448680662,0.9989988060167723,0.001517525677691145,-0.013652473495102901,-0.01519276437429129,0.9893346529325469
2021-12-28,6598.3427734375,14220.0,0.003482491267781329,0.00671828118801554,0.009857868624973287,1.0019875467878738,0.002163615945471653,-0.011724491651265212,-0.010920219795506725,0.9920181577866478
2021-12-29,6600.6767578125,14238.2001953125,0.00035372281421874874,0.010886434551350632,0.014290814289193543,1.0016346952711561,0.0012799012174753432,-0.001801764917637172,-0.006614093678050659,0.9936164041959133
2021-12-30,6581.48193359375,14237.0,-0.002908008515343674,0.0039556023908651206,-0.00035509638590047743,0.9987396491177007,-8.429403267518065e-05,0.0030435962115116233,-0.009668892598775791,0.994014752881461
2022-01-03,6665.30810546875,14215.0,0.012736671272639555,0.015604108648438864,0.01939315324034463,1.0104880652074717,-0.001545269368546709,0.0033315120176165003,-0.015840693431187436,0.9932720885511304
2022-01-04,6695.373046875,14283.599609375,0.004510660412169409,0.018238951163958017,0.022644601250520813,1.0139065880158715,0.004825860666549442,0.006645839187663594,-0.015874355148477348,0.9988695317969671
2022-01-05,6662.298828125,14385.5,-0.004939861979077809,0.009692745115480239,0.009046475977293689,1.008441954221415,0.007134083383163237,0.011638537271448701,-0.007211870255348529,1.0063632660224768
2022-01-06,6653.35107421875,14446.5,-0.0013430430151942785,0.007980138755303345,0.007503746142763168,1.0067100244951674,0.0042403809391400316,0.014629644325135693,0.0036961778073416607,1.0104426006953797
2022-01-07,6701.31591796875,14408.0,0.0072091256293178585,0.01820775101779626,0.008637022165358443,1.0135275174080354,-0.00266500536462122,0.01201095736461344,0.005092431112661222,1.0074925581910186
2022-01-10,6691.1240234375,14318.5,-0.0015208795788781426,0.003873176987507776,0.005742160986596634,1.011693795388791,-0.006211826762909545,0.0072810411537109765,0.0014757654397672404,1.0011603328835657
2022-01-11,6647.97021484375,14313.0,-0.006449410957350632,-0.00707993889203451,-0.00223640510173273,1.0052822115630813,-0.00038411844816144125,0.0020583320331735155,-0.0027104696636837122,1.0009118899790956
2022-01-12,6647.06494140625,14277.0,-0.00013617290815759464,-0.00228658112038449,0.004750522646797872,1.00490653400933,-0.0025151959756863906,-0.007542316916339331,-0.0033299262575916533,0.9985609447756
2022-01-13,6658.35595703125,14298.900390625,0.001698646804947801,0.0007522348898578723,0.004844231349388828,1.0063693317978362,0.001533963061217447,-0.010216980540269316,-0.003039889097089077,1.0002452098097996
2022-01-14,6693.40087890625,14276.0,0.005263299544385536,-0.0011811171357071215,0.014951637572998333,1.0109128613007947,-0.001601549070165853,-0.009161576901721258,-0.0015037593984962294,0.9987183706880622
2022-01-17,6645.0478515625,14314.5,-0.0072239849694542,-0.006886163178803084,0.006530773387910083,1.0032833818195048,0.0026968338470159114,-0.00027935887139018956,-0.0045549374130736675,1.0016412362032794
2022-01-18,6614.05908203125,14349.7001953125,-0.0046634381306920325,-0.005100975443118272,0.010225465442218029,0.9981001999951972,0.0024590586686576987,0.002564116209914147,-0.002502485072762073,1.0042308166525675
2022-01-19,6591.98095703125,14382.2998046875,-0.0033380598398312644,-0.008286963473437381,0.0057476500617399395,0.9944858038721764,0.002271797245328555,0.007375485374203183,-0.00044482062577722026,1.006534767639098
2022-01-20,6626.87109375,14362.7998046875,0.00529281515619906,-0.004728624225624589,0.014898068484183291,0.999016370379908,-0.0013558332300682707,0.004468834128279919,0.006933546320016415,1.004822335317563
2022-01-21,6726.373046875,14343.0,0.015014922082737137,0.004926071001164711,0.026057652716775737,1.0127125618636965,-0.001378547703563937,0.0046931913701317995,0.01051164574430774,1.0029137163877875
2022-01-24,6655.166015625,14329.7001953125,-0.010586244734535177,0.0015226623326904942,0.01405874150972486,1.0012962661577471,-0.0009272679835111708,0.0010618739957735102,0.011427348837286244,1.0014169119522622
2022-01-25,6568.1728515625,14365.0,-0.013071524265248602,-0.0069376807645114,-0.0011057802731204713,0.9882618531883278,0.002463401481284766,0.001066210755573671,0.01238258389990854,1.0032678658996104
2022-01-26,6600.81884765625,14330.5,0.004970331450090182,0.0013407033003596247,0.0003752569855446364,0.9931553418780444,-0.002401670727462557,-0.003601635718274876,0.007770745428973269,1.000472292333652
2022-01-27,6611.1611328125,14366.400390625,0.001566818510694734,-0.002370645318922282,0.0015883787957939877,0.9946329857212605,0.0025051736244374734,0.0002506883049588904,0.009003960722135718,1.0025300072709897
2022-01-28,6645.51123046875,14389.2001953125,0.0051957737780379265,-0.012021607461069617,0.009728705103356106,0.9993195489106184,0.0015870227800680592,0.0032210970726138655,0.010690468168329081,1.0035880907373926
2022-01-31,6631.15087890625,14381.599609375,-0.002160909983367376,-0.003608495514968002,-0.005124628302549783,0.9974162656187244,-0.0005282146216838424,0.0036218073899045855,0.011719986589869835,1.0024755603765905
2022-02-02,6707.65185546875,14322.2998046875,0.011536606233142788,0.021235586678123086,0.0018339244890142048,1.0088299038456532,-0.0041233107789236945,-0.002972516206926512,0.002709414739342053,0.9982074031950933
2022-02-03,6683.85107421875,14363.7998046875,-0.003548303007198439,0.012579079729173603,0.003234956379135401,1.0050873723993214,0.0028975793389283133,0.0023237015238477543,-0.0015084769603072035,1.001175498105372
2022-02-04,6731.39111328125,14377.0,0.007112671801721149,0.018185909865670258,0.011729433512820187,1.0116426320659695,0.0009189904824622452,0.0007378055105520254,-0.004810853840030438,1.0023383472475635
2022-02-07,6804.93701171875,14400.400390625,0.010925809717458268,0.023989995008819598,0.015462797906923509,1.0218999478946194,0.0016276268084440826,0.0007783751119223581,-0.0005274576190310576,1.003996377431559
2022-02-08,6789.52197265625,14405.599609375,-0.0022652728505720976,0.023882897047898588,0.014705742842919145,1.0188323290813224,0.00036104681876647504,0.0016687990662982433,0.006083012143381028,1.0040540068360502
2022-02-09,6834.60595703125,14379.5,0.006640229541426956,0.018926757723568333,0.028074094220635226,1.0241634495815566,-0.0018117683458322986,0.00399378564144981,0.004646125899531839,1.002002680709232
2022-02-10,6823.64208984375,14334.2001953125,-0.0016041696121809057,0.020914741228183376,0.02656467929740791,1.0211695090341204,-0.0031503045785666872,-0.0020607088498504345,0.0040064576110177,0.998647043450201
2022-02-11,6815.60693359375,14328.0,-0.001177546557132536,0.012510908799570286,0.023617087698118988,1.0187683071363367,-0.00043254560617389526,-0.003408221464839656,0.002035094208648225,0.9981139074508492
2022-02-14,6734.48583984375,14344.7001953125,-0.011902255300281217,-0.010352949888246754,0.006138129432375017,1.006333661463823,0.0011655636036083106,-0.0038679615706215253,0.004812286026372847,0.9990382139620523
2022-02-15,6807.4970703125,14303.0,0.010841396389430047,0.0026474761741168695,0.024446658982568925,1.0160105522960141,-0.0029070105854235306,-0.007122203320730214,-0.0008033811869083696,0.9961738920166263
2022-02-16,6850.1982421875,14260.599609375,0.006272668417474536,0.002281372950288185,0.03570260822099103,1.0205852009556695,-0.0029644403709011558,-0.00826874304565528,-0.006209229790501536,0.9935290695204135
2022-02-17,6835.1171875,14274.400390625,-0.0022015501091080525,0.0016816675765174427,0.036883636656961594,1.0164972542094408,0.0009677560290610732,-0.004171827089945013,-0.007502236466196632,0.9948644980085862
2022-02-18,6892.81787109375,14348.0,0.008441798730133288,0.01132854905693459,0.04013157545716739,1.0230551882586714,0.0051560561117045545,0.0013958682300390102,-0.0010304261626392641,1.0000456516845353
2022-02-21,6902.96484375,14365.900390625,0.0014721080472477333,0.025017352165100037,0.02625364303233857,1.0232202880507644,0.0012475878606774682,0.0014779113556815382,0.0015966248779892833,1.0012133925949769
2022-02-22,6861.994140625,14355.0,-0.005935232766264953,0.008005448955705319,0.031077831043494486,1.0155904415490826,-0.0007587683562190195,0.0036356009228832864,0.0017655501749977986,1.0003655094245454
2022-02-23,6920.05615234375,14395.0,0.008461390454271411,0.010197939926179789,0.053574001283711814,1.0215237258805663,0.0027864855451062986,0.00942459604129442,0.002088409328228291,1.003048163426392
2022-02-24,6817.81982421875,14365.0,-0.014773915973264717,-0.002530660822155806,0.03287485713072558,1.004822435537202,-0.002084056964223646,0.006346999306149792,0.0024074526359860737,1.000837454708262
2022-02-25,6888.1708984375,14452.5,0.010318705397412309,-0.0006741760399238128,0.04190031978651154,1.0131228048726046,0.006091193873999368,0.007283245051575182,0.0059931233317975785,1.006631824204201
2022-03-01,6921.44091796875,14360.0,0.004830022370495568,0.002676541839189417,0.04152121303097056,1.0159546272124345,-0.006400276768725122,-0.0004107219502127446,-0.0020293132985954587,1.0002908227148213
2022-03-02,6868.40185546875,14425.0,-0.007663008776439217,0.000933797772547651,0.035778250396503175,1.0064169559287843,0.004526462395543218,0.004876349703935912,0.0030177721396658086,1.004666736572732
2022-03-04,6928.328125,14358.400390625,0.008724921865708168,0.0011953620713682778,0.032899183542349775,1.0135591745093713,-0.004616957322357007,-0.002542522360194477,0.002520585829776101,0.9999025294086014
2022-03-07,6869.06591796875,14381.7001953125,-0.008553608599657703,0.007516492819003462,0.02771079751678185,1.003530030889665,0.0016227298343562957,0.0011625614557952968,0.0012462155466104186,1.0014626817750212
2022-03-08,6814.18310546875,14406.400390625,-0.007989850899003947,-0.010741282999458313,0.012299388164230818,0.9949102825881381,0.0017174739409844264,-0.003189732528974254,0.002044960049036648,1.0030799884602128
2022-03-09,6864.44091796875,14362.7001953125,0.0073754713840410435,-0.008235279427441511,0.008744225868296596,1.0018130315502793,-0.003033387531068299,0.00018803588527149806,-0.002617996325785743,1.0001685285505808
2022-03-10,6924.0078125,14251.0,0.00867760320805222,0.008095909092298514,0.019807851036548696,1.009515669875073,-0.007777102758780408,-0.01206239168110923,-0.010731910754647633,0.9929245954924182
2022-03-11,6922.60205078125,14275.0,-0.000203027171086112,-0.0008264727240744341,0.012875079310091353,1.0086636645663347,0.0016840923443968148,-0.005808473670887104,-0.007267290239577173,0.9949589838409625
2022-03-14,6952.2041015625,14325.5,0.004276145091701267,0.012103273514419088,0.018840673356842697,1.0120289783555794,0.0035376532399300498,-0.00390775739650151,-0.0006069536628451333,0.998509078430267
2022-03-15,6918.18505859375,14347.5,-0.004893274488460997,0.015262570951686483,0.01505047547481042,1.0063255076771382,0.001535723011413248,-0.004088487687967435,0.001360971524288157,0.9999745545495174
2022-03-16,6992.39501953125,14305.2998046875,0.01072679616242933,0.018640134439435574,0.038296788473681564,1.015215829419141,-0.002941292581460142,-0.003996490203404313,-0.002746686238717988,0.9971702522931866
2022-03-17,6964.384765625,14263.5,-0.0040058168664687255,0.00583144245621825,0.0230463111026058,1.0099987579892944,-0.002921980333037366,0.0008771314293734012,-0.0027616583933440797,0.9943934386153775
2022-03-18,6954.96484375,14326.0,-0.0013525849291806669,0.004674946318067974,0.01529395177460513,1.0078669920522443,0.0043818137203350815,0.0035726795096322483,0.004586089815045824,0.9985230496173247
2022-03-21,6955.18115234375,14342.2998046875,3.110132094263918e-05,0.0004282168270319797,0.017565750747232434,1.0070222857149969,0.0011377777947438883,0.0011727203020837074,0.004756726181444071,0.9994226539285735
2022-03-22,7000.82177734375,14345.0,0.0065621044226318315,0.011944855196862392,0.01566904976597927,1.0128385529038508,0.00018826794511839218,-0.00017424638438756634,-0.00020908837468636143,0.9996212617546745
2022-03-23,6996.115234375,14345.5,-0.0006722843572424253,0.0005320372824131336,0.013494258298206274,1.0114760814526027,3.4855350296236765e-05,0.00281016097959208,-0.0014200565276307753,0.9997271638563773
2022-03-24,7049.68505859375,14389.0,0.007657081455082038,0.012248072994154091,0.02735224107195977,1.0178400432575965,0.003032309783555842,0.008798681950432874,0.002368512713340376,1.002639861838915
2022-03-25,7002.5322265625,14337.099609375,-0.006688643767677194,0.0068393419494054974,0.01191841112312586,1.0104304649211324,-0.0036069491017444166,0.0007747877547814586,-0.004022257077110125,0.9992249623896823
2022-03-28,7049.60302734375,14373.0,0.006721968462022554,0.013575760707279505,0.033996674758350665,1.015524327965219,0.0025040204506583397,0.0021405350418393088,0.0005569091541941518,1.0016991167398372
2022-03-29,7011.68896484375,14334.0,-0.0053781840414190984,0.0015522731253021504,0.017931910840694787,1.0091648333164114,-0.002713420997703997,-0.000766817706517986,-0.00819927348209648,0.9993937666861487
2022-03-30,7053.18994140625,14327.5,0.005918827371063307,0.008158057024392207,0.019034912671936022,1.0141763591080273,-0.0004534672805915907,-0.0012547488759541148,-0.002263231197771609,0.9990537651993353
2022-03-31,7071.44189453125,14351.0,0.0025877586278870712,0.003086213888516598,0.029561467621588733,1.015318687482671,0.0016402024079567035,-0.002640906247828201,-0.005129982668977462,1.0009506611359114
2022-04-04,7116.2177734375,14322.2998046875,0.0063319305417581795,0.016234919482949417,0.027119045900774186,1.0203712756716132,-0.001999874246568223,-0.0010322732694011405,-0.0025142484507585383,0.9990746660103099
2022-04-05,7148.298828125,14365.5,0.004508160895138502,0.014000192691479452,0.040650783307495386,1.0229234678742523,0.0030162889969920226,-0.0005218117303277259,-0.0011264450720354091,1.0021447886324628
2022-04-06,7104.2158203125,14382.0,-0.006166922910253225,0.013196086696468656,0.042563093822791886,1.0145098790382798,0.0011485851519263957,0.003348681456676328,-0.0016937187613416116,1.0033812342310937
2022-04-07,7127.3671875,14385.0,0.003258820927329653,0.010516836595919177,0.038302648776974646,1.015908773685399,0.00020859407592821455,0.004013261210958019,0.00155261924180361,1.0035124714589914
2022-04-11,7203.7939453125,14360.7001953125,0.010722999924367205,0.01871641636249688,0.040408119168698686,1.0247590098563188,-0.0016892460679527321,0.0006759246960141851,0.007697719129359237,1.0014341032654868
2022-04-12,7214.78076171875,14364.2001953125,0.0015251430690073065,0.013850473863960877,0.042206486635256724,1.0241934757737625,0.00024372070667855184,0.002925535088386111,0.006248700197022838,1.0013667325323172
2022-04-13,7262.77685546875,14360.2001953125,0.006652467390924066,0.01601472323643427,0.04467255986291452,1.0287391274296587,-0.00027847008156467457,-0.00036892587710135594,0.0024222676564518153,1.0009668127571743
2022-04-14,7235.5322265625,14383.900390625,-0.003751268894587545,0.018484292928508506,0.04587144826005218,1.0225817582111083,0.0016504084198099012,0.0001321367421081021,0.002537054582679943,1.0024916376414381
2022-04-18,7275.2890625,14353.7998046875,0.005494666417426464,0.020754069645720685,0.04045738865990356,1.0261491911381442,-0.0020926581191509364,-0.0021689395420576574,0.0033903518739333283,1.000224716061029
2022-04-19,7199.23193359375,14364.900390625,-0.010454172783083138,-0.0006332790406531341,0.033721165023494315,1.0137426787237651,0.0007733552152424661,0.00029247844850011084,0.007109081966207409,1.0006447199746968
2022-04-20,7227.36181640625,14351.0,0.003907344987905903,0.0017437889109888083,0.039165830277493985,1.0157556576556928,-0.0009676635581874482,-0.0009189648663353589,0.0017450788775652537,0.9995893945366856
2022-04-21,7276.19287109375,14382.0,0.00675641484789824,0.0018472294952718293,0.04615432894106952,1.0203168947262278,0.0021601282140617517,0.0015180710847342294,0.0027680494657853494,1.0016101513945344
2022-04-25,7215.97900390625,14478.0,-0.008275463316360532,-0.002702388994201166,0.03073313868077565,1.0103491476354445,0.006675010429703754,0.00654200924780679,0.009271523178807861,1.0078291556575885
2022-04-26,7232.15283203125,14466.0,0.0022413906853449017,-0.005929143171931495,0.033738380479568564,1.0109432052383602,-0.0008288437629506706,0.007816759104851023,0.008399846641804043,1.0065716598176464
2022-04-27,7196.76416015625,14447.5,-0.004893241707816687,-0.0003427828774322794,0.02086321592242002,1.004963344339767,-0.0012788607769943505,0.005750099696403499,0.004065605670998673,1.0050798338829858
2022-04-28,7228.9140625,14502.0,0.004467271905579828,0.00021477354160226447,0.032328567525726326,1.0078597563521006,0.003772278940993301,0.010521914849139336,0.011501656200893828,1.0082929313302553
2022-05-09,6909.7509765625,14552.2001953125,-0.04415090332767391,-0.05036176212247201,-0.019838287381402475,0.9643019482396177,0.00346160497258996,0.011834250821339154,0.01246783519881034,1.0111533247194637
2022-05-10,6819.7939453125,14520.7998046875,-0.013018852858102892,-0.05490385412419874,-0.02736787391645601,0.9530239532412862,-0.0021577761578015497,0.0029561959308952446,0.01303193837641281,1.00831709933517
2022-05-11,6816.203125,14543.400390625,-0.0005265291504837899,-0.05751395423904848,-0.03359994816175338,0.9541020291549257,0.0015564284503257753,0.005350503983478472,0.015068950663060576,1.0091300281048128
2022-05-12,6599.83984375,14632.099609375,-0.031742493186043386,-0.08294343167600615,-0.06669107344938618,0.9268757338938609,0.006098932599502449,0.012777270072676927,0.01958745797331196,1.0142954628297316
2022-05-17,6644.466796875,14630.599609375,0.006761823647472465,-0.08084855630762311,-0.06629237490783257,0.9362445215352261,-0.00010251433765795515,0.008867715444421442,0.021525858897786687,1.0131089099242818
2022-05-18,6793.4140625,14740.0,0.022416737140601217,-0.016836629056113384,-0.04964604504622905,0.9596314043015306,0.007477505607828894,0.012905251588553046,0.026069402387664864,1.0193627019184381
2022-05-19,6823.3349609375,14626.7998046875,0.004404397871559995,0.0005192261897346562,-0.03953720811407513,0.9657739520760786,-0.007679796154172358,0.007299873383405542,0.01702126301540119,1.0106786934778147
2022-05-23,6840.77490234375,14619.2001953125,0.002555926318448476,0.003604906851092382,-0.040210119335352346,0.9702101908542498,-0.0005195674704294717,0.005211972623428762,0.016280861683176884,1.0093368877848903
2022-05-24,6914.14111328125,14635.7998046875,0.010724839215563664,0.04762256008816501,-0.04020837273111155,0.982633905802676,0.001135466315067113,0.00025288204777718093,0.01915642034396048,1.0095242413959042
2022-05-25,6883.50390625,14597.0,-0.004431093686011023,0.035975363664609405,-0.04591641332006757,0.9805881106236715,-0.0026510204570490137,-0.0022965298943367074,0.01620694514989207,1.0060402381755906
2022-05-30,7037.56494140625,14538.400390625,0.022381193830131707,0.03593934900184803,-0.031009064238689765,1.00414561909758,-0.0040144967715969315,-0.013677042698439612,0.01240931135282275,1.0013865543943368
2022-05-31,7148.97021484375,14543.900390625,0.015830088157628985,0.04772376788923016,-0.011963461568310185,1.0206716478238045,0.00037830846944797436,-0.005667638524452401,0.011123547553505198,1.001213688790725
2022-06-02,7148.72314453125,14426.7998046875,-3.4560266034766585e-05,0.04501657291515215,-0.017396685806083778,1.0215593545338364,-0.008051525573771312,-0.013160801415572077,0.005085761331028227,0.992902905542141
2022-06-06,7096.58203125,14435.2001953125,-0.007293765925337037,0.026386635010717807,-0.014258451914120895,1.0148526716901891,0.0005822767861705103,-0.013706091368560047,0.00489385953092869,0.9932407710643
2022-06-07,7141.044921875,14458.7998046875,0.006265395147862174,0.03741423250899323,-0.011943070891415553,1.0218417962539537,0.0016348654023283782,-0.009467712222545721,0.007511658050832759,0.9944957590924645
2022-06-08,7193.31396484375,14495.2998046875,0.00731952305868222,0.02213109573186811,-0.01139042184811434,1.0299319140585745,0.0025244142316824814,-0.002964603036059832,0.007877889353879786,0.9966179504692222
2022-06-09,7182.830078125,14611.7998046875,-0.001457448787858917,0.004736327367953708,-0.004593822371615208,1.0286749575364236,0.008037087991952241,0.004668583546286298,0.009241594466604441,1.0041659730894756
2022-06-13,6995.44189453125,14795.0,-0.02608834979466279,-0.021441766158934228,-0.03273035609142627,1.003539529629807,0.012537825439801642,0.025521959152220663,0.022742983547628937,1.015607893654362
2022-06-14,7049.8818359375,14740.7998046875,0.007782201929060317,-0.006580660254028592,-0.020409495288443824,1.0124159168173743,-0.0036634129984791652,0.0211704448320873,0.020301076635230952,1.0108696768446135
2022-06-15,7007.0498046875,14681.0,-0.006075567257263659,-0.018764077057831674,-0.03069122912436062,1.0078705226924936,-0.004056754414945907,0.015367817406287232,0.01234312508619495,1.0061512934281542
2022-06-16,7050.326171875,14776.099609375,0.006176118108729423,-0.019877874602385104,0.02034446621728092,1.0130710421334992,0.0064777337630270715,0.019371783162200895,0.015385949276221611,1.0118925103383802
2022-06-20,6976.376953125,14827.7001953125,-0.010488765618390294,-0.028742587915137285,0.022960079009443524,1.001318712527933,0.0034921655444688504,0.014775756136197415,0.02113522634792675,1.0143602628534998
2022-06-21,7044.07080078125,14831.7001953125,0.009703295580369531,0.006951513140008414,0.033430294197878574,1.0093841668410517,0.00026976536801459616,0.002480580960628531,0.019823411096716148,1.0136343300943373
2022-06-22,6984.31103515625,14843.0,-0.008483697469135576,-0.009300978698252194,0.05825462443158247,0.9980715182357601,0.0007618684667771713,0.0069331512988868305,0.014413542571147797,1.0136760579862274
2022-06-23,6998.26708984375,14841.7998046875,0.0019982006266976438,-0.0012534112199223957,0.053247356602812435,0.9975441364242198,-8.085934868284905e-05,0.010952919057795718,0.014435511937403334,1.0128636389176362
2022-06-27,7016.05517578125,14791.0,0.0025417843744939272,-0.004860909305226646,0.032773081580620866,0.9984952852325052,-0.003422752318182898,0.0010084116254567288,0.0034599728629578497,1.0092212306761599
2022-06-28,6996.4560546875,14857.0,-0.0027934673549039335,0.002878156053982339,0.02537191779988679,0.9944809270805715,0.004462172943005882,0.001976018148570402,0.015738247489975654,1.0129290441665484
2022-06-29,6942.35107421875,14877.0,-0.007733198071400826,-0.014440474753777077,0.014848635326415893,0.9860785538193756,0.001346166790065384,0.003054255688219598,0.01763433028095207,1.0134020165040054
2022-06-30,6911.58203125,14921.900390625,-0.004432078216703106,-0.010413196597368168,-0.00037012291032567646,0.9817260187842181,0.0030181078594475608,0.005315663317725594,0.019547998042844794,1.01547105736465
2022-07-04,6639.171875,15008.0,-0.039413574926597916,-0.051312019137550124,-0.035495299280378756,0.944671933253769,0.005770016359919916,0.011198115962998578,0.028156470507638476,1.019904029942012
2022-07-05,6703.26611328125,15037.0,0.009653950746869366,-0.04458189889665032,-0.047502059435092114,0.956065588228629,0.0019323027718549657,0.016631735514840207,0.03429535547091689,1.0201464860314062
2022-07-06,6646.41015625,15010.0,-0.00848182901743988,-0.050031886958394556,-0.07029824485074232,0.9513660301355544,-0.0017955709250515595,0.01029817594399951,0.03204777238954737,1.016707259078911
2022-07-07,6652.5869140625,14964.599609375,0.0009293374419108158,-0.041738620974142826,-0.06940207648806385,0.9556435101071494,-0.0030246762574950292,0.005888257671237573,0.03727783097903381,1.0117891736607305
2022-07-11,6722.14501953125,14989.099609375,0.010455798077844802,-0.027408632475492634,-0.05276300760984742,0.9682395013955353,0.0016371971612691993,0.004503395478515637,0.038371439714592004,1.011551524303599
2022-07-12,6718.2939453125,15010.0,-0.0005728936533740958,0.011917460762002063,-0.05920015644594201,0.9706400089381132,0.0013943726554415115,0.00013326226012799758,0.03812212650830138,1.0110814839552655
2022-07-13,6640.990234375,15030.400390625,-0.011506449638369332,-0.009290378429533397,-0.07678293108964096,0.9633149266015998,0.0013591199616922456,-0.00043889135964625403,0.03691545488175829,1.0106342667319848
2022-07-14,6690.0869140625,15037.099609375,0.0073929757392754425,0.006571480962761278,-0.06860014210319798,0.9739172423915197,0.000445711263565407,0.0018054370003330877,0.029106599486194984,1.0096410885556264
2022-07-18,6659.2529296875,14977.0,-0.004608906397043588,0.0010020185697852124,-0.04805828851306293,0.971806613337768,-0.003996755420675013,0.000828648339995075,0.012301453193646505,1.0049917456913582
2022-07-19,6736.091796875,14960.7998046875,0.011538661768641711,0.0020747510360499266,-0.04450997142433266,0.9852758689421561,-0.0010816715839286895,-0.0018880256603138745,0.01492456331508163,1.0031642133509997
2022-07-20,6874.7431640625,15022.0,0.02058335476541795,0.023287045792207195,-0.018881932384224087,1.006530082842701,0.004090703445769339,0.0007994670219853006,0.023227300592602695,1.0061176156513825
2022-07-21,6864.130859375,15004.2001953125,-0.0015436656227356682,0.03360050491340627,-0.02640946077683126,1.0063480309287296,-0.0011849157693716306,-0.0017431468644601988,0.015437131040506591,1.0041584081663901
2022-07-25,6858.4072265625,14978.0,-0.000833846692284812,0.02515966005556547,-0.016909884221444904,1.006379182705725,-0.001746190731358399,-0.0039302532343507,0.010136420531015045,1.0019010580610546
2022-07-26,6871.537109375,14982.7998046875,0.0019144215819744126,0.03187807730520631,-0.02449346355052462,1.0095837985283123,0.00032045698274130174,0.00038724742521867306,0.010187612167535276,1.0017158930381405
2022-07-27,6898.2158203125,14914.2001953125,0.00388249535916807,0.024067965272194236,-0.012326944549058694,1.0141449155783189,-0.004578557430470198,-0.0031147806255918953,0.004796887105874781,0.9968922048419759
2022-07-28,6956.81689453125,14849.099609375,0.008495105944089643,0.011938443154907663,-0.0059229227436395915,1.0230719050237176,-0.004365006844816333,-0.011509811651244872,0.0004918409346279518,0.9925165495055281
2022-08-01,6968.783203125,14838.0,0.0017200838796198603,0.01524626291281539,-0.006737685418927164,1.0251880212953353,-0.0007474937650759905,-0.011076911341427076,0.0031776080048677713,0.9916188915985803
2022-08-02,6988.1572265625,14890.099609375,0.002780115677699868,0.018918386691516353,-0.0011861473952144985,1.0281009205854592,0.0035112285601159865,-0.005868633370610277,0.0022278797452379706,0.9949906443891312
2022-08-03,7046.634765625,14900.0,0.008368091496313568,0.025481584900576282,0.015021379686994019,1.0359095032572452,0.0006648975416367886,-0.005526323902532271,0.0015460106204208124,0.9955757055698127
2022-08-04,7057.34814453125,14884.7001953125,0.0015203539366779317,0.02306862069321869,0.02109012272764521,1.036374042869862,-0.0010268325293624203,-0.0019779806904611785,-0.00249299314019491,0.9946770350815656
2022-08-08,7086.84912109375,14831.2001953125,0.004180178724123129,0.01869133952119939,0.06742968167151875,1.037296596764416,-0.003594294765631112,-0.001205420835832971,-0.011780370781416583,0.9916876987130968
2022-08-09,7102.8798828125,14856.7001953125,0.002262043602852426,0.019242481187729865,0.05961478520739183,1.0366113769658845,0.001719348378026675,0.0012602908284471415,-0.011990410632938708,0.9939919207739111
2022-08-10,7086.23583984375,14756.900390625,-0.002343280928771563,0.014034975187513732,0.06617492349312148,1.0308737562656534,-0.006717494690980486,-0.008945488763966059,-0.016862065914390434,0.9881514385327255
2022-08-11,7160.384765625,14724.2001953125,0.010463795935824471,0.01614245718465468,0.0763308857324505,1.0378272822404824,-0.002215925732837132,-0.011798644609899323,-0.016064540337711097,0.9867559896535778
2022-08-15,7093.27587890625,14776.400390625,-0.009372245893952691,0.005090826417971206,0.05521018340078587,1.0253427599414369,0.0035451973363631595,-0.007275914413217843,-0.014190259875047184,0.9909605036161169
2022-08-16,7133.453125,14747.099609375,0.005664131323755095,0.006576124750212964,0.06179532825847334,1.028065631042908,-0.0019829444570674815,-0.005670517883244575,-0.01751501603097938,0.989868106187197
2022-08-18,7186.55810546875,14845.7001953125,0.007444498413067047,0.011780886631454157,0.08215158460402328,1.031663252327317,0.006686100219653879,-0.0007404066754655991,-0.01228844145946395,0.9971045493612418
2022-08-22,7107.98291015625,14933.5,-0.01093363389808355,0.003068917095621071,0.06246495769962812,1.0173318922641807,0.005914157199215397,0.011967256314015184,-0.006889600525782913,1.003350659120454
2022-08-23,7163.26513671875,14850.0,0.0077774844511104835,0.0004022648486123881,0.07568599846753399,1.0215595693633188,-0.005591455452506056,0.008543744517107932,-0.008479668825532527,0.9981663295143229
2022-08-24,7194.7060546875,14845.0,0.004389188082343232,0.014299482709093425,0.068083136578581,1.022698987696691,-0.00033670033670030186,0.004642511542833017,-0.007740214841402859,0.9982187367242341
2022-08-25,7174.2080078125,14773.0,-0.002849045773266168,0.005713205385715625,0.043560150045378165,1.0176193834896714,-0.004850117884809713,0.001756304040188006,-0.01657568898948214,0.9942095829315816
2022-08-29,7132.044921875,14895.0,-0.005877037004166308,-0.0075854369774408514,0.03903102490158439,1.0097202252731388,0.008258309077370907,0.003320813706251924,-0.007277975093041955,1.002788551354046
2022-08-30,7159.47314453125,14850.0,0.0038457725598619596,0.007244000868576572,0.04389735226026348,1.0114478099474062,-0.0030211480362537513,-0.005591455452506056,-0.008545867271998908,1.0001899330847717
2022-08-31,7178.58984375,14855.0,0.0026701265348487713,0.0021393466162094033,0.04468472329954842,1.0119536477075457,0.00033670033670030186,0.00033670033670030186,-0.00852976789074611,1.0009574935633547
2022-09-01,7153.10400390625,14902.099609375,-0.0035502571394212534,-0.005782314171702052,0.03694987084097967,1.0065526221114252,0.003170623317064969,0.0038463866200741936,-0.0008113466212759102,1.004172090817509
2022-09-05,7231.8828125,14882.2998046875,0.011013234052060339,0.008039187687991944,0.03953904812199083,1.0156723889805828,-0.001328658726388099,0.007398619419718422,0.0022358389522512123,1.0027257248073278
2022-09-06,7233.15478515625,14904.0,0.0001758840248422544,0.014176840497895915,0.0379365485085974,1.0139686310633134,0.0014581210966913005,0.0006042296072508169,0.004448038819247824,1.0039645945116276
2022-09-07,7186.7568359375,14865.2998046875,-0.006414621364659201,0.00381085183999752,0.028419453503436998,1.006063946117408,-0.0025966314621913567,0.0010302898779461778,-0.0016655230883670935,1.0014413171836116
2022-09-08,7232.01708984375,14892.2998046875,0.006297729969090504,0.007442582353450078,0.02630792291422357,1.0110879073442667,0.0018163104918669237,0.002510925929821717,-0.0005167916317113663,1.0032862680207972
2022-09-12,7254.4638671875,14858.7001953125,0.003103805904340673,0.014170053060307497,0.027930565223567072,1.0128305389819219,-0.0022561733120913807,-0.0029123019708711118,-0.0017467600730169952,1.0011103578682679
2022-09-13,7318.01611328125,14954.900390625,0.008760433197717354,0.011910217990863003,0.032619149672516556,1.0200572897796627,0.006474334500863543,0.004878317658580711,0.00834053843812299,1.0071721751338276
2022-09-14,7278.078125,14915.0,-0.005457488431703239,0.006210753285128101,0.02466580388209061,1.0132531133197085,-0.002668047902880888,0.0007380568974770796,0.003924142233542094,1.004287833026627
2022-09-15,7305.60107421875,14933.599609375,0.0037816232178395914,0.016536560369897035,0.03095652463915699,1.0155341341904656,0.0012470405212872127,0.004594579698013357,0.01197400633416601,1.0049423864692382
2022-09-19,7195.48779296875,14985.7998046875,-0.015072446487474744,-0.0050510523442069966,0.0049023940043375624,0.9999835749099009,0.0034954864652811946,0.00627841241623206,0.017766643070927568,1.0075682824917132
2022-09-20,7196.951171875,15008.599609375,0.00020337452419560975,-0.007927904303532962,0.014615996154478728,0.9994669231634166,0.0015214272834720433,0.010088326172015272,0.015714193755694383,1.0083141401976
2022-09-21,7188.31396484375,15019.0,-0.001200120276625416,-0.01772367625729976,0.007690642790023183,0.9978873111721851,0.0006929620947782045,0.004286194337689064,0.018437550286305004,1.0080921263614109
2022-09-22,7218.90576171875,15026.599609375,0.004255768045833497,-0.008130218206643613,0.004501133334660512,1.0019091331192334,0.000505999692056669,0.007482374078109366,0.012185306969867193,1.0079902611317666
2022-09-26,7127.5029296875,15204.0,-0.012661590973517267,-0.024378301350145293,0.0027462108136695473,0.9890893886240347,0.01180575747252366,0.018106846152166067,0.01811363712458558,1.0189658802961428
2022-09-27,7112.44921875,15167.2001953125,-0.002112059593100679,-0.011540367603693702,-0.00709396022608022,0.987348500438338,-0.0024204028339581685,0.012104818761041969,0.021360282512626227,1.0154202503363963
2022-09-28,7077.03076171875,15175.2998046875,-0.004979783467258914,-0.016662668301111627,-0.01635581663438246,0.9832348079810009,0.0005340213929201365,0.011106978642322574,0.022249902639777774,1.0148404454163698
2022-09-29,7036.1982421875,15175.2001953125,-0.005769724748424521,-0.021161530144650054,-0.01923693395489945,0.9784999086730595,-6.563914801138715e-06,0.010400172801950935,0.027225356753029173,1.013470821240459
2022-10-03,7009.7177734375,15290.0,-0.003763462574324472,-0.028977797354074908,-0.01715176359339876,0.9756472276940212,0.007564961464097353,0.017528941841284285,0.02651896609600546,1.0197925852389722
2022-10-04,7072.255859375,15180.0,0.008921626798511273,-0.007751251856015995,-0.012182081473812167,0.9849494196255394,-0.007194244604316502,-0.0015785319652722452,0.022222222222222143,1.011342969451591
2022-10-05,7075.384765625,15206.7001953125,0.00044241983211801283,-0.0052112081204446214,-0.014376789922724842,0.9860938528041453,0.0017589061470684175,0.0026043039909375842,0.023675543272467126,1.0119362697490393
2022-10-06,7076.623046875,15215.7998046875,0.00017501256695129364,-5.761100346712844e-05,-0.010691995669220633,0.9867923487071322,0.0005983947377226073,0.0026688105356238445,0.021050738052720286,1.0114860527596536
2022-10-10,6994.39501953125,15343.0,-0.011619670399154791,-0.005941166126560704,-0.03283899907203458,0.9769437820299726,0.00835974427537578,0.01105750187989818,0.030956250133288732,1.0183823928452185
2022-10-11,6939.14501953125,15338.5,-0.007899182108776936,-0.010067845266706343,-0.040647514723224476,0.9712209274681199,-0.0002932933585347852,0.003172007848266878,0.029153247450348863,1.0166177617070469
2022-10-12,6909.208984375,15318.599609375,-0.004314081212021148,-0.023054436694886382,-0.03861934637535214,0.9689129368484227,-0.0012974143902597657,0.009130409049736388,0.030493821896855344,1.0137758840097264
2022-10-13,6880.625,15364.0,-0.004137084931088664,-0.02752638507678329,-0.04858839317971553,0.9672877363815275,0.002963742886602727,0.010344111652571986,0.03167410013892069,1.0151958946526196
2022-10-17,6831.115234375,15441.400390625,-0.007195533200109017,-0.03469279215153542,-0.058356984135979895,0.9631938061362654,0.005037776010478945,0.014826732004452392,0.03921609478979371,1.018349765510902
2022-10-18,6834.494140625,15466.2001953125,0.0004946346436958127,-0.022861287996994828,-0.06607282153679883,0.9669664818671747,0.0016060592990359002,0.008029733123411376,0.03418944903224008,1.0182685014728123
2022-10-19,6860.416015625,15620.0,0.0037928008228023113,-0.011345634611274913,-0.057386318503554135,0.9735103362666772,0.009944252805812903,0.018352511653682013,0.04726785115655385,1.02601324884587
2022-10-20,6980.65185546875,15562.0,0.017526027513478093,0.010340238839976701,-0.04447946383176271,0.9928612019955112,-0.003713188220230479,0.01588920637863267,0.0420796329794797,1.0200981377332863
2022-10-24,7053.0439453125,15586.5,0.01037039109564497,0.025058616813516288,-0.019796273964281186,1.004174782561453,0.0015743477702094832,0.01448190575371,0.040084626989652206,1.0196965358459622
2022-10-25,7048.3798828125,15549.0,-0.0006612836296163715,0.03180515054762911,-0.02064364277516606,1.0045732144179649,-0.0024059282071022814,0.006968254604700741,0.03600605017722258,1.0154482137084528
2022-10-26,7043.93896484375,15502.7001953125,-0.0006300622331067984,0.030645256241246477,-0.020084681986082153,1.0049742438370104,-0.002977670891214923,0.002359984969744655,0.03220588556578341,1.0108280066286466
2022-10-27,7091.76123046875,15554.2001953125,0.006789136854206124,0.033721747240524236,-0.01761271520182972,1.012715684109269,0.003322001931997054,-0.004212535511363691,0.035111109609144986,1.0124445075243294
2022-10-31,7098.89013671875,15549.2001953125,0.0010052377707490123,0.01693800001748702,-0.004014420372887129,1.0139408500499272,-0.0003214565800372382,-0.0008225038354645609,0.02270456427995926,1.0109832331312727
2022-11-01,7052.30322265625,15649.0,-0.006562563043697622,-0.00010502169871529077,-0.008456439440747365,1.0077196504919146,0.0064183239931263625,0.004009880345170469,0.03176590263748236,1.0158808857305803
2022-11-02,7015.68994140625,15690.0,-0.005191677115126914,-0.0046379369372477885,-0.008667592720425388,1.0029274348790753,0.0026199757172982174,0.009068107273779713,0.0339169704675959,1.016843698378457
2022-11-03,7034.5732421875,15696.0,0.0026915814323267284,-0.001329614396574752,-0.00023094858104721894,1.0056385763210451,0.00038240917782017547,0.012468783002457018,0.03431913898891237,1.0155187492046072
2022-11-04,7045.52685546875,15780.0,0.0015571112708812063,-0.006519448906621483,0.005108491267215465,1.0069467322103298,0.005351681957186605,0.014516966597584835,0.03204708960104652,1.0193376992283343
2022-11-07,7102.39599609375,15609.5,0.008071666149545464,0.0004938602101849376,0.004261742973961535,1.0148558889563146,-0.01080481622306717,0.0038780004070999574,0.028293807641633695,1.0069271167622553
2022-11-08,7050.1259765625,15675.0,-0.0073594910168340855,-0.0003087283721373568,-0.003569952716241942,1.007568892488778,0.004196162593292474,0.0016614480158476663,0.030795622894693064,1.009627366693509
2022-11-09,7070.083984375,15645.0,0.0028308725090655518,0.007753199389231691,-0.0009240371370193845,1.010468407231958,-0.00191387559808609,-0.002868068833651982,0.02820753432759271,1.0063041116441989
2022-11-10,6966.8369140625,15671.5,-0.014603372539941262,-0.009629060042871451,-0.003940027034760929,0.9959082874110723,0.001693831895174247,-0.0015609072375127875,0.021410415173042985,1.0069448100347012
2022-11-11,7089.2060546875,15500.0,0.017564519183447258,0.006199564647865419,0.021625291694276516,1.0123151687528487,-0.010943432345340232,-0.017743979721166037,0.010529060859927553,0.995408914697106
2022-11-14,7019.39208984375,15473.900390625,-0.009847924338098224,-0.01168674716189455,0.015947282202336988,1.0015580507180144,-0.0016838457661290107,-0.008686992496556578,0.010138053425912119,0.9932375016025041
2022-11-15,7035.5,15530.099609375,0.002294772816517243,-0.0020745695340937953,0.02250885639022626,1.0027484494547003,0.0036318715599363838,-0.009244044059011136,0.010810961297513577,0.9963136982951305
2022-11-16,7014.3837890625,15557.0,-0.003001380276810406,-0.007878293303954842,0.026828497016895714,0.9984348286779553,0.0017321454016148152,-0.005624800255672691,0.007486342329752871,0.9976695153846793
2022-11-17,7044.98583984375,15655.0,0.004362756829611625,0.011217275033883256,0.030798431440238305,1.0012907428221818,0.006299415054316304,-0.0010528666687936727,0.012207252091869458,1.003346837589524
2022-11-18,7082.18115234375,15720.0,0.005279685913580856,-0.0009909293494304583,0.03232531907885283,1.0049934207202025,0.004152028106036321,0.014193548387096744,0.006402048655569814,1.007190002068999
2022-11-21,7063.2470703125,15629.400390625,-0.002673481745801398,0.006247689245369781,0.011832020354810124,1.001719549784936,-0.005763333929707404,0.01004917933258831,0.0043310879466007535,1.001169058124468
2022-11-22,7030.587890625,15755.0,-0.004623819521303418,-0.0006981890945917391,-0.0031838812946038964,0.9972465783775611,0.008036111830005854,0.014481580690521412,0.010810637410579638,1.008670207143826
2022-11-23,7054.123046875,15671.0,0.0033475374486653386,0.0056653954228260694,0.0008148204492361977,1.0005441448174712,-0.005331640748968636,0.007327890981551732,0.007846163740433454,1.0029006715569242
2022-11-24,7080.51513671875,15619.599609375,0.0037413707796665197,0.005043203447487432,0.0051925736519795596,1.00402711190559,-0.003279968771935371,-0.002261283335994846,0.007540584065338862,0.999237411963689
2022-11-25,7053.14990234375,15605.0,-0.0038648648928221174,-0.0040991961904832674,-0.005444533010941166,1.000420554960095,-0.0009346980550152262,-0.007315521628498689,0.0032659862962809427,0.9981412371612062
2022-11-28,7017.35791015625,15675.099609375,-0.005074611015371544,-0.00649689295864031,-0.011485207545441134,0.9959196780126396,0.004492124919897478,0.002923926549185607,0.008096841797718524,1.0022214731666665
2022-11-29,7012.06884765625,15746.0,-0.000753711377945443,-0.0026340674857993074,-0.005705139686952632,0.9954532516693908,0.0045231221741388605,-0.0005712472231037546,0.006198479136046986,1.0064425502674512
2022-11-30,7081.31298828125,15726.5,0.009874994403134663,0.0038544750673572548,0.009353755286090504,1.00481530225643,-0.0012384097548583384,0.003541573607300119,0.0023263224984066966,1.0050789203849195
2022-12-01,7020.80322265625,15634.5,-0.008544992394085238,-0.00843327256696913,-0.0019574775977410086,0.9963265003060588,-0.005849998410326518,0.0009539547105967827,-0.0039181957186544825,0.9993956144414533
2022-12-02,7019.63916015625,15355.5,-0.00016580189802839485,-0.004751173965034328,-0.003674344849371458,0.9963443229187416,-0.017845150148709576,-0.01598846523550146,-0.02690114068441063,0.9828947961846082
2022-12-05,6987.328125,15421.0,-0.0046029481600206035,-0.004279357778343873,-0.016201275056619835,0.9925687507791483,0.004265572596138245,-0.01621039838388183,-0.012075979371536594,0.9876832624028473
2022-12-06,6892.56982421875,15520.2998046875,-0.013561449968581551,-0.017041906751591895,-0.022347991066759776,0.980204991205521,0.006439258458433406,-0.014333811464022572,-0.009869230960925068,0.9945359146653595
2022-12-07,6818.751953125,15623.0,-0.010709774870088729,-0.037078015841237044,-0.035548662760647276,0.9714433016393855,0.006617152800197923,-0.006581248211617319,-0.0014062000639182282,1.0011874821337516
2022-12-08,6804.22705078125,15596.0,-0.0021301408884794037,-0.030847776957500406,-0.02334055831750892,0.9704981402761815,-0.0017282212123151952,-0.002462502798298627,-0.004817662635995257,0.9996990537465195
2022-12-09,6715.1181640625,15590.0,-0.013096107177746008,-0.04338128914406647,-0.05276865811759657,0.9603504526985385,-0.00038471402923823117,0.015271401126632167,0.005806451612903274,0.9990262876733259
2022-12-12,6734.4521484375,15582.0,0.0028791726225265712,-0.036190654287113544,-0.04059325049223639,0.9650818298252681,-0.0005131494547786497,0.010440308669995568,0.00698593157808447,0.9981679146694341
2022-12-13,6810.31591796875,15676.2998046875,0.011265024661115453,-0.011933706635945951,-0.03200683420243766,0.9775307484426295,0.006051842169650934,0.010051352226642107,0.00941398954223338,1.003738646457563
2022-12-14,6801.7490234375,15554.7001953125,-0.0012579290938099508,-0.002493554510324625,-0.030314104847892764,0.9777932409228381,-0.007756907617870401,-0.004371747083626754,-0.00014783085990233147,0.995960071475584
2022-12-15,6751.85986328125,15481.0,-0.0073347546321308466,-0.007696272788837555,-0.04160774531365152,0.972670719522001,-0.004738130236332627,-0.007373685560400078,-0.011114659853082132,0.9917935683687268
2022-12-16,6812.19287109375,15626.0,0.008935761261961384,0.01445614278997609,-0.03812219363531122,0.9832744675276198,0.009366320005167683,0.00230917254650409,-0.00597964376590332,1.00138454770835
2022-12-19,6779.6982421875,15615.900390625,-0.0047700688340952535,0.006718600526472995,-0.040144260182654934,0.980590839367493,-0.0006463336346473891,0.002175612285008288,-0.0008637567445067829,1.0007806100048415
2022-12-20,6768.31591796875,15567.5,-0.0016788836039813848,-0.006167114786728822,-0.037304415610247776,0.9808048370625415,-0.00309943003056401,-0.006940400862642804,-0.01190098381466198,0.9982785445138248
2022-12-21,6820.6630859375,15556.0,0.0077341496175993285,0.002780764540829983,-0.033095532837483344,0.9900652715957351,-0.0007387184840211836,8.356346770943546e-05,-0.007338395762874095,0.9979090501251471
2022-12-22,6824.43212890625,15513.0,0.0005525918699196275,0.01074848517216287,-0.036167284846900793,0.992456962889558,-0.0027642067369503254,0.0020670499321748803,-0.0068247337986191425,0.995490996894527
2022-12-23,6800.6728515625,15563.0,-0.0034815024744861978,-0.0016910882808578442,-0.035796354008774456,0.990820719245151,0.0032231032037646212,-0.004031741968513969,-0.0026914450496635656,0.9988341699580385
2022-12-26,6835.80810546875,15565.900390625,0.005166437891241493,0.008276159391888527,-0.02587153270673881,0.9972586479223322,0.00018636449431341795,-0.0032018646859465205,-0.00696641306730128,0.999370517183432
2022-12-27,6923.02685546875,15607.0,0.012759098654367307,0.022858114097373594,-0.0126983910343752,1.0106391850859038,0.002640361838609273,0.0025373374016379735,-0.008827638765400714,1.0024565208092204
2022-12-28,6850.52001953125,15617.5,-0.010473285378089225,0.004377423898170196,-0.03259183277620059,1.0017419911063876,0.0006727750368424879,0.003953458472615079,-0.006930976377452103,1.003482227624602
2022-12-29,6860.0771484375,15789.0,0.0013950953911530117,0.005223148074148032,-0.022892832788716344,1.0043197305055753,0.010981271010084948,0.017791529684780594,0.009881991749016494,1.0139984297951397
2022-12-30,6850.619140625,15620.0,-0.0013787028349461217,0.007344315798255785,-0.02407816351738057,1.004177472556385,-0.010703654442966615,0.0036625329306689824,0.017225098498909075,1.0022936592500526
2023-01-02,6850.98388671875,15508.7998046875,5.32427925510337e-05,0.0022200420222240336,-0.019513072213314775,1.0052354500271372,-0.007119090608994849,-0.0036683124332397288,0.0056935221248621826,0.9948779887704344
2023-01-03,6888.7578125,15550.0,0.00551364977729385,-0.004950008671666395,-0.0005530610230970456,1.010806235017571,0.0026565689048385632,-0.003652207342858982,0.0019136354120896648,0.9974259336374063
2023-01-04,6813.23876953125,15571.7998046875,-0.010962650310004651,-0.0054421051093506145,-0.0008085326510848256,0.9997655584729378,0.0014019167001608768,-0.0029262170842003776,-0.0032772319856941845,0.9989882826621476
2023-01-05,6653.8408203125,15560.0,-0.023395327040581115,-0.030063266587603055,-0.022101883042171977,0.9774542135715277,-0.0007577675564482966,-0.014503768446386678,-0.002308284175429609,0.9983465674458846
2023-01-06,6684.55810546875,15620.0,0.004616474301951667,-0.02424029591303478,-0.004550933855088202,0.9821870722328488,0.003856041131105492,0.0,0.0019243104554200752,1.0020997891502321
2023-01-09,6688.26513671875,15602.2998046875,0.0005545663889086061,-0.0237511505924638,-0.006858317603380071,0.9830653353760419,-0.0011331751160371661,0.006028835317852144,0.0013027727305545689,1.0008990594483675
2023-01-10,6622.4990234375,15580.0,-0.0098330601339639,-0.03865120480493012,-0.0275782939871706,0.9747442345108106,-0.001429263952536064,0.0019292604501608412,-0.00614301881740642,0.9997773269030004
2023-01-11,6584.453125,15528.900390625,-0.005744945873582319,-0.033579572398721336,-0.03194706209957776,0.9706966751733468,-0.003279820884146356,-0.002754942562874896,-0.0016586500776964996,0.9965807326977547
2023-01-12,6629.93408203125,15414.0,0.006907324901223255,-0.0035929230841033055,-0.018058103058843256,0.9782808030876863,-0.00739913243917556,-0.009383033419023135,-0.00432788579549126,0.9894196143749625
2023-01-13,6641.830078125,15172.0,0.0017942857269110934,-0.006392049656774423,-0.025008509916337296,0.9812694712834069,-0.01570001297521728,-0.028681177976952577,-0.029054140535005768,0.9753068386177383
2023-01-16,6688.05712890625,15114.7998046875,0.006959986967070897,-3.110041367204719e-05,-0.013516989990941197,0.9887684474350834,-0.0037701156942064884,-0.03124539369853263,-0.03208912540440734,0.9731972709350447
2023-01-17,6767.33984375,15082.0,0.011854371653179374,0.02187102176986322,-0.00014421227238503587,1.000496894860107,-0.0021700455918263195,-0.03196405648267009,-0.03118676730367753,0.9726055665901412
2023-01-18,6765.7861328125,15162.0,-0.0002295896132562536,0.02753957000984797,-0.008045691809370092,1.0006731200794383,0.005304336294920997,-0.02362693953826267,-0.02532784777577779,0.9790083359699362
2023-01-19,6819.9072265625,15096.0,0.00799923211990472,0.028653851181737133,-0.0006630445227205906,1.00871149024714,-0.004352987732489155,-0.020630595562475706,-0.026880680719396643,0.9760607774993938
2023-01-20,6874.93115234375,15141.0,0.00806813406008522,0.03509591053623495,0.010919257903162949,1.0162917970427634,0.002980922098569261,-0.00204323754284208,-0.027115594679689048,0.9803077341430806
2023-01-24,6860.85400390625,15007.0,-0.0020476057324153585,0.025836632622822542,0.003663926495751424,1.0140231147286305,-0.008850141998546945,-0.0071320696324451704,-0.035905432811430105,0.9733930384276257
2023-01-25,6829.93017578125,14955.5,-0.0045072855518268895,0.00924888264464152,-0.01344739542848361,1.0101475812233156,-0.003431731858466014,-0.008387481766343963,-0.04174408919074779,0.9721065777328709
2023-01-26,6864.81787109375,14938.7001953125,0.005108060319007457,0.014637136961951791,0.0020871191561715463,1.0152001361403882,-0.0011233194936645097,-0.014727595613210687,-0.04346405024411715,0.9731614803514389
2023-01-27,6898.98095703125,14942.5,0.0049765465856499436,0.011594546354057433,0.005671045347152015,1.019958921950374,0.00025435979287480315,-0.010168256491785876,-0.05361327506491864,0.9761003222442259
2023-01-30,6872.48095703125,14970.400390625,-0.0038411469991074254,-0.00035639561447309287,0.0031912176049324614,1.0158769393120386,0.001867183578718512,-0.01126739379004027,-0.04158768305857874,0.9800021655736912
2023-01-31,6839.341796875,14995.0,-0.0048220082912482365,-0.0031354998982636717,-0.0016993310794847227,1.0110653699821817,0.0016432165294928414,-0.000799626840807588,-0.03312956586957849,0.9832661143543138
2023-02-01,6862.2578125,14990.7001953125,0.0033506171069663804,0.004733230924290011,-0.003846847388351282,1.014651808652126,-0.00028674922890958854,0.0023536622187489975,-0.035967833098874635,0.9847900187069325
2023-02-02,6890.57177734375,14855.0,0.004126042130357499,0.003751578954256596,0.01135040329987147,1.0182561453147598,-0.009052291990665817,-0.005602910174123732,-0.0460319175482673,0.9781784849322257
2023-02-03,6911.73193359375,14881.0,0.0030708853972865047,0.001848240579575,0.03875823306352233,1.0194405528158494,0.0017502524402557285,-0.004115777145725308,-0.04363753213367605,0.9820860509355103
2023-02-06,6873.791015625,15078.7998046875,-0.005489350329740406,0.00019062382303292047,0.02830896331074384,1.0124315996282327,0.013292104340266064,0.007240916156817212,-0.03464789982794492,0.9969203931062127
2023-02-07,6935.30078125,15200.0,0.00894844860502464,0.014030441411605699,0.03693568354146404,1.019636290209295,0.008037787946148178,0.013671223741247074,-0.0257846477585717,1.0062716516851915
2023-02-08,6940.1240234375,15147.0,0.0006954625818882398,0.011347024997466981,0.04796150197620297,1.0179685740822122,-0.003486842105263177,0.010426451243176427,-0.027792041078305574,1.0042022393685697
2023-02-09,6897.365234375,15117.0,-0.006161098694792644,0.000985906141140136,0.04752286992323307,1.0093803649085697,-0.0019805902158843702,0.017637159205654562,-0.026524762234528154,1.0035836094221982
2023-02-10,6880.3291015625,15140.0,-0.002469947905266112,-0.004543410006777049,0.03776734676893434,1.0050458265998352,0.0015214658993185637,0.017404744304818198,-0.017776047748799817,1.006025520113272
2023-02-13,6900.14013671875,15182.2001953125,0.0028793731904119824,0.003833273521679059,0.03889139823743748,1.0060416947517117,0.002787331262384507,0.0068573355946310866,0.000672303935703944,1.0087954592017283
2023-02-14,6941.85498046875,15211.0,0.006045506746742202,0.000945049021733757,0.03794791920445295,1.0102545650645274,0.0018969453911161782,0.0007236842105262653,0.006364635758038029,1.0103861640352603
2023-02-15,6914.5380859375,15179.0,-0.003935100143709014,-0.003686668626323386,0.021751270896118058,1.0052024450634311,-0.0021037407139570252,0.0021126295636100245,0.006431507757591826,1.0079358570992447
2023-02-16,6895.6640625,15210.0,-0.0027296145025053065,-0.00024664082837333456,0.019196280689042444,1.0015131498171925,0.0020422952763685664,0.00615201428854939,0.003165809259991992,1.009833424660078
2023-02-17,6895.7138671875,15142.0,7.2226093164040606e-06,0.0022360508338918894,0.011115494405810278,1.0009693491037974,-0.004470742932281446,0.00013210039630129344,0.0030471648118706174,1.005165226987693
2023-02-20,6894.716796875,15159.0,-0.00014459276177980485,-0.0007859753188039775,0.0028779407521055678,1.0006809159817924,0.001122705058776985,-0.001528118126097655,0.0011888250445808435,1.0062336143158785
2023-02-21,6873.40478515625,15162.5,-0.0030910641215038392,-0.009860504937813874,0.0018293322147437951,0.9974968957307107,0.00023088594234454973,-0.003188482019591099,0.010361831145465406,1.005946776588605
2023-02-22,6809.9677734375,15233.0,-0.009229343200584994,-0.015123253527617564,-0.002922782785472089,0.9884338304781694,0.0046496290189612655,0.003557546610448714,0.018555046638360384,1.0096946033774563
2023-02-23,6839.4541015625,15192.0,0.004329877777103697,-0.008151493522310815,-0.003694747625869521,0.9928963919971862,-0.002691524978664761,-0.0011834319526626835,0.01695594672734524,1.006132358892517
2023-02-24,6856.576171875,15210.0,0.002503426451621049,-0.005675655351468745,-0.006146528801914131,0.9956885071284427,0.0011848341232227888,0.0044908202351077176,0.017901957503764443,1.006432964055234
2023-02-27,6854.77685546875,15257.7001953125,-0.0002624219962188423,-0.005792832770789458,-0.002576085939443251,0.9955551916479749,0.003136107515614661,0.006510996458374496,0.019191190428508254,1.0086305231828403
2023-02-28,6843.23876953125,15209.0,-0.0016832183134152245,-0.004388802430222993,0.0005697876743095964,0.9938513300291052,-0.003191843769971392,0.003066776586974518,0.014271423807936001,1.004700469609574
2023-03-01,6844.93603515625,15240.0,0.0002480208103445847,0.005134864493066216,-0.0025242096430998506,0.9942228822464853,0.002038266815701295,0.00045952865489407024,0.016630297547105544,1.0059200102292667
2023-03-02,6857.4150390625,15243.0,0.0018231001490967014,0.0026260776420587995,-0.004811899411638065,0.9962753530613715,0.00019685039370087587,0.0033570300157976796,0.026119151800740426,1.0048313375922937
2023-03-03,6813.63623046875,15322.0,-0.006384156179022105,-0.006262592339072337,-0.014192637108539463,0.9906208808695597,0.005182706816243554,0.007363576594345833,0.029635105167663545,1.0085730679098837
2023-03-06,6807.0009765625,15255.099609375,-0.0009738198051399971,-0.0069697205195139444,-0.00971662346304647,0.9901369293628998,-0.004366296216225085,-0.0001704441628954667,0.011691899021876617,1.0035870096608186
2023-03-07,6766.7578125,15352.0,-0.005912025604383309,-0.011176134518610215,-0.024302185884376604,0.9854912309501443,0.006351999862750812,0.00940232756920234,0.010000000000000009,1.0094570847586908
2023-03-08,6776.3701171875,15437.0,0.0014205185044073865,-0.010017028298962782,-0.023595242058641386,0.9880693454789915,0.005536737884314746,0.012926509186351742,0.01914570542021532,1.0140793257426832
2023-03-09,6799.794921875,15450.0,0.0034568366665932437,-0.008402600230447366,-0.014146026661562061,0.9921907260349678,0.0008421325387057976,0.013580003936233043,0.02202818019448305,1.0138244312002007
2023-03-10,6765.3017578125,15489.0,-0.005072677111413348,-0.007093785318346035,-0.016718290949756742,0.9879867908497142,0.0025242718446600865,0.01089936039681505,0.023051519154557498,1.0152211066886678
2023-03-13,6786.955078125,15472.599609375,0.0032006436797138438,-0.0029448943090387703,-0.016403298534683586,0.9919688093936986,-0.0010588411533991593,0.014257527356054567,0.019127623817802197,1.0131818970858766
2023-03-14,6641.81396484375,15409.0,-0.02138530631343849,-0.018464359316280765,-0.043222022999497955,0.9728884778884799,-0.004110466953236802,0.003712871287128605,0.013016895667608885,1.008363549417562
2023-03-15,6628.13720703125,15372.0,-0.0020591901376481037,-0.021874972528474146,-0.04142010288275366,0.9729259156703839,-0.0024011941073398546,-0.004210662693528544,0.012714935107714709,1.0053074260743842
2023-03-16,6565.72802734375,15479.0,-0.00941579477583765,-0.034422640273790384,-0.04784688351488986,0.966104486127148,0.006960707780379938,0.0018770226537216939,0.017685733070348375,1.011415424861538
2023-03-17,6678.23681640625,15422.0,0.017135767517927114,-0.012869335991658959,-0.031538003891966926,0.9842342196715375,-0.0036824084243167743,-0.004325650461617925,0.018491612732796092,1.0067700112509397
2023-03-20,6612.490234375,15368.5,-0.00984490125742954,-0.025705908134314392,-0.040933742576332977,0.9765755330755181,-0.0034690701595123663,-0.006727997363282445,0.01382017283461967,1.0025918602322827
2023-03-21,6691.61083984375,15340.0,0.011965326626486528,0.007497481149514762,-0.026448892651441236,0.9895890279161758,-0.0018544425285486055,-0.004477902524498645,0.011706512778235867,1.0001535456911002
2023-03-24,6762.25390625,15047.0,0.010556959766043317,0.020234448236297276,-0.0070064747403959515,1.000389025039165,-0.019100391134289407,-0.021142336716107213,-0.012210332830040027,0.9816454437030967
2023-03-27,6708.93310546875,15107.5,-0.00788506340052808,0.021810997581472424,-0.019083540024624424,0.9934600258094789,0.004020735030238587,-0.024000258414626274,-0.005562137967351277,0.985864116757291
2023-03-28,6760.328125,15061.0,0.0076606844521009965,0.012292362617641661,-0.0140373335703321,1.0017845026659078,-0.003077941419824537,-0.02340811827259759,-0.009796186719263633,0.9833077313024203
2023-03-29,6839.43603515625,15031.5,0.011701785578085433,0.034320776702470246,-0.002237975157464267,1.0136223830658122,-0.001958701281455366,-0.02192796954810161,-0.01482531393440234,0.9821069245260191
2023-03-30,6808.951171875,15020.0,-0.004457218859062473,0.017535438751544286,-0.0050104342126584545,1.0093609002415698,-0.0007650600405814112,-0.020860495436766602,-0.012426852521533305,0.9819618472099982
2023-04-03,6827.1748046875,14915.0,0.0026764228957574243,0.00960048222642107,-0.0025947986040375515,1.0121956288751788,-0.006990679094540653,-0.008772512793247866,-0.021325459317585338,0.9761342882060363
2023-04-04,6833.17822265625,14958.0,0.0008793414758661022,0.01851935549725825,-0.003534395434458548,1.0132677455411023,0.0028830036875628906,-0.0098957471454576,-0.01869710686872661,0.9798623186849139
2023-04-05,6819.6748046875,14956.0,-0.0019761548036282273,0.00877866851877096,0.0008862484016607386,1.0112200973359946,-0.00013370771493514955,-0.006971648628909088,-0.02388722098942697,0.9809072039433497
2023-04-06,6792.76513671875,14932.0,-0.003945887265805359,-0.006823793394309274,-0.0020913526959620565,1.0073362555142715,-0.0016047071409467373,-0.006619432525030722,-0.021179777100664765,0.9803718820748856
2023-04-10,6771.23486328125,14955.0,-0.0031695889676969236,-0.005539224418224742,0.0006616242084178658,1.0041100808764156,0.0015403160996516618,-0.004327563249001298,-0.0258598228243877,0.9831632888736491
2023-04-11,6811.31396484375,14913.0,0.005919023984803484,-0.002323192286340814,0.0051567206412794775,1.009791803445936,-0.0028084252758274753,-0.00013409319477031278,-0.0339444192524454,0.9820937318462986
2023-04-12,6798.9638671875,14823.5,-0.0018131740395457285,-0.00500709250569642,-0.00012221761053798907,1.0079670845234432,-0.006001475222959796,-0.008991843829389001,-0.04055016181229776,0.978217689754224
2023-04-13,6785.59814453125,14720.0,-0.00196584699041491,-0.004996815996684667,0.0030000711639079913,1.005834247646075,-0.006982156710628407,-0.01577962021931001,-0.04964813738782359,0.9738586448823581
2023-04-17,6787.58203125,14860.0,0.0002923672573138525,-0.0007630332220279756,9.23762007827289e-05,1.006123645505367,0.009510869565217295,-0.004821859094562009,-0.039592545844967075,0.9851171732573171
2023-04-18,6821.80712890625,14890.0,0.005042310722533916,0.007468691700422525,0.027100000845436956,1.0098496740767957,0.0020188425302827273,-0.004346372450685365,-0.03368161464079433,0.9888070232525709
2023-04-26,6910.14697265625,14841.5,0.012949624942586668,0.014510123644662531,0.042547363884658074,1.0207961086438393,-0.003257219610476869,-0.004794474619459477,-0.03451079885506114,0.987325393617959
2023-04-27,6945.47705078125,14684.0,0.005112782443673414,0.021549339937050993,0.057838067896810674,1.0231453898958687,-0.010612134892025726,-0.00941073295780348,-0.05135990697073456,0.9794377437713756
2023-05-02,6863.3017578125,14752.5,-0.011831482901452639,0.011451254793783283,0.027711647025095765,1.0096637845805714,0.004664941432852121,0.0022078804347827052,-0.04341200881857088,0.9862087868010804
2023-05-03,6812.72216796875,14680.5,-0.00736957103571545,0.0037038427827471576,0.030280866435589582,1.0007490813036424,-0.004880528723945066,-0.0120794078061911,-0.044766893320753454,0.983657634477768
2023-05-04,6844.02685546875,14700.0,0.004595033633865819,0.00325716135660703,0.02277717866040141,1.0042233780179137,0.001328292633084649,-0.012760241773002057,-0.041720990873533204,0.9870806585909592
2023-05-08,6769.630859375,14750.0,-0.010870208090183575,-0.020334750308101723,0.0010909015288795842,0.9932535050769273,0.00340136054421758,-0.0061651450325102,-0.01973815378480759,0.9914266797960686
2023-05-09,6779.97998046875,14767.0,0.0015287570783002469,-0.023828035007888215,0.010589891698590037,0.994253736559173,0.0011525423728813156,0.005652410787251538,-0.0225384742677478,0.9937064807602692
2023-05-10,6811.90478515625,14691.0,0.004708687161240288,-0.007488665728232702,0.007629313134301485,0.998557737464986,-0.005146610685988984,-0.004168784951703142,-0.024566761835203454,0.9898245017105146
2023-05-11,6755.93798828125,14770.5,-0.008216027475451027,-0.008335020611068056,-0.012208323383068542,0.9909600265120978,0.005411476414131089,0.006130581383467781,-0.017363536573196336,0.9960567065491714
2023-05-15,6711.740234375,14795.0,-0.006542060330173904,-0.01932877001907818,-0.01427693267966712,0.9851794843579946,0.0016587116211366215,0.006462585034013646,-0.014980026631158494,0.9984663637636682
2023-05-16,6676.56396484375,14885.0,-0.0052410058051844954,-0.013747705962780077,-0.02206049268583854,0.9811006291194472,0.006083136194660277,0.009152542372881323,-0.002011397921555469,1.0046418706519373
2023-05-17,6663.11376953125,14876.5,-0.002014538523606446,-0.017236955164197987,-0.024888045881948484,0.9803491324348729,-0.0005710446758481202,0.007415182501523621,-0.005448589383607483,1.0043444064501101
2023-05-22,6729.64697265625,14886.0,0.009985301981370931,-0.012075596341165395,-0.013201191348503838,0.9907944110315425,0.0006385910664470362,0.013273432713906574,-0.004680395827761474,1.005223298545107
2023-05-23,6736.68408203125,14895.0,0.0010456877461169078,-0.0028499234722695332,-0.008255997897579359,0.99224010492996,0.0006045949214026347,0.008428963135980405,-0.002477899812483253,1.0059567225869195
2023-05-24,6745.80419921875,14945.900390625,0.0013537991505088165,0.005075280576159358,-0.0037556907382439997,0.9937695148526707,0.00341728033736155,0.010199418088881362,-0.0006084660230691874,1.0094253761417595
2023-05-25,6704.23095703125,14970.0,-0.006162829658221458,0.004143896820757442,-0.01572134368863387,0.9884247082244393,0.0016124561749466526,0.0057104467584816465,0.003822168577750862,1.0108584551865696
2023-05-29,6681.10205078125,14960.0,-0.003449896997617996,0.002699680940802196,-0.01733526147639397,0.9858713051793614,-0.0006680026720107257,0.005612879373508628,0.009208351603872122,1.0097178581210708
2023-05-30,6636.4228515625,14979.0,-0.006687399605507571,-0.013852750593387197,-0.021984103654734688,0.9803573947930957,0.001270053475935784,0.006247480854494114,0.017595108695652284,1.0101173567868265
2023-05-31,6633.26123046875,14984.0,-0.00047640440708285325,-0.015352189638572988,-0.022735754804989128,0.981008543454677,0.0003338006542492611,0.005975159449479683,0.008344549125168133,1.0100322396219799
2023-06-05,6633.43701171875,14849.5,2.6499973978522107e-05,-0.01665734494828852,-0.02761293505196205,0.9824029536883931,-0.008976241324079037,-0.006449955379434269,-0.0027199462726662516,1.0011025969507623
2023-06-06,6618.9228515625,14872.0,-0.0021880301464548557,-0.012724517698675109,-0.042144417802709055,0.982371906230647,0.0015152025320717133,-0.006546426185704779,0.0020550483441701406,1.0025164011346126
2023-06-07,6619.7548828125,14889.0,0.00012570493245789294,-0.009182192923033794,-0.04689701882063113,0.9848760010445284,0.0011430876815492486,-0.004745989304812848,0.013960773631163104,1.0029693646318576
2023-06-08,6666.330078125,14836.0,0.007035788505315832,0.004506528175108437,-0.028699259720481818,0.9932607613493878,-0.0035596749277990725,-0.009546698711529467,0.005660057617352887,0.999118126760316
2023-06-12,6722.373046875,14871.5,0.00840686976090499,0.013434088197360694,-0.01326182381523533,1.0022855993720368,0.0023928282555945035,-0.007508008542445266,0.013010456047137353,1.000865151597057
2023-06-13,6719.01416015625,14869.0,-0.0004996578879702396,0.0129008760143976,-0.018265956278737838,1.0027192845465285,-0.000168106781427535,0.0013131755277955293,0.011496598639455735,1.00012813400777
2023-06-14,6699.716796875,14909.0,-0.002872052777576073,0.012206509597468385,-0.010327603373406768,1.0003612953276841,0.0026901607371041525,0.002487896718665894,0.01077966101694905,1.0022826808540186
2023-06-15,6713.794921875,14897.0,0.0021013015067392615,0.01420596996826351,-0.00976183687627552,1.0029589357713575,-0.0008048829566034144,0.0005373094230640696,0.008803413015507466,1.0010385333275857
2023-06-19,6686.05908203125,15008.0,-0.0041311717391576686,0.0029595000060060883,-0.01847437788608397,0.9997553006718809,0.0074511646640262885,0.011593421407387394,0.021577836770812153,1.0074244510750867
2023-06-20,6660.455078125,15016.0,-0.003829461210574814,-0.009210730841363146,-0.01413318333026048,0.9966382467149192,0.0005330490405117683,0.009716571966513099,0.016620967468941483,1.0071316119222935
2023-06-21,6702.625,14943.0,0.006331387477336081,-0.002439220957955124,-0.0013581029742949502,1.0030167533427883,-0.004861481086840702,0.004976797363642538,0.010003379520108213,1.0017382757092914
2023-06-22,6652.26123046875,14935.0,-0.007514036594804319,-0.007083219760630088,-0.0036400062222078367,0.9956610993448788,-0.0005353677307100568,0.001743913072640657,0.003359086328518668,1.0010342108015546
2023-06-26,6664.66796875,15039.0,0.0018650407510192313,-0.007317315124555468,0.0002332541920351261,0.9975064458216923,0.006963508536993679,0.009532120561186908,0.010923268241857853,1.0074562737464237
2023-06-27,6661.87890625,14982.5,-0.00041848483871631537,-0.0036165064479065645,-0.01007007747681321,0.9975949299453952,-0.0037568987299687606,-0.0016990938166311365,0.006482601101706287,1.0033470559827395
2023-07-03,6696.7158203125,15056.0,0.005229292599392199,0.00544418388265866,-0.005932928015038974,1.003111832893418,0.004905723343901158,0.002663825253063301,0.010808996307485774,1.0077259422042033
2023-07-04,6681.75390625,15010.0,-0.0022342166614144343,-0.0031138686335577814,-0.009494834281755127,1.001351021641171,-0.0030552603613177576,0.004483704744696615,0.0042887753631228875,1.0044316111558158
2023-07-05,6718.97705078125,15077.0,0.005570864334951242,0.010029043959808304,0.00219952054821948,1.0068181639004705,0.004463690872751558,0.009507867425510463,0.007147628590514321,1.0085540123585828
2023-07-06,6757.3310546875,15189.2998046875,0.005708310002605188,0.013903631264451377,0.011409645194288887,1.011987413518911,0.007448418431219794,0.009994002572478289,0.01532752705130358,1.0152874862958223
2023-07-10,6731.0380859375,15216.0,-0.003891028652763806,0.010381332453013536,0.014256962898728354,1.007336058469129,0.001757829238729025,0.015584848990488842,0.01582215101141604,1.0162672223047469
2023-07-11,6796.923828125,15156.7998046875,0.009788347851596324,0.01496375395063776,0.024673021605796874,1.0159520291625768,-0.003890654266068605,0.0066949923410932755,0.011532288086458786,1.0117294497090892
2023-07-12,6808.208984375,14928.0,0.001660332899907413,0.018925431840091544,0.026347121763196757,1.0163113635032082,-0.015095521985897031,-0.005463024650233184,0.005286373278561518,0.9961958650969386
2023-07-13,6810.212890625,14954.0,0.000294336771182957,0.013578828913121788,0.02890047872628454,1.0151610913953637,0.001741693461950744,-0.008158121642236504,0.005513717052178624,0.9976579668689697
2023-07-17,6867.14404296875,14982.5,0.008359672929185713,0.016250940999120278,0.03737134750994642,1.0217635301874386,0.0019058445900761445,-0.01361483461032753,0.0062798038820606195,0.9992476893429514
2023-07-18,6830.203125,14986.0,-0.00537937135694333,0.014732503039861733,0.02458219814418361,1.0150296266509191,0.00023360587351906048,-0.015115667718191395,0.010110541925047123,0.9989814215527846
2023-07-20,6864.18896484375,15051.5,0.004975816856654713,0.009896408790166733,0.0210961095107145,1.0190064439647717,0.004370746029627615,-0.006947363958382136,0.012103688262784518,1.0027461192985665
2023-07-24,6899.39599609375,15021.5,0.00512908829146741,0.0133936857590633,0.02684647355071279,1.0228634985883072,-0.001993156828223097,0.006263397642015001,0.010256237810209123,1.0002393822264775
2023-07-25,6917.7109375,15032.0,0.0026545717069463848,0.01578482913845214,0.0325378142441306,1.0239241775258132,0.0006989981027194503,0.005215995720208699,0.008250050305184775,1.0005288199185625
2023-07-26,6948.27880859375,15007.0,0.004418784099238016,0.011814921183730398,0.034925685018282415,1.0266670453458442,-0.0016631186801490117,0.0016352411146336454,0.007384037054440462,0.9984992915293859
2023-07-27,6896.6630859375,15095.0,-0.0074285623933816325,0.009730305193156319,0.031498974406649616,1.0174572966070639,0.00586393016592246,0.007273455224876546,0.005796908315565119,1.0040638157292214
2023-07-31,6931.35888671875,15104.0,0.005030809878475262,0.009785558384103776,0.040673468316524186,1.0205365850223505,0.000596223915203753,0.0034880244493904478,0.00586041555673944,1.0043685122503216
2023-08-01,6886.49609375,15131.0,-0.006472438334525155,-0.001869714733152561,0.027432698942578382,1.0125606124153674,0.0017876059322032845,0.007289551642645442,0.01258114167168567,1.0055353969020102
2023-08-02,6854.509765625,15220.0,-0.0046447899903740986,-0.009136139460872106,0.030402975491989004,1.0063611352154624,0.005881964179498933,0.012506652474720603,0.019082691663876883,1.0104929950817267
2023-08-03,6898.0771484375,15161.0,0.006356017323221108,-0.007225049762562774,0.035021876675917385,1.0110252668827837,-0.0038764783180026408,0.010261877790364471,0.008112241505419338,1.0061683488447397
2023-08-07,6886.3662109375,15232.0,-0.0016977104268328658,-0.0014930227664732287,0.03369729589003656,1.0076511386897888,0.004683068399182089,0.009075852931434314,0.01665276155514772,1.0100440780083608
2023-08-08,6868.81298828125,15207.2001953125,-0.002548981874993861,-0.009023612751800303,0.025698741381072754,1.0038187355841128,-0.0016281384379923658,0.006832640049821315,0.010042520942647348,1.0078943196358994
2023-08-09,6875.11181640625,15207.0,0.0009170184332789599,-0.0016531305890207237,0.028938196896983293,1.0033216818322306,-1.3164508254615015e-05,0.005022800872381161,0.013124583610925944,1.0072235026656726
2023-08-10,6893.27587890625,15259.0,0.0026420024844766576,0.005655563214113535,0.02594127451361561,1.0046946716291871,0.0034194778720326724,0.0025624178712220225,0.012071366982821408,1.0100588871058696
2023-08-14,6910.171875,15347.0,0.002451083692363465,0.001753347534716898,0.022618518920495267,1.0060367113425244,0.005767088275771659,0.01226832003166023,0.010382321590876264,1.0153540292128476
2023-08-15,6915.10107421875,15311.5,0.0007133251253248485,0.004172717860344344,0.02734540882568992,1.0054072313752935,-0.0023131556656024177,0.00521927521008414,0.006276288117770701,1.0126854368803613
2023-08-16,6900.5380859375,15362.0,-0.0021059689692092265,0.004618716175615045,0.015244287038167936,1.0025347263439643,0.0032981745746660796,0.010179375736449892,0.01353849083953973,1.015336457603629
2023-08-21,6866.033203125,15318.900390625,-0.005000317711863267,-0.0013205040912331878,0.0084933084285026,0.99710290569385,-0.0028055988396693543,0.007358479031038367,0.026185717485597504,1.011181577285894
2023-08-22,6916.4501953125,15317.0,0.007342957817995099,0.0033618727602595655,0.015599703914358942,1.0036503717065555,-0.00012405528964487544,0.003801035454485957,0.024274441620971032,1.0098462794950611
2023-08-23,6921.41015625,15294.099609375,0.0007171252300581799,0.001626338889001877,0.007902282658074355,1.0039748202409533,-0.0014950963390351069,-0.003446953191177382,0.02079757112464531,1.0073017772258723
2023-08-24,6899.39208984375,15239.0,-0.00318115324900492,-0.002271692663114777,0.010129854643781133,1.0002790773355348,-0.0036026710157703867,-0.004735003102243396,0.016882423595355744,1.0028372806326626
2023-08-28,6921.72705078125,15255.5,0.0032372360704615577,0.0030706250121175227,0.008382357512619842,1.0030988285786375,0.0010827482118249687,-0.006932691055852147,0.013553466431917016,1.0032496852544648
2023-08-29,6957.8349609375,15196.5,0.0052166041641550365,0.013370421478695604,0.008470156645137727,1.007904801175123,-0.0038674576382288217,-0.007990155135410903,0.011649968378657283,0.9987949254951594
2023-08-30,6966.65576171875,15216.0,0.0012677507918441577,0.00725886328803127,0.007075291908111847,1.0088249399614857,0.0012831902082717228,-0.0065939805444930055,0.012240553485896699,0.999472215496058
2023-08-31,6953.259765625,15231.0,-0.0019228732625716782,0.004601606992794771,0.0007168619982678148,1.0068487864327607,0.0009858044164037238,-0.004125748555758091,0.014926367695075715,0.9997220253075906
2023-09-04,6996.75,15227.0,0.006254654053053477,0.014111085279464808,0.014512368201163861,1.0124126412337016,-0.00026262228350071304,-0.000787453244963543,0.00874461742298771,0.999026691355987
2023-09-05,6991.7080078125,15298.0,-0.0007206191714009824,0.010110331788271143,0.008706679610744894,1.0112415504824104,0.00466277007946414,0.0027858805021139244,0.012844279661016866,1.003046577948031
2023-09-06,6995.953125,15336.0,0.0006071645415908211,0.005478451885752023,0.015894444687094333,1.0110552269428685,0.0024839848346189797,0.009179745336097112,0.013548344458396588,1.0048627988264078
2023-09-07,6954.80810546875,15342.0,-0.005881260036494362,-0.0017006231763455615,0.014632459982293788,1.0043810172120526,0.00039123630672932563,0.008280757097791858,0.008015768725361472,1.004854306289769
2023-09-11,6963.39306640625,15339.099609375,0.0012343922085713555,0.0014573453492052746,0.009468713753592262,1.0051467588990257,-0.00018904905651151438,0.0070973415649004945,0.011747220458742769,1.0040787115081413
2023-09-12,6933.96923828125,15350.2001953125,-0.004225501539895871,-0.008972846209847396,0.006912648250995357,1.0005557504380735,0.000723679108955988,0.008090904006862853,0.007759991814108469,1.0044167715987684
2023-09-13,6935.47607421875,15353.0,0.00021731217513654144,-0.008042660467358909,0.00970518283890276,1.0002920764368415,0.00018239532070429831,0.003595241208001143,0.009587550819015522,1.0041209974503496
2023-09-14,6959.3330078125,15395.0,0.0034398408037816797,-0.005234471491330939,0.012250155874595547,1.0031236707073392,0.0027356217025988894,0.00384715701617111,0.012362727691194841,1.0062492694039862
2023-09-18,6936.0830078125,15377.0,-0.0033408374012136033,-0.002692396019025489,0.00620998341836887,0.9994640503352655,-0.0011692107827216969,0.0022813192543345018,0.007733141097057583,1.004685308792671
2023-09-19,6980.32080078125,15384.5,0.006377921503955886,0.0024309606270347395,0.01015154572855681,1.0053304494215256,0.0004877414320088036,0.002959781980765852,0.002443474294650416,1.0050522098517238
2023-09-20,7011.68115234375,15361.0,0.004492680559751605,0.011207421231906434,0.013966546126863655,1.00914522737789,-0.001527511456335895,0.0007035611620751503,0.003232864187048934,1.003354749673956
2023-09-21,6991.4658203125,15400.5,-0.0028830934539133546,0.008072949209915192,0.013176904937355571,1.0055777860697348,0.0025714471714080034,0.0030938578779391435,0.002506184090613095,1.0058083553067467
2023-09-25,6998.380859375,15405.0,0.00098906856447889,0.0056108612015928205,0.01927570874398965,1.0056152533159313,0.00029219830524973567,0.0006495615459565229,0.0056204823570555895,1.0058194558629296
2023-09-26,6923.7998046875,15493.0,-0.010656901387067541,-0.001770913512881056,0.0010626273836225053,0.9948459786731582,0.005712431028886744,0.00754373414840348,0.011490500750799715,1.0109842515120182
2023-09-27,6937.828125,15569.0,0.0020261013761551094,-0.006087496118587277,0.0023720554597064236,0.9967440707502453,0.0049054411669786635,0.011992589944424648,0.01797427750872571,1.015033170631544
2023-10-02,6961.458984375,15516.0,0.0034060889012006434,-0.0071626428637535655,0.008995994679388497,0.9996933549745309,-0.0034042006551480153,0.010090488900462269,0.018177045737909348,1.0106652021620117
2023-10-03,6940.88720703125,15622.0,-0.002955095676053454,-0.007234336057869606,0.002768117856920993,0.9966020591775742,0.006831657643722622,0.014382649913963874,0.02402412244764185,1.0163565621049913
2023-10-04,6886.576171875,15591.0,-0.007824797253762061,-0.015975793508040792,-0.010241517578752468,0.989309963268161,-0.001984381001152169,0.012074001947419699,0.025959924982726257,1.0130396947621256
2023-10-05,6874.826171875,15631.0,-0.0017062179676436973,-0.007073230623933391,-0.013181301471553497,0.9882738518107448,0.002565582707972469,0.008907248434776971,0.027273922187171395,1.0142712401709415
2023-10-09,6891.455078125,15691.400390625,0.0024188111574412474,-0.006684087013902551,-0.008888591766058496,0.9911045771223644,0.0038641411697908357,0.007861801697283122,0.030227850477644314,1.016671890863408
2023-10-10,6922.18798828125,15718.5,0.004459567654123253,-0.0056412019638258926,-0.010656663696537727,0.9960585239425805,0.0017270357457190855,0.013051044083526753,0.03227819005713539,1.0168087007586832
2023-10-11,6931.7529296875,15693.0,0.0013817800704694072,-0.0013160100533684549,-0.008575169051397213,0.9978652945289892,-0.0016222922034545562,0.00454487261554215,0.025820368675643968,1.0138638264588538
2023-10-12,6935.15087890625,15739.0,0.0004902005673337317,0.007053535141255063,-0.008691059675124735,0.9987915612722534,0.0029312432294654744,0.009492656019498336,0.0262780386019823,1.0155136986973547
2023-10-16,6896.2919921875,15675.0,-0.00560317827214718,0.0031223800829054404,-0.008413763887351156,0.9936138339442615,-0.004066332041425813,0.0028149190710766714,0.02170512319123974,1.0102989253857215
2023-10-17,6939.615234375,15728.2001953125,0.006282106708442647,0.006988387169913013,-0.0034146904827133673,1.0000271215486662,0.003393951854066879,0.0023452211894030572,0.02536658577402351,1.0124582767483785
2023-10-18,6927.90576171875,15807.0,-0.0016873374475068204,0.0008260066682932443,-0.0008744596859507903,0.99838335630568,0.005010096750357018,0.005630308235518688,0.029758556818496373,1.0160369525983306
2023-10-19,6846.4267578125,15856.0,-0.011760986178027344,-0.012309465259438546,-0.012839683311326344,0.9872748650966713,0.0030998924527108063,0.010386796660931674,0.0327623265811241,1.017541617278263
2023-10-23,6741.9638671875,15874.0,-0.015258016235373706,-0.02785620891195628,-0.03123419160729668,0.9737371117655125,0.001135216952573126,0.008577419149882415,0.031113998051315317,1.017133448959666
2023-10-24,6806.76220703125,15868.0,0.009611196547510081,-0.012982307776073565,-0.01864464433825097,0.9840148478552984,-0.0003779765654529088,0.01231259968102072,0.03193080574884566,1.0151521093776636
2023-10-25,6834.38818359375,15877.5,0.0040586075614574835,-0.015163239924313565,-0.0209062908929869,0.989051861876045,0.0005986891857827636,0.009492491374314849,0.03204524033930256,1.0141605602706643
2023-10-26,6714.51904296875,15920.0,-0.017539117972952045,-0.030801042348050145,-0.04238100719620852,0.9737986457305459,0.0026767438198709304,0.007148731574618816,0.03639085997005398,1.0150630362602466
2023-10-30,6735.89208984375,15903.5,0.003183109130858952,-0.016144869707781284,-0.03655509975121729,0.9787121784330216,-0.0010364321608040683,0.0029957114026235576,0.03266127723125867,1.0123875579068184
2023-10-31,6752.2109375,15843.0,0.0024226705889269784,0.0015198939825784574,-0.03517526794004533,0.9828409892867813,-0.00380419404533594,-0.001952878921506862,0.028432327166504345,1.0071321823958899
2023-11-01,6642.41796875,15748.7001953125,-0.01626029899928616,-0.024144260263930684,-0.04063979951398955,0.9688437713145962,-0.005952143198100113,-0.0075182634665679204,0.016504240322242403,1.000324586465814
2023-11-02,6751.38623046875,15900.0,0.01640490890988855,-0.012144752521410784,-0.026873236288373792,0.9860783295560146,0.009607129655851532,0.0014170996693434468,0.021260196544415244,1.0088742841491793
2023-11-03,6788.85009765625,15838.0,0.005549062949239625,0.011070197911693613,-0.024794929785002084,0.9928015919483214,-0.003899371069182367,-0.005150753768844218,0.02075277133281772,1.0039147452615185
2023-11-06,6878.8359375,15582.099609375,0.013254945763910175,0.0212212199586419,-0.00893996223831317,1.0064177540135917,-0.016157367762659414,-0.020209412432797835,-0.002554115390154932,0.987819042374558
2023-11-07,6843.7900390625,15570.0,-0.005094742592485324,0.013562831850215673,-0.006212976048568186,1.0016038108629621,-0.000776506997023696,-0.017231584927097088,-0.0013469309216855851,0.9871177006763917
2023-11-08,6804.10595703125,15643.599609375,-0.005798553404582019,0.024341736554659654,-0.010286836797862242,0.9963115518863682,0.004727014089595416,-0.006673603829780328,0.0008060654708592629,0.991744209750964
2023-11-09,6838.23291015625,15616.0,0.005015641046820285,0.012863533017199336,-0.007722921700192065,1.00169901579236,-0.0017642748513239104,-0.017861635220125738,-0.0048052046820530325,0.9902311703630997
2023-11-10,6809.26318359375,15713.7001953125,-0.004236434608636097,0.0030068547167578785,-0.016313455352364503,0.9982810515766742,0.006256416195728809,-0.007848200826335416,-0.0003053602244170728,0.9964416326407998
2023-11-13,6838.31201171875,15683.0,0.004266075101193145,-0.005891102237274404,-0.01348012817487465,1.003226955302195,-0.0019537215888628667,0.006475404031193177,-0.0006372267890142336,0.9945263957066094
2023-11-14,6862.05517578125,15667.0,0.0034720796626144246,0.0026688628105915324,-0.010539886500137374,1.0072503085739017,-0.0010202129694574236,0.00622992935131661,-0.004574623546603984,0.9937386290253553
2023-11-15,6958.205078125,15281.0,0.014011822971505605,0.02264796022679616,0.008977735572629264,1.0208998275494754,-0.024637773664390128,-0.02317878355552505,-0.02513556618819779,0.970467766573144
2023-11-16,6958.0078125,15487.7998046875,-2.8350073443483836e-05,0.017515475696339378,0.002650374336878647,1.020733160610479,0.01353313295514047,-0.008209541195728698,-0.015284672603331106,0.9843526601810892
2023-11-17,6977.66796875,15475.0,0.002825543859649171,0.02473171922066464,0.007182864308896697,1.0232437994245058,-0.0008264443529045762,-0.015190578434461033,-0.021003352944897857,0.9845779169413924
2023-11-20,6994.88818359375,15399.400390625,0.002467904021927092,0.022896903739793917,0.021684512378933984,1.0246536697045432,-0.004885273626817455,-0.01808324997608879,-0.028796645394487896,0.9811931965114652
2023-11-21,6961.7900390625,15382.099609375,-0.0047317617755321395,0.01453425551476939,0.03260565855964814,1.01816593056843,-0.0011234710970001727,-0.01818474440703388,-0.03098780336556628,0.9816291695602268
2023-11-22,6906.953125,15501.2998046875,-0.007876841122011813,-0.007365685913185316,0.014719321010693509,1.0094064585996079,0.007749279899335049,0.014416582991132687,-0.02310941487978946,0.9903949231741478
2023-11-23,7004.34423828125,15612.7998046875,0.014100445090432068,0.006659438596491318,0.024867778961617626,1.02236985901732,0.007192945198458922,0.00807086878551777,-0.016671402633443577,0.9983629945157876
2023-11-24,7009.630859375,15495.0,0.0007547631746676053,0.004580741125566279,0.04395129636504391,1.0209426414635108,-0.007545078791834192,0.0012924071082391908,-0.026695979899497457,0.9921784735656771
2023-11-27,7013.40576171875,15560.0,0.0005385308327188199,0.0026473015206207595,0.041199245500596726,1.0194322052499514,0.004194901581155319,0.010428952121588564,-0.021599019083849424,0.9974374990154153
2023-11-28,7041.0732421875,15466.5,0.003944942216200786,0.011388335856172604,0.04278040294672003,1.0213096931773522,-0.00600899742930594,0.00548692264179329,-0.023764438553304346,0.9926417529173928
2023-11-29,7036.0869140625,15259.0,-0.0007081772839861999,0.018696201744166308,0.05926590996901426,1.0176808547557963,-0.01341609284582812,-0.015630934679053854,-0.031094642049142363,0.9808657612330537
2023-11-30,7080.7412109375,15407.0,0.00634646749257084,0.010907084240479481,0.048783311934130325,1.0217059814779446,0.009699193918343285,-0.013181479764168391,-0.03100628930817606,0.9919511446597326
2023-12-01,7059.90576171875,15549.2998046875,-0.002942552000991916,0.007172261043748129,0.039926594366265,1.0167112976773094,0.009236048853605405,0.0035043436390771454,-0.018228323987403705,1.0020441249980094
2023-12-04,7093.60009765625,15437.400390625,0.004772632535720467,0.011434435517081454,0.03122100339469691,1.0199863485478637,-0.007196427843571884,-0.00787915227345759,-0.009286246550685773,0.9952970368991853
2023-12-05,7100.85498046875,15519.900390625,0.0010227363697732361,0.008490429828660107,0.03756178081720707,1.0191459767472877,0.005344164037495602,0.003452648668089031,-0.0032177013086063244,1.0007776969841202
2023-12-06,7087.39501953125,15457.0,-0.001895540885502145,0.007292136395615545,0.04163501631059319,1.0151503992680166,-0.004052886232633002,0.012975948620486344,-0.01192817599749696,0.9973216773909576
2023-12-07,7134.623046875,15480.0,0.006663665170856259,0.0076096321461756045,0.043343088867088264,1.0197504527536132,0.0014879989648703962,0.004738106055689029,-0.00870901639344257,0.9992441112208889
2023-12-08,7159.59814453125,15500.0,0.003500549011792531,0.014120922598296781,0.05144976064100404,1.0207644860549319,0.0012919896640826156,-0.003170548211607449,-0.01359961006359589,1.0012256940351172
2023-12-11,7088.78515625,15560.2001953125,-0.009890637274850289,-0.0006787726034683805,0.03662791988754188,1.00886710845129,0.0038838835685484074,0.007954694545726504,-0.007830122086813773,1.005513138578609
2023-12-12,7125.30712890625,15647.0,0.005152077803352473,0.0034435498971259193,0.03836342704647944,1.0121687901128162,0.005578321846633427,0.008189460381574198,-0.0012765685836471086,1.011187558271573
2023-12-13,7075.3408203125,15569.0,-0.007012512961166895,-0.0017007940414681677,0.016834189402630262,1.0042354474245927,-0.004984981146545664,0.007245908002846635,0.018846934101171442,1.0052113574991346
2023-12-14,7176.01611328125,15275.0,0.014229037939730516,0.0058017173625424245,0.031331999999999915,1.0169513797452834,-0.018883679105915596,-0.013242894056847532,-0.01373983440973292,0.9869072446566948
2023-12-15,7190.98779296875,15468.0,0.002086349786727837,0.0043842751791141055,0.030571793495207666,1.0175350569015909,0.012635024549918272,-0.0020645161290322456,-0.0004523424878837279,0.9993994416001297
2023-12-18,7119.52490234375,15282.7998046875,-0.009937840625299788,0.00433639127384855,0.017818257487279165,1.006535378991113,-0.011973118393619031,-0.017827559230797485,-0.007571761430950619,0.9878056030462558
2023-12-19,7187.84619140625,15454.400390625,0.009596327002102223,0.008777033939532108,0.03247098103725521,1.0145731800062703,0.011228347431788466,-0.012309043866236324,0.004700319402816344,0.9986636813100337
2023-12-20,7219.6669921875,15455.0,0.004427028616624362,0.020398476277023514,0.045275226504088995,1.0168206044626813,3.879861785915928e-05,-0.007322242918620381,-0.002986833702390501,0.9988518510416431
2023-12-21,7209.619140625,15518.0,-0.0013917333823530997,0.004682685603444758,0.029306798089941077,1.0139397609579657,0.004076350695567887,0.0159083469721768,-0.006071928537701332,1.0032308553298896
2023-12-22,7237.51904296875,15440.0,0.003869816393842429,0.006470773048105727,0.03251072533854793,1.016235029017272,-0.005026420930532294,-0.001810188776829591,-0.0035495321071313812,0.9983656903127603
2023-12-27,7245.916015625,15400.0,0.0011602004231556773,0.01775274544508476,0.033152260371895226,1.0157559835544114,-0.002590673575129543,0.007668764677304374,-0.010282776349614386,0.9962946218756412
2023-12-28,7303.88818359375,15373.0,0.008000667940911699,0.01614419522864008,0.03732597749893585,1.0220000707826167,-0.0017532467532467289,-0.005267133539155533,-0.006045323764264698,0.994848760171324
2023-12-29,7272.796875,15425.0,-0.004256816070047242,0.0073590489519796964,0.03364227358596228,1.0159670738193676,0.0033825538281402334,-0.0019411193788417824,0.01087882561111475,0.9976780104188794
2024-01-02,7323.587890625,15383.0,0.006983697812267042,0.01580787386643001,0.034296787928413286,1.0213298879683008,-0.002722852512155538,-0.008699574687459743,-0.0015577334977607826,0.9950387104157342
2024-01-03,7279.0908203125,15498.0,-0.00607585666712096,0.0057439264887513275,0.031046456707998438,1.0135753351249561,0.007475784957420517,0.0037564766839377484,-0.0032991713666769007,1.0026437590958053
2024-01-04,7359.76318359375,15555.0,0.011082752677866292,0.01571190829748126,0.03752158033625852,1.022912989134006,0.0036778939217962936,0.01006493506493511,0.007617837615095935,1.0059487079786915
2024-01-05,7350.619140625,15511.0,-0.0012424371193265893,0.0063980931603278,0.03517381510300366,1.0198718911467344,-0.002828672452587555,0.008976777466987551,-0.0005734824580688747,1.0031320783289956
2024-01-08,7283.5751953125,15477.5,-0.009120856900606489,0.001482004859719055,0.027680152614694364,1.0091963051378645,-0.0021597575913867573,0.003403565640194506,0.0013262599469496816,1.0008992074903142
2024-01-09,7200.203125,15495.5,-0.011446586062042186,-0.016847584471942567,0.009191807008462005,0.9971913971797766,0.0011629785172024842,0.007313267893128694,0.0010012919896640327,1.0020130131670046
2024-01-10,7227.296875,15534.5,0.0037629146747162334,-0.0071154415559656625,0.009455660653309161,1.0004747243341905,0.002516859733471044,0.0023551425990451236,0.002225806451612966,1.0044228992762791
2024-01-11,7219.9638671875,15555.0,-0.0010146266217271327,-0.018995083526313516,0.018505104618926627,0.9985529764105725,0.001319643374424695,0.0,-0.0003341984837744727,1.0057652878217098
2024-01-12,7241.13818359375,15556.5,0.002932745481245558,-0.014894113670803177,0.016256289391034295,1.000679936121835,9.643201542908209e-05,0.002933402101734206,-0.005783856330286996,1.0061566575001892
2024-01-15,7224.0009765625,15503.2001953125,-0.002366645490908814,-0.008179254988448514,0.02101102406589561,0.9972872728463523,-0.0034262079958538028,0.0016604875020189702,-0.004226334683505639,1.002922766028519
2024-01-16,7242.787109375,15546.0,0.00260051637222225,0.005914275421917248,0.009304744448688007,0.9994201087531992,0.002760707734422496,0.003259010680520147,0.017741407528641506,1.00481075807916
2024-01-17,7200.634765625,15625.0,-0.0058199064964146174,-0.003689084568703316,0.001341536508472796,0.9935374488241707,0.005081693040010382,0.005825742701728309,0.01014998707008008,1.0094047438654075
2024-01-18,7252.966796875,15624.0,0.007267696939695867,0.004571065769108262,0.018743089793438417,0.9998377173548422,-6.399999999995298e-05,0.004435872709739552,0.02232576489079241,1.0082289636396162
2024-01-19,7227.40185546875,15613.099609375,-0.0035247564372230533,-0.0018969846696369475,0.005503131676606099,0.9960419702047856,-0.0006976696508576019,0.003638325418635402,0.010268869366570232,1.007009914221793
2024-01-22,7247.92822265625,15601.0,0.0028400755344699657,0.0033121875497219566,0.003914478396210175,0.998676321808166,-0.0007749652328955525,0.006308362367472453,0.00944678097703,1.0057559728129246
2024-01-23,7256.22900390625,15655.5,0.0011452626178130032,0.0018559008194305449,0.006464954995834882,0.9994991157052473,0.003493365809883908,0.007043612504824326,0.00886067792241274,1.0088223227659072
2024-01-24,7227.8232421875,15715.0,-0.0039146727182202135,0.0037758444147584225,-0.0013396580684190695,0.9956528902252644,0.0038005812653700843,0.005759999999999987,0.017810880829015607,1.0117599801369574
2024-01-25,7178.0419921875,15714.5,-0.0068874470683560896,-0.010330228551409082,-0.009367210893852063,0.9892578536187362,-3.1816735602929747e-05,0.0057923707117255585,0.02042207792207784,1.0107045481138752
2024-01-26,7137.087890625,15808.0,-0.005705469765581506,-0.012496048600841525,-0.022837191476099306,0.9847455371046397,0.00594991886474272,0.012483132465764157,0.028296363754634735,1.0152978702646767
2024-01-29,7157.1748046875,15767.599609375,0.0028144411796982016,-0.012521290937328011,-0.015897882520264917,0.9883053697291925,-0.002555692726783909,0.010678777602397327,0.022210671596434306,1.0115901248776735
2024-01-30,7192.2158203125,15828.0,0.004895928432829377,-0.0088218251600507,-0.017938211744638277,0.994045673261593,0.003830664915482007,0.011018491903803884,0.028928037443931576,1.0140177010862859
2024-01-31,7207.94091796875,15785.0,0.002186405142604153,-0.0027508038800257983,-0.009774558952500567,0.9967091278688535,-0.0027167045741723905,0.00445434298440972,0.0185185185185186,1.0103340842042974
2024-02-01,7201.69580078125,15769.0,-0.0008664218059739603,0.0032953009496872188,-0.021477237632436474,0.9969350802455091,-0.0010136205258156616,0.003468134525438371,0.013757634201221558,1.0086192220698469
2024-02-02,7238.78515625,15726.0,0.005150086381700003,0.014249126139890489,-0.015214226480178006,1.0028456470190226,-0.0027268691736952455,-0.005187246963562764,0.013861130810392641,1.005177696090575
2024-02-05,7198.615234375,15727.2001953125,-0.005549262895351625,0.0057900541510260695,-0.011664595841912595,0.9978678465561569,7.631917286654577e-05,-0.002562179092782113,0.016133109049426553,1.0044528375530877
2024-02-06,7247.408203125,15711.5,0.006778104838414345,0.007673905259714786,0.006556075891956281,1.0043029145999078,-0.0009982829186074849,-0.00736037402072276,0.013939530831531766,1.002758440593679
2024-02-07,7235.15185546875,15733.0,-0.0016911352738439023,0.003775133260618846,0.0010868490121003216,1.0025499389013248,0.0013684244025076175,-0.0032942667089008726,0.0127780102352828,1.0034949804266184
2024-02-12,7297.6689453125,15598.0,0.008640743289513031,0.013326464653066639,0.01076253005616068,1.0106686057617336,-0.008580690268861657,-0.010844061132601945,0.0027643844423015373,0.9947478880056395
2024-02-13,7209.7412109375,15579.5,-0.012048742555179737,-0.004012267899320521,-0.004335916793769545,0.9987084505667302,-0.0011860494935248544,-0.00931578278010936,0.001478481663613307,0.9934952046633408
2024-02-15,7303.28076171875,15553.099609375,0.01297405108512728,0.014539675192521528,0.010974498122780618,1.0111105441296742,-0.0016945595574312522,-0.011070030506090345,0.0032186524997328547,0.9916538929989545
2024-02-16,7335.544921875,15672.0,0.00441776253836057,0.012161136268272532,0.012806922404213106,1.0149257089039112,0.007644803518993104,-0.0025140820418164678,0.008104978772674576,0.9988336774166954
2024-02-19,7296.7021484375,15628.599609375,-0.0052951449212271795,0.008507118329828423,0.013341515844008,1.0088810471463867,-0.002769294960758062,-0.006635758636305833,0.00023037499999989386,0.9960561867747054
2024-02-20,7352.60107421875,15634.0,0.007660847961735717,0.007527352818811339,0.013737037564638843,1.0159101741662038,0.00034554539497966275,0.002307988203615885,0.000640040962621713,0.9963686186657007
2024-02-21,7349.02099609375,15661.0,-0.0004869131466350707,0.01931827801876662,0.016827504967497298,1.0145630712589977,0.0017270052449789297,0.0052312333515196485,0.0030679616362812023,0.9979370306723312
2024-02-22,7339.63623046875,15642.0,-0.0012770089553408859,0.004977964004966529,0.01265299613837656,1.0126264384769637,-0.0012132047761956866,0.005715927555135947,0.0026280366643163244,0.9965961449697552
2024-02-23,7295.09521484375,15588.0,-0.006068559016603414,-0.0055142061649199325,0.005356254731841759,1.006211477378203,-0.0034522439585730202,-0.0053598774885145195,-0.004311583788444984,0.9933692569488599
2024-02-26,7283.8232421875,15586.099609375,-0.00154514400762229,-0.001765031104189685,0.007747837505645894,1.0042688834712776,-0.00012191369162173338,-0.0027193735243243866,-0.008202379295259354,0.9936562649193781
2024-02-27,7285.31689453125,15638.5,0.00020506433147615688,-0.00915107171031293,0.014944869709665465,1.003732527849911,0.0033619951070684717,0.0002878342074965623,-0.004836297686849678,0.9972385237650004
2024-02-28,7328.63623046875,15653.0,0.0059461155313667025,-0.0027738069650141695,0.0268384448642367,1.008370266651459,0.0009271989001502501,-0.0005108230636613476,-0.009805161943319818,0.9986567016810614
2024-02-29,7316.11083984375,15712.2001953125,-0.0017091025166354745,-0.003205252942555914,0.02220653253461924,1.0055473672384547,0.003782035093113034,0.004487929632559728,-0.003513497008736932,1.0026108410686798
2024-03-01,7311.9072265625,15704.0,-0.0005745693816388009,0.0023045637135128416,0.016641798472170954,1.0041436655947142,-0.0005218998746557846,0.007441621760328365,-0.007834217841799385,1.0024841894671839
2024-03-04,7276.7490234375,15691.900390625,-0.004808349181083416,-0.0009712232868346327,0.009546152812825781,0.998843468054286,-0.0007704794558711647,0.0067881499478137375,-0.005897979687994881,1.0020095495586965
2024-03-05,7247.4599609375,15766.0,-0.004025020294868398,-0.00519633313715806,0.006354636660893975,0.9945107359189814,0.004722156496689944,0.008152955846148835,-0.00019024668653688792,1.0067508384053863
2024-03-06,7329.80078125,15751.5,0.011361334972018078,0.00015890415960462256,0.012573328678143758,1.00518200236289,-0.0009197006215907466,0.006292723439596193,0.0016215185043877423,1.0057430452878668
2024-03-07,7373.9638671875,15668.0,0.006025141372255405,0.007907620402452187,0.024358661645808022,1.0100239804382818,-0.0053010824365933296,-0.002813113043562576,-0.0037641916283449595,1.0006006304725596
2024-03-08,7381.9072265625,15621.0,0.0010772170189694563,0.009573425623578213,0.018558223804684415,1.0101814893660532,-0.0029997447025784663,-0.0052852776362710685,-0.0057601120198580436,0.9978874522239254
2024-03-13,7421.20703125,15546.0,0.005323800947550028,0.019851998103441293,0.025715448617794845,1.014268288846525,-0.004801229114653305,-0.009297815241815277,-0.011885845039089848,0.9936898857321836
2024-03-14,7433.31494140625,15574.0,0.0016315284165049349,0.02564415415476251,0.018587578733737953,1.0149822607962395,0.0018011063939276095,-0.012178104782443189,-0.001538658802410553,0.995555989263713
2024-03-15,7328.05419921875,15630.0,-0.014160672999493085,-0.00023828506167833385,0.0164101574272546,0.9998018364021666,0.0035957364838834494,-0.007713551090372306,0.003241439070573504,0.9989745030943494
2024-03-18,7302.44921875,15639.2998046875,-0.0034941035877545934,-0.009698264017230174,-0.0001138588253526418,0.9963140768811104,0.0005949971009278077,-0.0018317714649285222,0.005542316160602523,0.9992936150141613
2024-03-19,7336.74609375,15743.0,0.004696626292441497,-0.006117813652547044,0.0001637467819763927,1.0009851895667763,0.006630744125860399,0.007809999359836173,0.004530372639101499,1.0056915523406085
2024-03-20,7331.1279296875,15718.0,-0.0007657569160375299,-0.01213806611016044,0.0047179918475048765,0.9999838388401279,-0.0015880073683541829,0.011063939276984458,0.005720307184232443,1.0038078663973753
2024-03-21,7338.35302734375,15687.0,0.0009855369767852729,-0.012775176998559234,-0.001937824006929989,1.0010666369660535,-0.001972261101921391,0.00725568254783604,0.003390047332736401,1.0016585759872039
2024-03-22,7350.15185546875,15723.5,0.00160783054195357,0.0030154875563497274,0.00015387891470175497,1.0026684485476067,0.0023267673870084327,0.005982085732565645,0.003990805184854063,1.0037889065158339
2024-03-25,7377.759765625,15802.599609375,0.0037561006492279336,0.01031305314409181,0.0051941995432946975,1.0061729365569778,0.005030661708589124,0.010441631449417788,0.010267204281741549,1.0083217286343562
2024-03-26,7365.6640625,15784.0,-0.0016394818358490548,0.003941525082166164,0.009673464921014174,1.004040184011246,-0.0011769968128513275,0.0026043320841009354,0.012573774698485973,1.0065055573121706
2024-03-27,7310.091796875,15828.0,-0.007544773309433039,-0.002869426507661088,0.0036064239636341977,0.9962865552145993,0.0027876330461227283,0.006998345845527387,0.015520264638851478,1.0085334752127793
2024-03-28,7288.81298828125,15877.0,-0.0029108811742756258,-0.006750838897761735,0.0004798821795417574,0.9933628175701833,0.0030957796310335794,0.012111939822783135,0.01525082328867855,1.01088755889469
2024-04-01,7205.06103515625,15945.7998046875,-0.011490479075214832,-0.01973983982447214,-0.016861963321188833,0.9827761772531486,0.004333300037003163,0.014138061162431992,0.018705666944834887,1.0143225603151649
2024-04-02,7236.98388671875,15955.0,0.004430615008913286,-0.01908111450879213,-0.010815439358035972,0.9876634717726684,0.0005769666887323055,0.00964400759319295,0.015452947497444525,1.0141246505580783
2024-04-03,7166.84423828125,15936.0,-0.009691834268999777,-0.026992790131575406,-0.019839281843493484,0.979060343213293,-0.0011908492635537282,0.009630005068423708,0.014773306164034716,1.0121706932739782
2024-04-04,7254.39892578125,15904.5,0.012216630442773102,-0.007618628143296169,-0.0030714399499368605,0.9911724759715956,-0.001976656626506035,0.004833206974981019,0.013548365977521515,1.0094884128561734
2024-04-16,7164.80712890625,16312.2001953125,-0.012349995884097575,-0.017013176161107868,-0.011404386154146962,0.9794845611040859,0.025634266736615396,0.02741073221090251,0.034644183389096694,1.0335742923469424
2024-04-17,7130.8408203125,16246.0,-0.0047407149952038985,-0.010301122291900278,-0.02714397933521595,0.9761686623844319,-0.004058324108327405,0.018826286482303223,0.03139383550772945,1.0277695818611534
2024-04-18,7166.81396484375,16220.0,0.00504472690356228,-0.00969601742568138,-0.028092069079090676,0.9824862122607148,-0.0016003939431245007,0.016609213412723367,0.03523104416645384,1.0243361963599342
2024-04-22,7073.81982421875,16246.0,-0.012975659907062731,-0.012979829192549808,-0.04173547470701766,0.9717899912087221,0.0016029593094943895,0.019452811244979884,0.04001024262211117,1.023957364523007
2024-04-23,7110.81298828125,16140.2001953125,0.005229588112471539,-0.01979294755761407,-0.04182527743286368,0.9789592639583318,-0.006512360254062544,0.014819717395234022,0.03822206325180111,1.0153876002293898
2024-04-24,7174.533203125,16220.0,0.008961030890386468,0.0013574788607373378,-0.03481377290228105,0.9894943829085187,0.00494416449126045,-0.005652223134129719,0.04147938872479773,1.01833857119875
2024-04-25,7155.2939453125,16202.0,-0.0026816041222194054,0.003429206403029461,-0.02357518779332557,0.9880180100994718,-0.0011097410604192781,-0.002708358980672121,0.03659628918746005,1.015385262614322
2024-04-29,7155.7841796875,16246.0,6.851352002401612e-05,-0.001539008157649402,-0.020084362748585494,0.9890872433593673,0.002715714109369216,0.0016029593094943895,0.03879330934820091,1.0162108340312366
2024-04-30,7234.19677734375,16273.0,0.010957932168892626,0.022671902467167104,-0.013977492896150467,1.0006347730608975,0.0016619475563215413,0.0016619475563215413,0.03366575620910872,1.0162152311712596
2024-05-02,7117.4248046875,16097.0,-0.01614166385713467,0.0009298256636964819,-0.0291501017373611,0.9859400545165548,-0.010815461193387832,-0.0026765588276312924,0.024112482504135446,1.004036229996154
2024-05-06,7135.89013671875,16034.0,0.002594383859045424,-0.005386143643382746,-0.02758969074812756,0.9898860855341653,-0.003913772752686784,-0.011467324290998726,0.022120226939503995,0.9990255239217894
2024-05-07,7123.61181640625,16073.0,-0.0017206431261210797,-0.004427788592389681,-0.030821137238674412,0.989737994837638,0.0024323312959959598,-0.007961980002468838,0.022227875473018077,1.000366276694304
2024-05-08,7088.794921875,16074.0,-0.004887533940446276,-0.00936155369283731,-0.03916701721522109,0.9868816880686153,6.221613886636668e-05,-0.010587221469900321,0.017174414168159347,0.9995842832714176
2024-05-13,7099.26123046875,16121.0,0.00147645808760144,-0.018652457353329766,-0.036168202862734034,0.9901749499175222,0.0029239766081872176,-0.009340625576107708,0.021350734921439463,1.0014576759870464
2024-05-14,7083.76318359375,16102.0,-0.002183050654409713,-0.004729466347376143,-0.030961117804020444,0.9895752616903947,-0.0011785869362942458,0.0003106168851338964,0.017311094263330773,0.9994267969053876
2024-05-15,7179.8310546875,15914.0,0.013561699989667497,0.006157734652141755,-0.01495194536736888,1.0037596648888665,-0.011675568252391022,-0.007484096295372389,0.0023304150658185474,0.9876445131615103
2024-05-16,7246.69580078125,15930.7998046875,0.009312857863152058,0.01727831155700077,0.0057785444733706726,1.0128127744388387,0.0010556619760901942,-0.008847147098394847,-0.0009406865872975123,0.9887331535144908
2024-05-20,7266.69091796875,16031.0,0.002759204710282459,0.0250953791235784,0.004104891169443903,1.0153965402401965,0.006289715302493226,-0.0026751275351499793,0.004763397054214913,0.994717405276511
2024-05-21,7186.037109375,16005.0,-0.011099110930163913,0.012223226627275485,0.0026780086821522886,1.003991912235754,-0.0016218576508015836,-0.007195583400533501,0.004329819277108404,0.992891565775657
2024-05-22,7222.3818359375,16040.7001953125,0.005057687012927303,0.01956850458592352,-0.004413472455996992,1.0092955303632785,0.0022305651554201944,-0.0038069683696124734,0.008563626351818732,0.9946860520212384
2024-05-27,7176.419921875,16071.0,-0.006363816689087254,-0.00047509931452671683,0.0016208102688344272,1.0027911903491276,0.0018889327971078895,0.009865527208747116,-0.014786490628150295,0.997310778897214
2024-05-28,7253.6259765625,16117.0,0.010758296689434621,0.0009563221600252803,0.017218888956298306,1.0127107472095318,0.0028622985501836062,0.01168806322314797,-0.00794041610242524,1.0005658713250591
2024-05-29,7140.22900390625,16232.099609375,-0.015633143068398025,-0.017402957617172143,-0.0037094531918799856,0.9970639325181015,0.007141503342743771,0.012544420770694176,0.000745968518804041,1.0076735696030827
2024-05-30,7034.14208984375,16228.0,-0.01485763467872847,-0.021137522283747434,-0.005609095985051105,0.9825221095425798,-0.00025256186652722334,0.01393314589190875,-0.0011079650375477312,1.0074753585010934
2024-06-03,7036.19091796875,16203.0,0.00029126908425092246,-0.025779711208606004,-0.010494168590213016,0.9833207522542254,-0.0015405472023662936,0.010118000006940298,0.0038908937886494854,1.0057272401463566
2024-06-04,7099.31201171875,16276.0,0.008970918283186968,-0.010744620715575914,-0.010484471850166655,0.9926638014144366,0.00450533851755841,0.012755895712774468,0.0034525277435264456,1.010082832236523
2024-06-05,6947.669921875,16315.0,-0.021360110612610894,-0.042179739577983155,-0.029016840541333244,0.9728725709655414,0.0023961661341853624,0.012285164732890763,0.00697444759906185,1.012148261869929
2024-06-06,6974.89697265625,16241.7001953125,0.003918875117472798,-0.023155004014514202,-0.025278460401966685,0.9779236472753217,-0.004492786067269439,0.0005914568151095256,-0.00026466851455742013,1.0076143353591551
2024-06-10,6921.5478515625,16312.0,-0.007648732490658339,-0.016006818861936112,-0.04321819483268863,0.9725754282181652,0.00432835256420927,0.005176238599950755,0.002396607878080159,1.0118532359907226
2024-06-11,6855.69091796875,16305.400390625,-0.00951476967379239,-0.02565308447487491,-0.036773677826054896,0.9650962795314358,-0.0004045861558974462,0.006319841425970418,0.012946536039324164,1.0107905130452004
2024-06-12,6850.09716796875,16230.0,-0.0008159279738441105,-0.03510408379553176,-0.04005007970616181,0.9662525410880172,-0.004624258762044975,-0.002826247235192869,0.012224023949108043,1.0055054982304907
2024-06-13,6831.56396484375,16286.0,-0.0027055387201895265,-0.01671149584491427,-0.040997159739935674,0.9656272738904691,0.0034504004929143406,-0.0017775053631626792,0.01325203757854787,1.0083096072758042
2024-06-19,6726.9189453125,16380.900390625,-0.015317871583984122,-0.03555293050433583,-0.051049011933721355,0.9532739370517432,0.005827114738118588,0.00857054333219831,0.019092969430446693,1.0132225299691873
2024-06-20,6819.32080078125,16491.900390625,0.013736133320461308,-0.014769391612047156,-0.03943233254835676,0.9682888577777621,0.006776184297141885,0.011028714481669866,0.023007281845108807,1.0189195285876598
2024-06-24,6889.1650390625,16394.099609375,0.010242110661995651,0.004882676522947493,-0.027471012156638164,0.9795595082517554,-0.00593023113974156,0.00543986756688275,0.018140579392311507,1.0119639648035477
2024-06-25,6882.7041015625,16401.0,-0.0009378404296261911,0.004760068768983494,-0.041383557755306,0.9807124954400168,0.00042090695978536097,0.01053604436229194,0.030601985672992438,1.0108705080106388
2024-06-26,6905.64208984375,16434.0,0.0033327000467799905,0.010843508950690861,-0.04706334035723314,0.9863776432696238,0.002012072434607548,0.009087559867370754,0.03158662474463059,1.0113361440667652
2024-06-27,6967.951171875,16374.400390625,0.009022923751418999,0.035830999083236836,-0.04111083703244345,0.9974056651644038,-0.003626603953693519,-0.00039680358496774204,0.021421021185515476,1.006604819317454
2024-07-01,7139.6259765625,16390.0,0.02463777378068288,0.046970246031621476,-0.006458515605486048,1.0223191028728018,0.0009526827854979825,-0.006178814339851679,0.02405498281786933,1.0063728725733514
2024-07-02,7125.14208984375,16391.0,-0.002028661832748191,0.03425336008692326,-0.013463667291848114,1.0209559376217736,6.1012812690774965e-05,-0.00018906859472944681,0.021838186639125956,1.0053530681430467
2024-07-03,7196.7548828125,16340.0,0.010050717875623505,0.04562898195473841,0.002833580135899627,1.0310670625662213,-0.0031114636080775693,-0.0037192854094262318,0.016738224130421253,1.001398829828299
2024-07-04,7220.88916015625,16328.5,0.003353494420295977,0.04565065293148329,-0.004513165761789617,1.0347674008749788,-0.0007037943696450721,-0.006419617865401017,0.013122789601042406,1.0000459310786625
2024-07-08,7250.97705078125,16277.2001953125,0.004166784721059136,0.040618235105986056,0.015510433462906148,1.0382551771245034,-0.003141734065437718,-0.005936107154687065,0.0027784813439324374,0.9967663890758225
2024-07-09,7269.80078125,16277.0,0.0025960267612104015,0.018232720469507635,0.03350212270327968,1.039197204135487,-1.2299124548365015e-05,-0.0068944478340451365,0.003019472516637922,0.9966046085625379
2024-07-10,7287.0419921875,16198.0,0.0023716208265249783,0.02272234017262953,0.035651544584746286,1.0397975098946455,-0.0048534742274375375,-0.011774754438411361,-0.0003085848299697602,0.9917827949451387
2024-07-11,7300.4072265625,16104.0,0.0018341096962704029,0.014402650283052543,0.02832601448024885,1.0402121921737841,-0.005803185578466485,-0.014443084455324384,-0.0105677070533301,0.9865467782959728
2024-07-15,7278.86279296875,16195.0,-0.0029511276460525426,0.008028600290998833,0.0476696323829342,1.034700983325099,0.005650769995032334,-0.008175888783415464,-0.007355194606190607,0.9924863313250937
2024-07-16,7224.29296875,16173.0,-0.007497026083726044,-0.0036800670922513268,0.03575622651796273,1.025126663268713,-0.0013584439641864954,-0.0064016043338035455,-0.004229864760853519,0.9913467821061172
2024-07-17,7224.2177734375,16138.0,-1.0408674291806363e-05,-0.006270186650790488,0.043728646881589395,1.0229193330905484,-0.0021641006615964464,-0.00853965718498495,-0.01066699362432566,0.9897292094213004
2024-07-18,7321.07080078125,16185.0,0.013406714800302089,0.0046697697955127015,0.0678822730459947,1.033229044768946,0.0029123807163218274,-0.0008025682182986049,-0.007384080595421949,0.9929782877038632
2024-07-22,7321.97607421875,16220.2001953125,0.00012365314612217126,0.00295447185162101,0.0688864544077592,1.0299273199090204,0.002174865326691311,0.0072156107372391975,-0.0006038080522181577,0.9951677982522742
2024-07-23,7313.85693359375,16222.0,-0.0011088728702062234,0.004807638448522944,0.07059773885335074,1.0253073918316487,0.00011096069504867856,0.0016671812287742949,-0.003929755618322539,0.9954736656450184
2024-07-24,7262.7587890625,16246.0,-0.006986484011814342,0.005324510021796014,0.07965605771471163,1.0143343718167537,0.0014794723215385552,0.004513695665615547,-0.008235224402085128,0.997359260890892
2024-07-25,7240.27685546875,16337.7998046875,-0.003095508779337064,0.0022229509872053743,0.06172990932458755,1.0082307091938396,0.005650609669303197,0.012380704219079108,-0.009344016292088475,1.0034696099323699
2024-07-29,7288.89697265625,16301.7001953125,0.0067152290109977475,-0.0043946888372622395,0.0580232773242062,1.0121841038165376,-0.002209575940858466,0.007210392048965009,-0.005636138382961953,1.0015365627894848
2024-07-30,7241.86376953125,16328.5,-0.006452718882080766,-0.010941350241443937,0.05218293023627352,1.0031511426185504,0.0016439883181760262,0.0066768475964185114,-0.0044204621669410304,1.003406547002942
2024-07-31,7255.76220703125,16255.0,0.0019191796397046712,-0.007943104040723181,0.0507005883931384,1.0026450041705295,-0.004501332026824234,0.002034274442115569,-0.010892053060727713,0.9994395613262321
2024-08-01,7325.98486328125,16281.0,0.00967819151817717,0.008705517566405474,0.05138292197732297,1.0098506635451585,0.0015995078437402999,0.0021543764618983108,-0.005704049516126131,1.001325689803241
2024-08-05,7059.65283203125,16208.0,-0.03635443373421221,-0.024947115565210787,-0.011201307294496976,0.9736747992535575,-0.004483754069160351,-0.007944754265519771,-0.01110433190970106,0.997394207970332
2024-08-06,7129.21484375,16152.2998046875,0.009853460697547556,-0.021907584852040807,0.0005716031841744851,0.9832412503784894,-0.0034365865814721674,-0.009164712197808678,-0.014562881783448223,0.9946971282886478
2024-08-07,7212.130859375,16023.0,0.011630455448777832,-0.004105698629867316,0.002136515250675153,0.9945713389693913,-0.008005039916976764,-0.018709618152310425,-0.019400244798041588,0.9876986117082943
2024-08-08,7195.12109375,15979.0,-0.0023584937595647615,-0.008357648934868012,-0.003568544792022843,0.9924019728218008,-0.002746052549460143,-0.016979390956628704,-0.02140429310714398,0.9860485144243686
2024-08-12,7297.625,15949.099609375,0.014246307312192341,-0.0038711332074126137,0.006433332900112276,1.0062163357554483,-0.0018712304039677496,-0.020385749685215893,-0.020157065220097636,0.9852007469798156
2024-08-13,7356.63818359375,15749.0,0.008086628676281737,0.04206798246721277,0.011944949381242687,1.013746335295588,-0.012546138294689646,-0.02831934846989137,-0.032438410026417674,0.9744293514919816
2024-08-14,7436.0390625,15619.5,0.010793092840059026,0.04303758905778876,0.020446852161994045,1.023636936703851,-0.008222744301225493,-0.032986002682594995,-0.0357142857142857,0.9681495274175254
2024-08-15,7409.5009765625,15755.0,-0.0035688470319275023,0.02736640821359204,0.01494351569910557,1.019218415950247,0.008675053618873774,-0.01672595643762087,-0.021671634376552396,0.9776056646582281
2024-08-19,7466.8310546875,15523.0,0.007737373718735618,0.0377630838171048,0.025823850107508983,1.0257783589272873,-0.014725483973341835,-0.028537455410225898,-0.04149428836060509,0.9652223371495565
2024-08-20,7533.98486328125,15442.0,0.008993615645233044,0.032388600850447924,0.0428681250706302,1.0328067844884246,-0.005218063518649729,-0.03179487380446999,-0.04519878810362954,0.9623729153783257
2024-08-21,7554.5927734375,15484.0,0.0027353267268543924,0.02690829491726454,0.045731594805287434,1.0332919631801374,0.0027198549410698547,-0.016826465172391947,-0.04052546783988098,0.9669610214219558
2024-08-22,7488.67578125,15728.5,-0.008725419643964005,0.0070785963209158975,0.02289350629567255,1.0231033531373053,0.015790493412554785,0.006978456416658618,-0.028205128205128216,0.9836318814183136
2024-08-26,7606.19482421875,15462.599609375,0.015692900374054464,0.02654616664177878,0.03881721916584202,1.0371451955948947,-0.016905642027211787,-0.01855921235322122,-0.04670722782795489,0.9692991726425298
2024-08-27,7597.880859375,15467.099609375,-0.0010930517868511513,0.01755092672215075,0.03883367262445092,1.0340092775334584,0.00029102480266463004,-0.0036011331975133176,-0.046535593060350156,0.9718808400090463
2024-08-28,7658.875,15440.0,0.008027783240341257,0.01657690305795989,0.05454073616406463,1.0395081808045177,-0.0017520808722647496,-0.00012951690195572851,-0.0496122122368583,0.9726410111490948
2024-08-29,7627.60400390625,15444.7998046875,-0.00408297512281508,0.009664482607912639,0.05349617924416017,1.0325498194915532,0.00031086817924230736,-0.0025316581834474716,-0.054658522608643345,0.9756877121696526
2024-09-02,7694.52978515625,15520.099609375,0.008774155188932875,0.027488705602886965,0.055650781458662646,1.038757633136256,0.004875414744103468,-0.013249857940998866,-0.04794595511959221,0.9828710927473195
2024-09-03,7616.52099609375,15532.900390625,-0.010138213931277451,0.0013576002342354787,0.05173491776230299,1.0256327359015998,0.000824787312722286,0.004546504664544093,-0.04872459866950429,0.9861661248000008
2024-09-04,7672.89599609375,15444.400390625,0.007401673287438237,0.009873165703327524,0.057490002726146905,1.03033041021118,-0.005697583694891595,-0.0014675808214386077,-0.04986770897416182,0.9830770167293275
2024-09-05,7681.04296875,15417.0,0.001061785883765154,0.002894415792136673,0.04846557999980927,1.0289714433301003,-0.0017741310722320103,-0.0014896373056995094,-0.05306799336650081,0.9840388137573007
2024-09-09,7702.73876953125,15456.7998046875,0.002824590471569799,0.009850375764987485,0.09109313911049188,1.027452148149277,0.0025815531353376997,0.0007769605402303537,-0.04634749477495681,0.9889500577460071
2024-09-10,7761.38818359375,15489.0,0.007614098805283742,0.008689081763836759,0.08867362727859995,1.0309286547950611,0.0020832381682742707,-0.002003827949416892,-0.04106534751757185,0.9931176197871094
2024-09-11,7760.955078125,15437.0,-5.580257790294141e-05,0.018963261849514357,0.07609737391780502,1.027127290915611,-0.003357221253793008,-0.006174016971285168,-0.03657242713599196,0.9916464567512053
2024-09-12,7798.15380859375,15418.7001953125,0.004793060917669623,0.01632471136892355,0.08381133645791872,1.0279484157502319,-0.0011854508445617862,-0.001664046169646105,-0.03506476029085048,0.9922566083626565
2024-09-17,7831.77880859375,15345.0,0.004311918028975681,0.01962439742324218,0.07319556822853324,1.028759003001748,-0.0047799227158529245,-0.004670169293636839,-0.0378767218319902,0.9894369803110367
2024-09-18,7829.134765625,15300.2001953125,-0.00033760439784746854,0.016409227922115077,0.06422724215049458,1.0252301064033948,-0.002919505030140157,-0.010131438030756446,-0.028497035030001894,0.9879778369514982
2024-09-19,7905.39013671875,15197.599609375,0.009739948714200253,0.018553633669476266,0.0631184250477772,1.0320442293587229,-0.00670583290595983,-0.018813376630189116,-0.02701113291878743,0.9826912111714317
2024-09-23,7775.73095703125,15174.099609375,-0.01640136380939161,0.001903873783253518,0.04942707769756649,1.0126963891748817,-0.001546296823447313,-0.017030536414134878,-0.03687085944938118,0.9830178636101605
2024-09-24,7778.4912109375,15121.099609375,0.0003549832062739178,-0.0025214426566684267,0.04173928055521592,1.0110040454060436,-0.003492793731712074,-0.019301275864224587,-0.025890639091992518,0.9808612779657163
2024-09-25,7740.90185546875,15201.5,-0.004832473862783959,-0.011603615902083586,0.02746448206923824,1.0047672895450086,0.005317099463794994,-0.009351580319322261,-0.015574407460173578,0.9868463811692828
2024-09-26,7744.51611328125,15070.0,0.0004669039706202138,-0.010808174195095055,0.02514011615709255,1.0039988900463188,-0.008650462125448177,-0.015045567533359838,-0.0267372771893567,0.9796261219243374
2024-09-30,7527.92919921875,15170.599609375,-0.02796648762742837,-0.04774728773305936,0.005241703488757299,0.9756723168504852,0.0066754883460518055,-0.0017765963503436621,-0.03547066729980608,0.9879570842322346
2024-10-01,7642.1328125,15260.599609375,0.015170654539777395,-0.01718142580672022,0.004724831418572162,0.9902432860201303,0.005932527541256949,0.005700502977228128,-0.013063780030721839,0.9944722747327907
2024-10-02,7563.26220703125,15324.0,-0.010320496568673065,-0.027669762434598066,-0.004556356303091258,0.9802433411366036,0.004154515041863149,0.013418362147366691,-0.009251870938250306,0.9990696524479172
2024-10-03,7543.828125,15457.0,-0.002569536993333732,-0.025458755859244286,-0.015021380424670716,0.9784540439278858,0.008679196032367553,0.0168075518863271,0.0011010362694301445,1.0076849309950886
2024-10-07,7504.134765625,15744.0,-0.00526169985812075,-0.031038911165026106,-0.016187158931955437,0.9740856764597335,0.018567639257294433,0.04472461844724629,0.019372228782252865,1.0253952089669571
2024-10-08,7557.14208984375,15682.400390625,0.0070637489696434574,0.0038806011390266626,-0.01785524250975523,0.9818418726978605,-0.003912576814977142,0.033736358115583176,0.010457457447757612,1.0208437284211358
2024-10-09,7501.28515625,15664.599609375,-0.007391277407476249,-0.018430411994361018,-0.015129721286510023,0.9753149138618475,-0.001135080141216216,0.026473402771920673,0.008478726795253744,1.019248091198531
2024-10-10,7480.080078125,15670.900390625,-0.002826859355870792,-0.010998181291258069,-0.025129484104425726,0.9737784607223736,0.000402230596831199,0.022637717999543172,0.014665509457880255,1.0189072480504433
2024-10-14,7559.65478515625,15573.0,0.010638215928190586,0.0020979613922804674,-0.015803606891357402,0.9849159410801648,-0.006247272855079089,0.007504690431519689,0.010118700136213299,1.0120286074798124
2024-10-15,7626.951171875,15578.599609375,0.008902044951958565,0.016366497948917313,-0.009839045555593007,0.9941745335387745,0.0003595716544659844,-0.010505614241933414,0.007880014377268596,1.0119919935297415
2024-10-16,7648.93994140625,15583.900390625,0.0028830353093560745,0.012147164956163747,-0.014488161077318207,0.9977720234637456,0.00034026044592683213,-0.0062809262323696435,0.006126954007682928,1.0120243896528744
2024-10-17,7735.0390625,15493.0,0.011256346860258004,0.03116184778754061,-0.003339281746140621,1.0091738738816591,-0.005832967892921315,-0.010954611905452105,0.0036276478590400174,1.0059383710292413
2024-10-21,7772.59619140625,15556.0,0.004855454329678821,0.03910601360227339,-0.0032773933183178894,1.0142429685196357,0.004066352546311158,-0.007332086080627409,0.008904758698741633,1.0095788674437218
2024-10-22,7788.98291015625,15586.0,0.002108268376030953,0.030335793302400216,-0.005464390591641832,1.016665139135905,0.0019285163281048678,0.0008347781416553346,0.015705441511893126,1.010735420523794
2024-10-23,7787.56494140625,15663.0,-0.00018204799860976895,0.02105871217892763,-0.005309631966136097,1.0167559003503122,0.004940331066341619,0.00541771357768317,0.023712095270403744,1.0145353304015408
2024-10-24,7716.548828125,15621.5,-0.009119168034626535,0.008838987786106145,-0.023887664660169672,1.0087274613071824,-0.002649556279129106,0.0024127213619524746,0.027892588403467755,1.010460042420152
2024-10-28,7634.630859375,15688.099609375,-0.0106158816038886,-0.012980956180529968,-0.018146216533978632,0.9989402013145368,0.004263329985916942,0.012592758624862865,0.033873509020755144,1.0130838396935056
2024-10-29,7606.60009765625,15747.0,-0.003671528098091237,-0.0213565827507588,-0.022098258983638153,0.9963930480542663,0.003754463070198888,0.012278220622268021,0.04139251818941436,1.0148365166909286
2024-10-30,7569.85009765625,15768.0,-0.00483133062448271,-0.028133687674968044,-0.02209713558009474,0.9926912643169638,0.0013335873499713546,0.011677146156807483,0.03726605927046678,1.0143382735550015
2024-10-31,7574.01904296875,15695.5,0.0005507302335869824,-0.02742139552533074,-0.022015199893523407,0.9943495806776808,-0.004597919837645903,0.002074953712571048,0.041506303915062936,1.0076471555730817
2024-11-01,7505.2568359375,15713.0,-0.009078694764450668,-0.027381669823352994,-0.003011766274794825,0.985468847964955,0.00111496925870469,0.005857312037896412,0.03575339173079306,1.007017334866
2024-11-04,7479.5029296875,15842.0,-0.003431449024726585,-0.020318982350929216,-0.02128069307386171,0.9831369534316267,0.008209762616941285,0.00981000850689595,0.03809813542764262,1.0133967052772814
2024-11-05,7491.93115234375,15790.0,0.0016616375142952666,-0.015074927541916083,-0.009431255023948037,0.9852324501262943,-0.003282413836636744,0.0027306788594652076,0.030409814669799085,1.0085670714667816
2024-11-06,7383.8681640625,15665.0,-0.014423916355323696,-0.024568773647358322,-0.021204083429127718,0.9720439191246782,-0.007916402786573795,-0.006532217148655484,0.01345668629100083,0.9999186149866512
2024-11-07,7243.85986328125,15818.2001953125,-0.018961376025465104,-0.04359101526078146,-0.03468419884141993,0.9552491473229024,0.009779776272741847,0.007817539760600178,0.004712918909584696,1.0094585403530703
2024-11-08,7287.19091796875,15558.0,0.00598176324574462,-0.029055090683183904,-0.03572133071810235,0.9626767144548106,-0.01644941852421411,-0.009864443454464467,-0.00793248402836133,0.9932477925773073
2024-11-11,7266.4599609375,15647.2001953125,-0.0028448488950840733,-0.028483573140187457,-0.03130466185742131,0.9614293012362415,0.005733397307655208,-0.012296414890007545,-0.0011107474494328473,0.9989979614752459
2024-11-12,7321.98583984375,15765.0,0.007641393361381255,-0.022683779261216896,-0.02113536708565278,0.9697902417989771,0.0075284909259862864,-0.0015832805573147146,0.0060047353393486436,1.0062166509229238
2024-11-13,7308.6708984375,15788.900390625,-0.001818487729625784,-0.010183993532141722,-0.033200442857730605,0.9696383543321013,0.0015160412702188708,0.007909376994893025,0.013863763605278301,1.0070482578705338
2024-11-14,7214.56103515625,15847.2001953125,-0.012876467498539212,-0.004044643143017446,-0.05407011627915914,0.9597783895543801,0.003692455031391262,0.0018333312034193305,0.017241638701328332,1.0099016619163734
2024-11-15,7161.2578125,15933.2998046875,-0.007388283555507469,-0.01728143352992495,-0.06375813284482268,0.9557877577318962,0.005433111736700802,0.024122625317360757,0.022420536919800504,1.014259378595777
2024-11-18,7134.27685546875,15891.2998046875,-0.003767628220862962,-0.018190853067288626,-0.07766763712206526,0.9560194636703615,-0.002635988810531509,0.01560021002659151,0.025708371825179155,1.0103050181681876
2024-11-19,7195.71484375,15806.099609375,0.008611663035498207,-0.017245457565163047,-0.07421990457886873,0.9679938823527356,-0.00536143653191723,0.0026070161354265764,0.016077372677745005,1.004090063832344
2024-11-20,7180.3349609375,15817.099609375,-0.0021373669116222516,-0.01755940844558157,-0.07814216005341579,0.9698955577881896,0.0006959338655234681,0.0017860153685398394,0.014827384150840395,1.004051834240801
2024-11-21,7140.912109375,15913.0,-0.005490391712499321,-0.010208372404414079,-0.08303658934425273,0.9688015805113206,0.006063083181707896,0.004152140685833139,0.015961182404392593,1.0093385879389631
2024-11-22,7195.56494140625,15816.900390625,0.007653480563007964,0.004790656865665044,-0.06751514159022576,0.979678539498394,-0.006039062990950805,-0.007305417929075575,0.01250842688762277,1.0026218056824825
2024-11-25,7314.10791015625,15940.0,0.01647444915240137,0.02520662687061992,-0.04198276971376569,0.9979957959408283,0.007782789695505832,0.00306458225010231,0.01605678169422564,1.0096189315673092
2024-11-26,7245.88818359375,15901.2001953125,-0.009327142475950012,0.006972669280707944,-0.04742091202791676,0.9911264317512166,-0.002434115726944741,0.0060167016713656984,0.009792353801517661,1.0066698030811887
2024-11-28,7200.1572265625,15863.5,-0.006311297645303804,0.002760632440246491,-0.048837541869978796,0.98736761379867,-0.002370902501033445,0.00293355872890233,0.006056570268899053,1.0039795894332642
2024-11-29,7114.26611328125,15878.0,-0.011929060793892665,-0.0037314555459613263,-0.06070131684106417,0.9786743481161552,0.000914047971759091,-0.0021994595613649137,0.011627536555063545,1.0043172726937992
2024-12-02,7046.98583984375,15829.0,-0.009457092603255002,-0.020648705525192934,-0.061060001824242205,0.9724843054016957,-0.0030860309862703605,0.0007649798049036427,0.00738242219817975,1.000850744027609
2024-12-03,7196.01708984375,15910.0,0.021148226119226177,-0.016145621826076817,-0.03790169514053443,0.9949968898589309,0.005117189967780655,-0.0018820577164366803,0.004292387324832614,1.0057560716189562
2024-12-04,7326.76416015625,15940.0,0.018169366286946875,0.01116163740224696,-0.022045983716205142,1.0142334919721603,0.0018856065367693908,0.002440055103446692,0.00949968334388851,1.0071750150035976
2024-12-05,7313.31298828125,15906.599609375,-0.0018358952985205734,0.015715734831636796,-0.009555313585451586,1.0128660911407747,-0.0020953820969259462,0.0027169041746777367,0.015422892395467569,1.0042980397085588
2024-12-06,7382.78515625,15839.7998046875,0.009499411290077697,0.03774374456803997,0.019178351816681927,1.0215050029473771,-0.0041995024912885315,-0.0024058568656316615,0.00136549096030536,1.0000122998154934
2024-12-09,7437.73095703125,15825.7998046875,0.007442421744419114,0.055448545813477024,0.0206581714074896,1.028036815506212,-0.0008838495544530867,-0.00020217293022295468,0.01721299683040889,0.9982845408034329
2024-12-10,7453.287109375,15864.0,0.0020915185603809228,0.035751724366296145,0.025710889407198456,1.028858558292615,0.002413792401265269,-0.002891263356379681,0.013855501430374062,1.0000104034782828
2024-12-11,7464.751953125,15908.0,0.0015382265008387908,0.01883338810318791,0.019498277708263956,1.0294268010314556,0.002773575390822014,-0.002007528230865696,0.009070726292419895,1.0023322458658743
2024-12-12,7394.23779296875,15963.0,-0.009446283091393282,0.011065409728418851,0.011707586197313047,1.0191012689640089,0.0034573799346240275,0.0035457226566362188,0.011026708958046028,1.0052463277873278
2024-12-13,7324.7890625,15967.400390625,-0.009392277123517645,-0.007855584650313552,0.015278549423397125,1.0087633290171376,0.00027566188216510135,0.008055694359201393,0.007584948371388345,1.0051430179157512
2024-12-16,7258.630859375,16025.7998046875,-0.009032096700736902,-0.024079937643743055,0.013597198903387397,0.9989822570842926,0.0036574152732331555,0.012637591936475845,0.005805451547003848,1.008525618823524
2024-12-17,7157.73193359375,15955.0,-0.013900545121526942,-0.03965433927930817,0.003287660207217824,0.984936887979701,-0.004417864041131425,0.005736258194654509,0.004008494968656295,1.0038688772469788
2024-12-18,7107.875,15926.2001953125,-0.006965465325650677,-0.04780828021694672,-0.01220724356889924,0.9786678103092256,-0.0018050645369790397,0.0011440907287214586,0.007598369547555217,1.001678365981259
2024-12-19,6977.23779296875,16145.2998046875,-0.018379221220301445,-0.056395265026035424,-0.028285194085462595,0.962025762842789,0.013757180412656611,0.01142014688263493,0.020749707811030804,1.014411654031261
2024-12-20,6983.865234375,15981.2998046875,0.0009498660648958879,-0.046543842452800965,-0.021992551174774944,0.9639832495415236,-0.010157755011299674,0.0008704869748654698,0.0042920759559794686,1.0038921095027264
2024-12-23,7096.44482421875,16159.2998046875,0.016119954504509426,-0.02234388802769549,-0.01377516817576363,0.9801931439620776,0.011138017694142244,0.008330317464776416,0.021647693644542887,1.0139830203380307
2024-12-24,7065.74609375,16217.599609375,-0.004325930973771763,-0.012851255215640012,-0.03395654254176084,0.9776297687216323,0.003607817503985533,0.016458765864932667,0.01741528289680061,1.0167557349216714
2024-12-27,7036.57080078125,16189.0,-0.00412911709275221,-0.010031718230659625,-0.028887746748071486,0.9750049032217837,-0.0017634921359427347,0.016501098910262968,0.018099250443519344,1.0140478460531233
2024-12-30,7079.90478515625,16178.0,0.006158395275464024,0.014714561153550187,-0.01670136326504368,0.9818273527410819,-0.0006794737167212794,0.002025369346378092,0.019825385318498423,1.012361667374578
2025-01-02,7163.205078125,16230.5,0.011765736333544607,0.025679167299403005,0.006878989914699485,0.993042297513455,0.003245147731487208,0.01559323699311399,0.022200529033883365,1.0145279976942545
2025-01-03,7164.42919921875,16201.099609375,0.00017089013652404894,0.00958006109876064,0.016665757821020977,0.9924041176562155,-0.0018114285219186232,0.0025867336575668975,0.023507461581590672,1.0115139117912095
2025-01-06,7080.47412109375,16178.7998046875,-0.011718320579419683,0.0020844263504993243,-0.01605651672410202,0.9815602922908176,-0.0013764377249181337,-0.002392450524248413,0.016895022293369033,1.0092747188964206
2025-01-07,7083.2841796875,16179.099609375,0.0003968743541309383,0.006638656844192292,-0.03323158425008699,0.9836098586761155,1.8530712482922596e-05,-0.0006115504740873412,0.014999975494040196,1.0085412694341027
2025-01-08,7080.35205078125,16157.7001953125,-0.0004139504828365448,6.317396046595647e-05,-0.03185436448204715,0.9847955888623628,-0.0013226579092262547,-0.0012547783834528925,0.015785937416159523,1.0064196591057568
2025-01-09,7064.587890625,16187.599609375,-0.002226465582952253,-0.01376718751235495,-0.04309989507897649,0.9847821792947302,0.001850474615884723,-0.002643195873509696,0.021957335886566787,1.0071910482800706
2025-01-10,7088.8662109375,16237.0,0.003436622303859771,-0.010546965596294755,-0.046904727814058855,0.9905751212875582,0.0030517428041887396,0.0022159230848890488,0.0259829013627928,1.0089740143475618
2025-01-13,7016.87890625,16268.0,-0.010154981423747267,-0.008981773502185542,-0.058552447627580384,0.9835146969631241,0.0019092196834391562,0.005513400029009352,0.025466464952092815,1.0096330391510393
2025-01-14,6956.6650390625,16295.2001953125,-0.008581289201651576,-0.017875767428349287,-0.06806480875091869,0.978559305266542,0.001672006104776358,0.007175960884141297,0.02433996701738117,1.0101074763602202
2025-01-15,7079.56201171875,16320.0,0.01766607590938607,-0.00011158188983173556,-0.04255689228026016,0.9980554981545762,0.0015219085614324168,0.010044734258318755,0.022364217252396124,1.0105266335344
2025-01-16,7107.51904296875,16360.7998046875,0.003948977522016506,0.00607695070235037,-0.02966229029632894,1.0035337126840218,0.002499988032322209,0.01069956012577622,0.024637662013753836,1.0118205858550047
2025-01-17,7154.658203125,16368.7998046875,0.006632294598335697,0.009281031723519906,-0.01432400383272181,1.010931479603642,0.0004889736501578756,0.008117251012348392,0.021402987943208496,1.0112427870039349
2025-01-20,7170.73681640625,16367.099609375,0.002247292997760164,0.02192682989287542,0.001816899952827633,1.0131102567783958,-0.00010386804975237585,0.006091689782087517,0.025828869280789757,1.0098522613456615
2025-01-21,7181.81982421875,16245.0,0.0015455884236530437,0.03236533366088201,0.010403225185973364,1.014146357794546,-0.007460063926357563,-0.0030806737389419414,0.02001731742524071,1.0013338874870013
2025-01-22,7257.1279296875,16330.7998046875,0.01048593633813999,0.025081483526074866,0.04011474813153226,1.02275948799205,0.0052816130924899785,0.0006617527382046795,0.01148941191826891,1.006047381847312
2025-01-23,7232.64306640625,16232.7998046875,-0.003373905423533663,0.01760445841665126,0.03562179734035409,1.0175250378844234,-0.006000930828376827,-0.007823578402525677,0.015737142977959362,0.9992360788996761
2025-01-24,7166.05615234375,16230.900390625,-0.009206442714113638,0.0015930808845308064,0.009809324224917537,1.0076638354134757,-0.00011701087214488481,-0.008424528108836093,0.004430921314841241,0.9988990255845885
2025-01-30,7073.47802734375,16238.0,-0.012918978449494967,-0.013563290851782095,0.0010942840984038416,0.9945917802702955,0.0004374131566415862,-0.00788775118720808,0.0012579167766113564,0.9992732276763081
2025-01-31,7109.19580078125,16274.5,0.005049534797369359,-0.010112203482548376,0.01032107855603992,0.9991038786732326,0.002247813770168694,0.0018159433671898206,0.005281363889060531,1.0012559973693391
2025-02-03,7030.05810546875,16341.2998046875,-0.011131736630998867,-0.031289213366330726,-0.007040586166075058,0.9883282939722978,0.004104568784755402,0.000642956874469025,0.010093942680646562,1.0048609449995205
2025-02-04,7073.458984375,16320.0,0.00617361595809407,-0.022009116248335125,-0.01252876230279465,0.9950575879312432,-0.0013034339337798517,0.005371851828500862,0.005514309479067281,1.0032750967374247
2025-02-05,7024.22802734375,16299.099609375,-0.006959955113898242,-0.019791656942795943,-0.01956906376997747,0.9891074289463293,-0.0012806611902573817,0.004201813646111274,0.006048972129230723,1.0016885042026313
2025-02-06,6875.5361328125,16298.099609375,-0.021168432168264695,-0.027983672779652635,-0.028944105264181452,0.9695685694677189,-6.135308231536296e-05,0.0037011706721887805,0.007373835273796647,1.0012599971452916
2025-02-07,6742.576171875,16327.0,-0.019338122637879485,-0.05156977514474437,-0.04810028782828413,0.9531085708058367,0.001773236838507053,0.0032259055577743556,0.009141447558632887,1.0025799893655034
2025-02-10,6648.14208984375,16314.7001953125,-0.014005638145425547,-0.05432615348198955,-0.061043569279836785,0.9426392415091828,-0.0007533413785447696,-0.0016277535871026538,0.00971672936755863,1.001342018336347
2025-02-11,6531.990234375,16330.099609375,-0.017471325657463455,-0.07654935883505987,-0.07538977000438751,0.9296804160762959,0.0009438980721769852,0.0006188486136642357,0.008803034633836138,1.0018490657294952
2025-02-12,6645.77783203125,16343.2998046875,0.017420050179719482,-0.05387783452349182,-0.06250483021143827,0.9488674437447472,0.0008083352599344007,0.002711818221362128,0.00654676385339048,1.002332061407826
2025-02-13,6613.56787109375,16375.0,-0.0048466803663304026,-0.03810150316402883,-0.057477268817766936,0.9469951624690703,0.0019396447285027207,0.004718365482363707,0.006577329727071479,1.0039468198209254
2025-02-14,6638.458984375,16219.0,0.0037636437345782703,-0.015441751764599942,-0.04574117812209377,0.952729816657854,-0.009526717557251874,-0.006614809824217582,-0.004676235603071621,0.9946148347695973
2025-02-17,6830.8818359375,16173.0,0.02898607222179228,0.0274873406170002,-0.035126491634597135,0.9820982545580393,-0.002836179789136195,-0.00868543053909221,-0.009007352941176494,0.9922411629208937
2025-02-18,6873.55419921875,16220.0,0.006246977228730355,0.052290948484008615,-0.032917934139262583,0.9898983045979879,0.0029060780312866186,-0.00674212723796197,-0.008605924304945,0.9955546885882327
2025-02-19,6794.8681640625,16317.0,-0.01144764889832306,0.022433842328081655,-0.05028752301617312,0.981108118912936,0.005980271270036974,-0.0016092101963373073,-0.003164545067785962,1.001667609772425
2025-02-20,6788.0419921875,16346.400390625,-0.001004606963693977,0.026381239974315962,-0.053368968073568834,0.982837931651762,0.0018018257415579608,-0.0017465410305343987,-0.001264684595561616,1.0035361990831608
2025-02-21,6803.0009765625,16245.099609375,0.0022037259628353567,0.024786172901690495,-0.05274691609204474,0.987712591096646,-0.006197130795113637,0.0016091996655156482,6.131694367583762e-06,0.9973168490598885
2025-02-24,6749.60107421875,16278.0,-0.007849462689733855,-0.011899014456834722,-0.0699349467704099,0.9835834286239061,0.0020252501625790398,0.006492301984789561,-0.0032331426089948767,0.9994986578217999
2025-02-25,6587.0869140625,16279.2998046875,-0.024077594863643248,-0.04167673329597221,-0.08925591190061499,0.9644375040128733,7.985039240088199e-05,0.003655968229808959,0.002864570533702482,0.9994357895205873
2025-02-26,6606.17822265625,16314.0,0.002898293106318839,-0.027769477913378138,-0.07812915748704885,0.9712134199354775,0.002131553305659173,-0.00018385732671444277,0.005119839773214174,1.0013107189303763
2025-02-27,6485.4482421875,16367.400390625,-0.018275313865239062,-0.044577471728704854,-0.08313163381339694,0.9576034183928124,0.003273286172918999,0.001284686505785393,0.007968985751016122,1.0041895188459147
2025-02-28,6270.59716796875,16553.69921875,-0.03312817652620448,-0.0782601399629328,-0.11795970406671652,0.9316477143708924,0.011382310182361577,0.018996473816442982,0.017155624980798256,1.0147503960992468
2025-03-03,6519.658203125,16522.0,0.039718870226347125,-0.03406762393292484,-0.07260251546807339,0.9723384350274401,-0.0019149326281158174,0.014989556456567188,0.011057883856990802,1.0122465838648915
2025-03-04,6380.40087890625,16451.19921875,-0.021359605040644825,-0.031377456810992466,-0.0979800840012911,0.956513040704637,-0.004285242782350762,0.010559386222066092,0.008039167815563797,1.0075039391852352
2025-03-05,6531.39892578125,16379.0,0.023665918449450984,-0.011319600282435616,-0.0701613187447826,0.9827802942805155,-0.004388690319166,0.003984307956356403,0.004902135243043837,1.002836959413949
2025-03-06,6617.84716796875,16268.900390625,0.013235792694619386,0.020414768700180552,-0.037479108518383986,0.9977224793390924,-0.006721998252335326,-0.006018060146950388,-0.0017915719899762594,0.9961849391225926
2025-03-07,6636.0,16322.099609375,0.002743011672906581,0.05827241365428293,-0.015806446847357325,1.0012636428751134,0.0032699947428933562,-0.0139908069075384,-0.0003001402967477418,0.9994574536474243
2025-03-10,6598.2119140625,16292.599609375,-0.005694407163577497,0.01204874680391188,-0.007510395401675862,0.9959371918878417,-0.0018073655170598446,-0.01388454125559857,-0.0013546424802737267,0.9977185790256647
2025-03-11,6545.85009765625,16324.0,-0.00793575851885775,0.02593085009704943,0.0021218438460473,0.9879303366162031,0.0019272793401816646,-0.007731911641129852,-0.0003735194224717686,0.9996601313338739
2025-03-12,6665.044921875,16433.900390625,0.018209219954705036,0.020462078279465112,0.0028991474483071045,1.0057735440078535,0.006732442454361776,0.0033518768316136427,0.005543591993063313,1.0061111773299831
2025-03-13,6647.4169921875,16305.599609375,-0.0026448328397074006,0.004468193880613036,0.00511813317009957,1.002857315105008,-0.007807080376560638,0.0022557897503108215,-0.004238191793893176,0.9984685016132906
2025-03-14,6515.630859375,16259.2998046875,-0.019825164115232163,-0.018138809617992746,-0.018502505670231817,0.9838870937487834,-0.0028395033483392673,-0.0038475322532297573,0.0024847280774091818,0.9955105135828027
2025-03-17,6471.94677734375,16321.0,-0.006704505361655899,-0.019136265758552873,-0.05254593289923137,0.9799463048701029,0.003794763369497023,0.0017431466620376757,0.009151054226179456,0.9988356870655062
2025-03-18,6223.38818359375,16370.0,-0.03840553736012253,-0.04926203766535353,-0.0945894942821427,0.9469721520584854,0.0030022670179523647,0.0028179367802010358,0.009247842170160281,1.0013748318348197
2025-03-19,6311.66015625,16514.5,0.014183909158833163,-0.05302061272913172,-0.0711136693377139,0.9639477085579689,0.008827122785583397,0.004904472307802221,0.012103940675369351,1.0096042218564174
2025-03-20,6381.673828125,16330.2998046875,0.011092750582534228,-0.039976905973375776,-0.05986529908480198,0.9776743878511649,-0.011153846335795858,0.001514829009924723,-0.0009849621661496277,0.9983923873787016
2025-03-21,6258.17919921875,16428.5,-0.019351447948027456,-0.039512929095087745,-0.08008550626712452,0.9627729547593763,0.006013373697175695,0.010406364194337492,0.011289582399307774,1.003833313495193
2025-03-24,6161.2177734375,16519.0,-0.015493552149058676,-0.048011674786018754,-0.08717304834928397,0.9521656007301647,0.005508719603128709,0.012131609582746172,0.01480525863128146,1.0086205094115368
2025-03-25,6235.619140625,16575.80078125,0.01207575676163608,0.001965321247916707,-0.05335708759014035,0.966287987945178,0.0034385120921363033,0.012571825366524125,0.01821337404678336,1.011173358318028
2025-03-26,6472.35595703125,16621.0,0.03796524628387132,0.025460147853829662,-0.020257138259765606,1.0040143843549547,0.0027268196177361315,0.006448878258500157,0.01881819296309928,1.0129820934407212
2025-03-27,6510.6201171875,16629.0,0.005911936922239569,0.02020571601359733,0.003881285311361893,1.0097529124873021,0.0004813188135490698,0.018291164209168986,0.015982966331344883,1.0126623952710907
2025-04-08,5996.14208984375,17051.900390625,-0.07902135558263801,-0.041871141914202714,-0.043768571122214994,0.9319443310881005,0.02543149862439109,0.037946275717503086,0.03009606283716315,1.0368430711259433
2025-04-09,5967.98779296875,16805.5,-0.004695401885603689,-0.03136230329364609,-0.08461646193228711,0.9315622163308392,-0.014450025215985263,0.017343664870754782,0.017158939595690592,1.0209806663388667
2025-04-10,6254.02392578125,16833.80078125,0.047928404469844255,0.002951556973122882,-0.01980705531259097,0.9771743224446287,0.0016840189967570751,0.015564858881016441,0.023256758210303374,1.0215128096513735
2025-04-14,6368.51708984375,16780.0,0.01830711961150633,-0.016043441967170335,-0.024938277050351343,0.9963313936886019,-0.0031959972646180557,0.009566211419288928,0.0244825691434154,1.0170106819704872
2025-04-15,6441.68310546875,16813.5,0.011488705234328656,-0.010588394112683974,-0.02661954228146235,1.0091685972408198,0.0019964243146604055,0.011095074869204469,0.033474887441613976,1.0173620446995062
2025-04-16,6400.05419921875,16794.599609375,-0.006462426910547436,0.06736199765164752,-0.035555425072521074,1.0045034321922912,-0.0011241199408213998,-0.01508927306374963,0.02894848158680574,1.0147677802934971
2025-04-21,6445.966796875,16814.900390625,0.007173782631693104,0.08009047948613213,-0.02307369317178587,1.012919718757473,0.001208768397114257,0.0005593639359138258,0.03205754721606624,1.0143937573165727
2025-04-22,6538.26611328125,16858.099609375,0.01431892520001754,0.045449488341139155,-0.001158594263824586,1.0274848655899411,0.00256910345862571,0.0014434546565422757,0.03271867246845139,1.0153640544624747
2025-04-23,6634.376953125,16846.0,0.014699744271423842,0.041745960563603246,-0.0046013146362069435,1.0428399263173698,-0.0007177327015123192,0.0039332538736591705,0.025076190044944546,1.0133776534415009
2025-04-24,6613.47802734375,16778.5,-0.003150096222887311,0.0266692600462064,-0.005105586859322608,1.0398322437517205,-0.0040068859076338725,-0.0020816605703749547,0.029002330607523552,1.0078835760926617
2025-04-28,6722.9658203125,16795.0,0.016555251641582114,0.050454513515396204,0.03182116442940841,1.055326791865522,0.0009834013767620053,2.3840438850175616e-05,0.032947310262281926,1.0072540844854827
2025-04-29,6749.0751953125,16711.900390625,0.003883609659462328,0.04702295373045473,0.04281994699630243,1.0571259257108732,-0.004947877902649611,-0.0061255194861236095,0.023950762246492285,1.0010968463127448
2025-04-30,6766.794921875,16545.900390625,0.0026255043912990494,0.03495250952382278,0.08731686378069625,1.0554098398459428,-0.00993304149258345,-0.01851924155059459,0.010745289592241969,0.9906309957655485
2025-05-05,6831.9521484375,16421.5,0.009628964275519403,0.029780519965697083,0.08243346113499017,1.061266287832994,-0.00751850232916218,-0.025198860263564105,-0.005631414817281799,0.9834567319672539
2025-05-06,6898.19677734375,16432.0,0.009696295797592791,0.043051288417806255,0.08093847525430631,1.0672749469823737,0.000639405657217651,-0.020651428912000447,0.006227699217335125,0.983785964568413
2025-05-07,6926.22509765625,16492.599609375,0.004063137254152416,0.03023357291652906,0.10674764610781629,1.066101886331142,0.003687902225839812,-0.018005381996129777,0.003901732317314499,0.987224639791114
2025-05-08,6827.75,16538.30078125,-0.014217715460846492,0.011657123740767217,0.10818189700031078,1.0455808210713573,0.0027710108143910173,-0.010387783873603396,0.0011683988891579844,0.9899030672737394
2025-05-14,6979.8798828125,16558.19921875,0.022281114981143046,0.03148979145927133,0.1193563502521584,1.0628208399471093,0.001203173032296112,0.0007433157359009179,-0.001061883086813542,0.9911463028002941
2025-05-15,7040.1611328125,16511.80078125,0.008636430857275723,0.030475767372378115,0.08772774234773273,1.0673855509802277,-0.0028021427262125975,0.005498936226897566,-0.006569954801155187,0.9886920978942758
2025-05-19,7141.0908203125,16428.0,0.014336275206769278,0.03521123719846675,0.09683727383519258,1.0775378963349729,-0.005075205446104958,-0.00024342745861738457,-0.012087317337182046,0.9842665874132874
2025-05-20,7094.60205078125,16403.0,-0.006510037570032656,0.024310060783611753,0.18319445144538338,1.0617240724203227,-0.0015217920623326053,-0.00543271597547712,-0.03805443239521622,0.9846828729275031
2025-05-21,7142.4609375,16347.599609375,0.006745816943105387,0.04609292043498958,0.19679550047253258,1.0595745841828597,-0.003377454771992916,-0.011530880614482708,-0.02724705546547257,0.9827077876627396
2025-05-22,7166.98095703125,16356.900390625,0.003432993158214215,0.02680577278693219,0.14597913952431085,1.0560606668735695,0.0005689386498470839,-0.01215704832787945,-0.02832992957574898,0.9846783282556605
2025-05-26,7188.35302734375,16243.5,0.002982018571087819,0.02104950323374899,0.12873262738156743,1.052850457626112,-0.006932877740699284,-0.01624903211978368,-0.031972586412395754,0.9794333150075394
2025-05-27,7198.966796875,16279.0,0.0014765231327504846,0.008104640876135383,0.11755991081947892,1.04858972405848,0.0021854895804476193,-0.009069880691502274,-0.031789930710441006,0.9831581524306052
2025-05-28,7175.81884765625,16286.0,-0.003215454366145787,0.011447688861710992,0.12121219981733855,1.0393459035017505,0.0004300018428651242,-0.007132841553374347,-0.03028352096534004,0.9850938438457286
2025-06-02,7065.06884765625,16288.5,-0.0154337786880131,-0.010835493609411162,0.09604487120246885,1.0187373209966604,0.00015350607884068168,-0.003615185763487072,-0.03130559077938333,0.9868160958197914
2025-06-03,7044.82177734375,16332.400390625,-0.002865799435092131,-0.017044719446010825,0.07747553484149683,1.0121214525258995,0.002695177003714244,-0.0014978387967712337,-0.03118377699332442,0.9910539315756844
2025-06-04,7069.037109375,16291.5,0.0034373235827096504,-0.016598505598554247,0.0655163490590116,1.01243924543905,-0.002504248588497626,0.0029550281651122834,-0.03291582571530338,0.9902380225896719
2025-06-05,7113.4248046875,16246.400390625,0.006279171353285484,-0.011882537397537751,0.0755951369728145,1.0151620818357707,-0.0027682907881410035,-0.002002556015418655,-0.03171318111720356,0.9890962402382618
2025-06-10,7230.7451171875,16247.7998046875,0.016492802794891404,0.007654355648789801,0.07552906119808256,1.0281795696141502,8.61368690203701e-05,-0.0023455848773485943,-0.032581136964126234,0.9908318698097874
2025-06-11,7222.4560546875,15778.0,-0.0011463635304053144,0.022276811510967942,0.07014010744817045,1.0235559893656283,-0.028914672160840094,-0.03134113024526508,-0.05588235740974723,0.9649300067387309
2025-06-12,7204.3701171875,16164.5,-0.00250412565518654,0.0226476048488351,0.0646650593618483,1.0178369447779332,0.024496133857269564,-0.01028020294685994,-0.02305105081142056,0.9897213327316916
2025-06-16,7117.5908203125,15801.0,-0.012045369055647237,0.006868504180450152,0.04180923192506936,1.0035517978837836,-0.022487549877818647,-0.03010772488721114,-0.037785829552720474,0.9693062202008175
2025-06-17,7155.85205078125,16275.0,0.005375587250612712,0.0059643908888713515,0.03735110518791451,1.0071171323669603,0.02999810138598824,0.0017603659079770129,-0.00955452775073029,0.9988645749057793
2025-06-18,7107.7890625,15598.5,-0.0067165989375091995,-0.017004617462622607,0.026213985581437393,0.9990762419516996,-0.04156682027649772,-0.03996232182157833,-0.0542121697337975,0.9599788743950824
2025-06-19,6968.63916015625,16390.0,-0.01957710071587393,-0.035142739894764574,0.020634786006554107,0.9785482922908805,0.05074205853126901,0.03878818608188617,-0.008967111144703166,1.00915069842803
2025-06-23,6787.14013671875,16370.0,-0.026045117169394394,-0.057913457204726626,-0.027613619335822515,0.9543533587217411,-0.0012202562538132788,0.01271304401620843,-0.011365923085216223,1.0085035846578896
2025-06-24,6869.1708984375,16290.0,0.012086204213606733,-0.03490224826721533,-0.024287829660326277,0.9670504214657384,-0.004886988393402514,0.030947408391873932,-0.013432864421539459,1.0042611726724004
2025-06-25,6832.14306640625,16290.0,-0.005390436863300763,-0.04523695879649425,-0.04326338393953244,0.9639338665663179,0.0,0.0009216589861751334,-0.008400292184076008,1.0046885447352079
2025-06-26,6897.39990234375,16222.7998046875,0.009551444591136882,-0.029599803582557427,-0.027796083138417083,0.9744964919506023,-0.00412524219229593,0.04002306662098909,-0.010985807188471641,1.0011002664697781
2025-06-30,6927.67919921875,16230.0,0.004389958144185746,-0.0058777560433451725,-0.03007111136633356,0.9802618104067428,0.00044383185388374713,-0.009762050030506453,-0.007193692785793404,1.0019081294605416
2025-07-01,6915.35986328125,16236.400390625,-0.0017782774841665905,0.018891569052600587,-0.03510838039874298,0.9802637086750708,0.0003943555529883902,-0.008161246754734286,-0.0073669214290175145,1.002676167325825
2025-07-02,6881.2451171875,16235.0,-0.004933184500620191,0.0017577403340987008,-0.042722986612933944,0.977555686197299,-8.625006721374451e-05,-0.003376304481276904,-0.0005232862375719183,1.0026160009013547
2025-07-03,6878.05078125,16203.7001953125,-0.0004642090033272206,0.0067193725888847755,-0.044578065808597245,0.9793342693785363,-0.001927921446720049,-0.0052977166781768,-0.004625579254714629,1.000915761375615
2025-07-07,6900.93212890625,16318.900390625,0.0033267197908199986,0.0005121098693001702,-0.038307365972565344,0.9845189370231088,0.007109499307190736,0.005923797808916609,0.00202016398286875,1.0079293513564467
2025-07-08,6904.39208984375,16261.0,0.0005013758826879489,-0.0033614589684848317,-0.022742419256933766,0.9861428132552253,-0.0035480571140849015,0.0019100431300060894,-0.001688307701752767,1.0044384636333306
2025-07-09,6943.921875,16235.0,0.005725310011637008,0.004130227823776256,-0.014322562803255834,0.9925039534068167,-0.001598917655740717,-8.625006721374451e-05,-0.005963629858162789,1.0031342121299123
2025-07-10,7005.37109375,16209.099609375,0.008849353413844296,0.018038301855062056,-0.009006320753439767,1.0017427579966671,-0.0015953428164459105,-0.0015953428164459105,-0.00505787623147036,1.0017888938657087
2025-07-14,7097.15087890625,16256.2001953125,0.013101345228967665,0.03185496947093358,-0.002287776454813484,1.0149850349226572,0.0029058113696986965,0.0032400007015180865,0.0006031985210186441,1.0046694786079324
2025-07-15,7140.47412109375,16252.099609375,0.006104314664672428,0.03471154152989264,-0.012484328327266758,1.0218404172900408,-0.000252247504843206,-0.004093460934927684,0.00026463919664121427,1.0044027078638824
2025-07-16,7192.01806640625,16271.2001953125,0.007218560621938819,0.04165840711531921,-0.004214354237779716,1.029440838295011,0.0011752688204349493,0.0006272797068138658,0.0312587270447775,1.0040529508279952
2025-07-17,7287.02099609375,16329.7001953125,0.013209495417045192,0.04940999153936332,0.011472325486036494,1.0424226203897913,0.0035953094607521496,0.005833088716507451,0.010219938464691047,1.007149484315574
2025-07-21,7398.19189453125,16329.5,0.015256014563028497,0.05607423154666491,0.03942360291602576,1.0562060014722265,-1.2259582852447437e-05,0.007427950566443631,0.03344725017403971,1.0054983893702105
2025-07-22,7344.73583984375,16245.2998046875,-0.007225556656216825,0.0348851201224083,0.02639570909544986,1.0471624321755726,-0.005156324156434633,-0.0006705374253537233,-0.0018248967933948146,1.0004051911202567
2025-07-23,7469.22998046875,16266.099609375,0.01695011819889336,0.04604118071149066,0.05085138497928665,1.0621751700311064,0.001280358315178587,0.0008614271593514466,0.04279896203961919,0.9996312466968
2025-07-24,7530.90185546875,16307.0,0.008256791551641163,0.047119429613979635,0.08068471941082578,1.0666808685265392,0.0025144559302603398,0.0022001944698470943,-0.005064063453325218,1.0024004253762766
2025-07-28,7614.76806640625,16398.80078125,0.011136277241031722,0.04497682530188829,0.12194059839872673,1.0722748166899234,0.005629532179432184,0.0042315893807614025,0.001759363546121051,1.0079542467097282
2025-07-29,7617.9072265625,16367.900390625,0.00041224632567593567,0.029698517578824024,0.10899951962111065,1.067091502231404,-0.0018843079464890833,0.002351596229217101,0.004782098872007312,1.0058141507194507
2025-07-30,7549.88818359375,16426.80078125,-0.008928835826666148,0.027931888664679994,0.10505416971091597,1.0522738689604205,0.003598530612926698,0.011172522436928345,0.008397838014119197,1.0090094936441776
2025-07-31,7484.3369140625,16483.0,-0.008682415942754762,0.0020225556895761,0.08509540116983905,1.0388882776111212,0.003421190741787594,0.013334505249186446,0.01603916700231456,1.011653060710927
2025-08-04,7464.64501953125,16362.0,-0.0026310807166163297,-0.008797994876189486,0.07751020289349642,1.0323077090852688,-0.007340896681429343,0.0033727846936897343,0.008133086876155327,1.003819994139032
2025-08-05,7515.18505859375,16377.5,0.006770588411138423,-0.013077615357955041,0.08673810288563799,1.035004277174232,0.0009473169539175874,-0.0012989231062771056,0.008690325809929567,1.0043362250772998
2025-08-06,7503.75,16334.7001953125,-0.0015215937471392271,-0.01498537894560481,0.0904639890326897,1.029018407753566,-0.002613329548923793,-0.0020283722725681352,0.006141065310286464,1.001405432426514
2025-08-07,7490.18310546875,16300.0,-0.0018080152632017343,-0.007908074487082084,0.08899793614310925,1.022864754459485,-0.002124323978866638,-0.007719140381536316,0.005943074947496241,0.9989832380539524
2025-08-11,7605.9248046875,16298.0,0.015452452575457576,0.016245646343972853,0.1021590507792729,1.0336946121374844,-0.00012269938650311119,-0.011223685008796891,-0.001280747484493916,0.9989246409920193
2025-08-12,7791.69677734375,16248.2001953125,0.024424639662721903,0.04381343747181132,0.12851307920435318,1.0525955805787024,-0.003055577659068609,-0.006955128021482682,-0.0007871474501875975,0.9959114145933992
2025-08-13,7892.9111328125,16109.0,0.012990027507622681,0.050261712955000704,0.1366647371464702,1.059477531824572,-0.008567114735123615,-0.016394443596397523,-0.007761010163227611,0.9877607510164843
2025-08-14,7931.2509765625,16169.0,0.004857503537650798,0.05697164438614033,0.13216714295671572,1.0580491102860838,0.0037246259854739616,-0.010144061007011929,-0.002473894931943499,0.9915616930057648
2025-08-19,7862.94921875,16275.2001953125,-0.008611725693000727,0.04976728980217926,0.10790222061078225,1.0436067668171178,0.006568136267703695,-0.0015214604102761209,0.0011687848188213223,0.998016262274221
2025-08-20,7943.8251953125,16263.599609375,0.01028570505957771,0.04442594415563428,0.11250668521373974,1.0487498793892327,-0.000712776850563146,-0.0021107123956927154,0.0007076008808957202,0.99726973591295
2025-08-21,7890.71484375,16339.7001953125,-0.006685740214152691,0.012708151925799882,0.0971489185500447,1.0369556419842967,0.004679196965328147,0.005631392948149294,0.004209892274555926,1.0017257769793622
2025-08-25,7926.9072265625,16267.0,0.004586705200881447,0.004307167935626577,0.08781177257644313,1.0373502900081912,-0.004449297994669199,0.009808181761748136,-0.0038396415465421496,0.9974605081077819
2025-08-26,7905.7568359375,16299.2001953125,-0.0026681768841858577,-0.0032143908571721225,0.06860662019073094,1.0311578670966228,0.001979479640529913,0.008052458118158246,-0.0018555255633975198,0.9995278132387126
2025-08-27,7936.17578125,16314.0,0.0038476955393091927,0.00931286219239258,0.08052569272781795,1.0311481935254685,0.0009080080316921091,0.0023839832519341186,0.004228927513709291,1.000224697564703
2025-08-28,7952.087890625,16344.2998046875,0.0020050096940384954,0.0010401406261275614,0.0646462769815459,1.0299847078740234,0.0018572885060377242,0.004962013161341039,0.004807556647902889,1.001842235867128
2025-09-01,7736.06591796875,16405.19921875,-0.02716544077825478,-0.019598848626971033,0.02724296059588327,1.0006751407072632,0.0037260338338283017,0.004008581715366555,0.006021905853314635,1.0052725855115094
2025-09-02,7801.5849609375,16443.900390625,0.008469297400448328,-0.015809730332790317,0.024533497659032122,1.0079323154101674,0.002359079664864261,0.010874801169545645,0.002750177282875743,1.0075048866238585
2025-09-03,7885.86279296875,16463.0,0.010802655159589891,-0.0025163995530848027,0.03517443287730382,1.017060193302023,0.001161501159778977,0.010049560881803643,0.005810128795106229,1.0083813290267558
2025-09-04,7867.34814453125,16452.099609375,-0.0023478278691341226,-0.008672645190314743,0.04204829968572987,1.012599336145713,-0.0006621144764016318,0.008465098036962049,0.0015400946576205055,1.0076355941538493
2025-09-08,7766.84912109375,16446.099609375,-0.012774192979798316,-0.023294356410425765,0.037747125800875025,0.9978500110361604,-0.00036469509317715865,0.006228459212324511,-0.002238693843657047,1.007381949787763
2025-09-09,7628.60498046875,16449.900390625,-0.01779925661869075,-0.01389090251291658,0.021964870467182207,0.9790578376944509,0.00023110532833170438,0.002724817375208133,0.0053722277609704605,1.0073435736173393
2025-09-10,7699.0068359375,16439.0,0.009228667056296214,-0.013148369916319291,0.024460046680227387,0.9869290672496536,-0.0006626417404456131,-0.00029800658655132484,0.003755151885208363,1.006486540310918
2025-09-11,7747.90478515625,16413.599609375,0.006351202208381368,-0.0174943454425186,0.03253770250291521,0.9916454277876718,-0.001545129912099319,-0.0030006918924254666,0.004830172156152779,1.0046887224357022
2025-09-15,7937.1181640625,16364.599609375,0.024421231823699374,0.008868302031320274,0.05966944363048121,1.0129654126118435,-0.0029853293102150014,-0.005318470108832796,0.003963166219325132,1.0014913913596275
2025-09-16,7957.69580078125,16398.099609375,0.002592582886307593,0.024571956621274538,0.046249602136081425,1.013316998422445,0.002047101719544031,-0.002918625153689236,0.006141833929009799,1.0032342574181334
2025-09-17,8025.17919921875,16418.599609375,0.0084802686766281,0.05198515583980745,0.029965542621461783,1.0203933238120189,0.0012501448636328405,-0.0019027945766674215,0.010487279330276822,1.003965127704748
2025-09-18,8008.43310546875,16569.099609375,-0.002086694058075378,0.04019041366308529,0.014636167912242204,1.0175167853296567,0.009166433409708352,0.007914082935397637,0.02856164934974248,1.0117446764622227
2025-09-22,8040.0390625,16582.0,0.003946584383612617,0.03770493900537253,0.013716384244929047,1.020827000371992,0.0007785812705054518,0.010259808611927879,0.025542705176572422,1.0112572740608323
2025-09-23,8125.201171875,16633.0,0.010592250698408856,0.023696636981429542,0.033352873817324546,1.0299251549205977,0.003075624170787661,0.016401280632080795,0.021984356591235876,1.0132620267937262
2025-09-24,8126.55810546875,16695.099609375,0.00016700307660655334,0.021219999974228854,0.023003138370174314,1.028905546448197,0.003733518269404268,0.018111854853607667,0.026531641848294596,1.015710088332524
2025-09-25,8040.6650390625,16759.099609375,-0.010569427461356473,0.0019296565795388076,0.019003372733874757,1.01706514304637,0.0038334602067340295,0.02073867492362602,0.025667509749218942,1.0183046315221622
2025-09-29,8123.2451171875,16628.0,0.01027030447404731,0.014336388929858002,0.024768536456070356,1.026236392212993,-0.007822592647021676,0.0035548335162203237,0.02219216819327463,1.0092319826876814
2025-09-30,8061.06201171875,16683.0,-0.00765495864912169,0.002614781974978664,0.019644567750335185,1.01738253181828,0.0033076738032233877,0.006090941985285259,0.023547155694049193,1.0113921927447274
2025-10-01,8043.82177734375,16644.099609375,-0.0021387050924477347,-0.010015677496446607,0.01356396318086528,1.014517491605715,-0.0023317383339327424,0.0006673245581074738,0.020234130769584358,1.0080252608076468
2025-10-02,8071.0810546875,16601.5,0.003388846508326271,-0.006826635589292973,0.014963763693153442,1.017192241125303,-0.0025594421070999074,-0.0056064121547642065,0.015736385063050307,1.0046627994410224
2025-10-06,8139.89404296875,16596.5,0.008525870055695384,0.012340895115538819,0.05220070889804829,1.0232607904244242,-0.00030117760443337804,-0.009702168563043956,0.01166098495356005,1.0037791883484137
2025-10-07,8169.28076171875,16587.0,0.0036102090020919686,0.005667149503324254,0.04713091027301508,1.02458701170662,-0.0005724098454493731,-0.0024657204714938485,0.008702291182485222,1.0027706731910913
2025-10-08,8166.02880859375,16556.0,-0.0003980709220129386,0.013021460041171329,0.03552763001085979,1.022382914642153,-0.0018689335021402353,-0.0076125397110831106,0.0056490311607848565,1.0006152717658843
2025-10-09,8250.9384765625,16577.69921875,0.010397914330083191,0.025748544031907183,0.04875725911505402,1.0305389660730102,0.001310655880043532,-0.00398942521274015,0.007634260207337151,1.001546596163905
2025-10-13,8227.2021484375,16548.0,-0.0028768034318066293,0.019343269221578252,0.05927152956962822,1.0246286077727111,-0.0017915163231101427,-0.003222600367436712,0.006196021734351742,0.9994446629204785
2025-10-14,8066.52197265625,16585.900390625,-0.019530354655472593,-0.009013885183908332,0.0574045966869019,1.0018851636232542,0.00229033059131023,-0.0006386653435965783,0.00826752726584945,1.0013224808772714
2025-10-15,8051.1748046875,16575.0,-0.0019025756107493574,-0.014457326229341372,0.04574199974809057,0.9977968061745403,-0.0006572082532921852,-0.0007234581298607434,0.008273009307135482,1.0002537703125203
2025-10-16,8124.7568359375,16561.900390625,0.009139291225817026,-0.005054105688779398,0.048639220696573116,1.004570091535556,-0.00079032334087481,0.00035638986621155944,0.009035238142722557,0.9990162102669257
2025-10-20,8088.97802734375,16542.0,-0.0044036774658280375,-0.01962933667228428,0.019132871672345564,0.9992082110242128,-0.0012015765193386096,-0.002153448333145236,0.010840496856603155,0.9972822291125991
2025-10-21,8238.083984375,16598.900390625,0.01843322562222527,0.0013226654385254388,0.035234845690661265,1.0158675849682464,0.0034397527883569534,0.0030759240164974777,0.012245369038690335,1.0001072757658185
2025-10-22,8152.55322265625,16596.599609375,-0.010382360981142535,0.010665222296750265,0.01587179803410499,1.00453157482414,-0.00013861046188934356,0.0006450791635073116,0.010841363102512158,0.9994327170180262
2025-10-23,8274.3515625,16593.80078125,0.014939901220794027,0.02771977546463944,0.033204804676418176,1.017871617434754,-0.00016863864833005504,0.0011342854449472028,0.001490797475864225,0.9991898601403679
2025-10-27,8117.15087890625,16597.80078125,-0.01899855020738972,-0.0009361458053251948,0.009590975343131358,0.9980601559097793,0.0002410538762476211,0.0021676492297539873,0.0009528875437221362,0.9993831761493177
2025-10-28,8092.62890625,16158.2001953125,-0.003021007373409157,0.0004513399460239764,-0.004008794974547536,0.9952443058251458,-0.02648547188457051,-0.023201535768800574,-0.028545650495250374,0.9743067416312203
2025-10-29,8166.22412109375,16561.779296875,0.009094104733619046,-0.008722885493464894,0.004881035133226463,1.0040502644122635,0.024976736064922456,-0.0022363586066801444,-0.007985595511220245,0.9990433066624387
2025-10-30,8184.06396484375,16562.0,0.0021845890445155725,0.0038651378687022397,0.017834212106162983,1.0053574224325463,1.3326051570006214e-05,-0.002084740861944767,-0.011760751709163575,0.999650886733462
2025-10-31,8163.875,16150.0,-0.002466863031676647,-0.013351688245963333,0.005001681252549295,1.0026271323147913,-0.02487622267842049,-0.026744974650501296,-0.028746692326196754,0.9761915622466519
2025-11-03,8275.083984375,16630.0,0.01362208318659941,0.01945671675010563,0.02655009629563887,1.0149511230043633,0.029721362229102155,0.0019399689859136426,-0.003176886651081956,1.0053663448941412
2025-11-04,8241.9111328125,16640.900390625,-0.004008763128584225,0.01844669121639919,0.024626273549059663,1.0096558969845846,0.0006554654615154032,0.02987338871148104,-0.0001922133864302733,1.0060350566065568
2025-11-05,8318.5263671875,16707.0,0.009295809326308024,0.018650265267682986,0.030658261368381234,1.0174993078817305,0.003972117362846417,0.008768424003355868,0.006354847453543311,1.0097091465333372
2025-11-06,8337.0576171875,16669.0,0.002227708272116269,0.018694092934874895,0.02422188460660135,1.018537820776771,-0.0022744957203567617,0.006460572394638264,0.0043683909257976605,1.0071919102238256
2025-11-07,8394.58984375,16694.099609375,0.0069007831304768175,0.028260457656443805,0.027580039002582435,1.0241569822965257,0.0015057657552941528,0.033690378289473744,0.006456840258937779,1.008382228839946
2025-11-10,8391.240234375,16653.0,-0.0003990200161468893,0.01403686660091008,0.027579063344014054,1.0223438144188441,-0.0024619242928153318,0.0013830426939265283,0.005858903116694902,1.0056050690617562
2025-11-11,8366.5146484375,16690.0,-0.002946594930772095,0.015118279439938487,0.014007639519226123,1.018614216688094,0.0022218218939531464,0.0029505380251335644,0.006774207914387986,1.0074977334328108
2025-11-12,8388.56640625,16694.900390625,0.0026357161541117335,0.008419765228944165,0.01961350346097257,1.0202967609042737,0.0002936123801677848,-0.0007242239405638173,0.008877229310188639,1.0073469050418848
2025-11-13,8371.9990234375,16729.0,-0.001974995727536455,0.004191095690398772,0.03786973516178982,1.0163934738174447,0.002042516491691515,0.003599496070550101,0.008627786614218813,1.0089688341702394
2025-11-14,8370.435546875,16719.0,-0.0001867506862008872,-0.0028773647461743934,0.03965393249214033,1.0142380933356716,-0.0005977643612887773,0.0014915683509528765,0.008687782805429922,1.0079280153756414
2025-11-17,8416.8818359375,16679.5,0.005548849734568595,0.0030557582486385737,0.0359549222086093,1.0180641516217066,-0.0023625814941085066,0.0015913048699933707,0.007100610835793164,1.005190380651897
2025-11-18,8361.92578125,16738.900390625,-0.006529265321612909,-0.0005484801473881751,0.033743169159760944,1.0097501258146941,0.0035612812509366876,0.002929921547333736,0.011903058313686321,1.0081719874970005
2025-11-19,8406.5771484375,16727.69921875,0.005339842562059438,0.0021470584263456605,0.020452955369486103,1.0141103522707087,-0.0006691701135441708,0.0019646016063334937,0.007759479549485304,1.007106719367984
2025-11-20,8419.9169921875,16686.69921875,0.0015868341555016485,0.005723599419428238,0.03279509648440393,1.0140842201255733,-0.0024510244633071387,-0.002528589948592286,0.005428799362256376,1.0043658654758938
2025-11-21,8414.3515625,16731.0,-0.0006609839138157492,0.005246562783868036,0.016919754852391167,1.0125602663677673,0.0026548558626993124,0.0007177462766911891,0.008268100874455842,1.0066166817133906
2025-11-24,8570.25390625,16639.0,0.01852814712957862,0.018221958357268253,0.055820451547994754,1.0285171273444464,-0.005498774729543965,-0.0024281303396385123,0.002482209498293475,1.0009574676103927
2025-11-25,8521.884765625,16645.0,-0.005643839862168654,0.019129443211954422,0.05304282012035455,1.020084855593205,0.0003605985936654399,-0.0056097108193313705,0.030127105667914655,0.9998543963443198
2025-11-26,8602.1298828125,16633.5,0.009416357929549424,0.023261873521418508,0.05337910829471171,1.027010934954216,-0.0006908981676179149,-0.005631331453187061,0.004330495041588556,0.9989484144818497
2025-11-27,8545.865234375,16614.69921875,-0.006540781086079583,0.014958371003462645,0.044208020744392895,1.0180946226356424,-0.0011302961643671061,-0.004314813796074013,0.0031819356810771637,0.9976614306773263
2025-11-28,8508.7060546875,16603.900390625,-0.004348205672379479,0.011213519127012406,0.04223864950008416,1.0115898937178205,-0.0006499562816528748,-0.007596653480066995,0.028105287345201235,0.9956561481094908
2025-12-01,8548.7880859375,16635.0,0.004710708184344714,-0.0025046889563966612,0.03307568866724586,1.0147042567477613,0.0018730303509022495,-0.0002403990624436636,0.0003006614552014675,0.9975060883818347
2025-12-02,8617.04296875,16609.0,0.007984158938829866,0.011166333005210527,0.04551515175212639,1.0205337754116768,-0.0015629696423203887,-0.002162811655151642,-0.0019169870545570067,0.9960422823404627
2025-12-03,8611.787109375,16609.900390625,-0.0006099377006776319,0.0011226552835241765,0.03525392951139383,1.0181432332837321,5.421100758629116e-05,-0.0014187999744491586,-0.005811911736098629,0.9963863800188248
2025-12-04,8640.1962890625,16594.0,0.0032988715729598272,0.011038209953049716,0.03636039065509822,1.0196747464552574,-0.000957283924109209,-0.0012458377053640168,-0.004499370088187682,0.9956565313987762
2025-12-05,8632.7607421875,16654.400390625,-0.0008605761520039668,0.014579735943711203,0.028371951801174022,1.0173674410037858,0.003639893372604508,0.003041454044648173,-0.0023780389286587322,0.9993996431402457
2025-12-08,8710.6953125,16683.0,0.009027769057891488,0.01893920225123291,0.03807006702255311,1.0246232661631607,0.0017172404111949202,0.0028854824165915893,0.001801477211313296,1.001025748049763
2025-12-09,8657.1787109375,16686.0,-0.006143780679104038,0.0046577163805558985,0.034741355834987164,1.0165903298480587,0.0001798237727026475,0.004636040700824795,-0.0002396644697423289,1.0012177714387143
2025-12-10,8700.923828125,16662.0,0.0050530454144641634,0.010350548337750176,0.037236090977628145,1.0198568235872343,-0.0014383315354189463,0.0031366599527837824,-0.001970685050835974,0.9998763830097631
2025-12-11,8620.4814453125,16639.0,-0.009245269169289472,-0.002281758780753207,0.02968017807686918,1.0089586645833337,-0.0013803865082222533,0.002711823550680892,-0.005379879251598996,0.9987658761104311
2025-12-12,8660.4990234375,16649.0,0.0046421511813310445,0.0032131414362552846,0.03465333135153181,1.011924680388144,0.0006009976561092145,-0.0003242620867960344,-0.004186853280698566,0.9995761325935392
2025-12-15,8649.662109375,16623.099609375,-0.0012513036527309618,-0.007006697047182486,0.027656355165115887,1.0092858817192574,-0.0015556724502973074,-0.003590504742852052,-0.003381419744296843,0.9981901220340729
2025-12-16,8686.46875,16645.80078125,0.004255269183880195,0.0033833238333749183,0.038811988678221,1.011665112423088,0.0013656401278012709,-0.002409158501138653,-0.005561871282007469,0.9998327677881313
2025-12-17,8677.3447265625,16644.599609375,-0.0010503719866027383,-0.002709953796662612,0.032209016029232096,1.0090115385412024,-7.216065425663665e-05,-0.001044315845936894,-0.004967784767546113,1.0000101913316617
2025-12-18,8618.1953125,16657.0,-0.006816533850664719,-0.0002651978113986653,0.02354872625187099,1.0009796464372362,0.0007450098479999667,0.0010817957809965417,-0.0017798138721544232,1.0008445008051314
2025-12-19,8609.55078125,16685.19921875,-0.0010030558529419142,-0.0058828298519082445,0.02319836737270875,0.998843326561878,0.0016929350273158228,0.002174257838308602,-0.002737480201422504,1.0026768320317638
2025-12-22,8645.84375,16678.5,0.004215431173138384,-0.00044144607346696674,0.008820023837902369,1.0026142550092343,-0.000401506668405327,0.0033327352856475922,0.0023739407416309977,1.0021553095618507
2025-12-23,8584.7822265625,16756.400390625,-0.00706252914153116,-0.01170631315947579,0.007380698362785987,0.9951703291380142,0.004670707235362892,0.006644294908273896,0.006692723978672266,1.0064992245783329
2025-12-24,8537.9111328125,16735.0,-0.005459788322291326,-0.01606869360890728,-0.007465447612958309,0.9901054470866646,-0.0012771472467901779,0.00543121449278261,0.006102143265097615,1.0049074431305554
2025-12-29,8644.255859375,16741.099609375,0.012455590706935471,0.003023898383597956,0.011513243223662428,1.0018662333770303,0.00036448218553930545,0.005048904927357878,0.007607744742219369,1.00489235120951
2025-12-30,8646.9384765625,16770.0,0.00031033523661738727,0.004342583749424422,0.016245998038543874,1.0013749918587422,0.0017263137607050894,0.0050823954894529955,0.010003650074218884,1.0061255467095434
2026-01-02,8748.1318359375,16668.0,0.011702796272840876,0.011830896890485665,0.023318363725487012,1.0119258448332407,-0.006082289803220009,-0.0006295530173576758,0.0019837691614066344,0.9999070160862171
2026-01-05,8859.19140625,16683.0,0.01269523281030871,0.031964605792612844,0.02810110595689963,1.0233392859779658,0.0008999280057595538,-0.004380439050982954,0.004455415738455093,1.0005847690162386
2026-01-06,8933.609375,16727.19921875,0.008400085892432463,0.04634602492719453,0.03736997461010816,1.030020913621548,0.002649356755379806,-0.0004661357185539172,0.007061982634839037,1.0028829034102031
2026-01-07,8944.8134765625,16742.0,0.0012541517198920715,0.034769634550038786,0.03525581795932231,1.0295048266350904,0.0008848332022859395,5.3783242798255415e-05,0.008918886344461807,1.0033251436137853
2026-01-08,8925.470703125,16753.0,-0.002162456879417629,0.03221165818601124,0.03390687749598498,1.0255510515952881,0.0006570302233903647,-0.0010137149672033718,0.005920333789411147,1.0036878220197898
2026-01-09,8936.75390625,16805.69921875,0.0012641577682899197,0.021561411493324467,0.025951842607283337,1.0255156471738682,0.0031456586133826736,0.008261292221622307,0.007354745474435154,1.006475150093385
2026-01-12,8884.72265625,16826.69921875,-0.005822164350258285,0.002881893936955482,0.026283845223735502,1.0182155821043974,0.0012495760947910384,0.008613511883354352,0.008432171805705435,1.0073084220224136
2026-01-13,8948.302734375,16859.400390625,0.007156112867549691,0.0016447282121063722,0.02843133799773856,1.0240504379705453,0.0019434097828623376,0.007903365658897155,0.01184734069289406,1.008670056452778
2026-01-14,9032.583984375,16840.80078125,0.009418685587852638,0.009812446960742127,0.04780504913522976,1.0312638587321867,-0.0011032189131318093,0.005901372670529259,0.012128179653224436,1.0069494070602634
2026-01-15,9075.40625,16845.099609375,0.004740865482023349,0.01679861509404823,0.04790800454334754,1.033704582194784,0.00025526269093956167,0.005497499515012327,0.011778461731935863,1.0066163029247481
2026-01-19,9133.873046875,16876.599609375,0.006442333848691417,0.022057129769137207,0.05598032979521639,1.0375030095685562,0.001869980037545682,0.004218830154111952,0.015249863500609306,1.0077353736205554
2026-01-20,9134.7001953125,16939.0,9.055834619720038e-05,0.02813566036151416,0.0516011118226265,1.0349622637431242,0.0036974504384363893,0.006673963787553916,0.01761400503364574,1.0105767910922374
2026-01-21,9010.330078125,16960.099609375,-0.013615128524012254,0.006931743995620687,0.03837410660235596,1.0189490114339987,0.0012456230813506775,0.005972882570959959,0.01895509699267839,1.0108842125565658
2026-01-22,8992.1826171875,16897.0,-0.0020140728230986227,-0.004472847111899325,0.043395083439924154,1.0147509302793165,-0.003720473984723527,0.003337087082733614,0.014408356846971282,1.0064034200711596
2026-01-23,8951.009765625,16820.0,-0.004578738368124613,-0.013706987979188234,0.0396604878757012,1.0081622751372303,-0.004557021956560381,-0.0014900243962363557,0.008079063335277192,1.0014152055165562
2026-01-26,8975.333984375,16770.0,0.0027174832099294832,-0.017357265826487667,0.03810966794015913,1.009029641563584,-0.0029726516052318575,-0.006316415145369847,0.00548610486554546,0.9981664638672155
2026-01-27,8980.23046875,16734.0,0.0005455489883188225,-0.016910213062248824,0.04606386414368546,1.0073409344167612,-0.0021466905187835783,-0.01210224924729908,-0.001336825935332353,0.9960901133672563
2026-01-28,8320.5556640625,16674.69921875,-0.07345856066646395,-0.07655373422302392,-0.025457686941091406,0.9344823210818347,-0.0035437302049718955,-0.01682775438814288,-0.003603273453839262,0.9927384054848252
2026-01-29,8232.203125,16722.80078125,-0.01061858638168911,-0.08451557586640734,-0.047667808667198885,0.9267037246608504,0.0028847034581536146,-0.010309476164407916,-0.0010930481600356368,0.9956563963887591
2026-01-30,8329.6064453125,16778.30078125,0.011831986994672139,-0.06942270610617651,-0.03669877287899381,0.9393462489119541,0.0033188220517599287,-0.0024791449910820385,0.0004949780113296942,0.9989361181324007
2026-02-02,7922.73095703125,16758.400390625,-0.048846904226816146,-0.11727731014536147,-0.09435167352136675,0.897639802328696,-0.0011860790245957764,-0.0006916880963029337,0.005423589550336061,0.9974828682078689
2026-02-03,8122.59716796875,16758.400390625,0.025226933998070855,-0.0955023708763042,-0.0831446352724241,0.9241407386052141,0.0,0.0014581325818692203,0.004519594235149471,0.9972590865508582
2026-02-04,8146.716796875,16759.0,0.0029694478757811282,-0.02089269926266235,-0.08808226833009469,0.9310526883722577,3.5779630574772625e-05,0.00505561030781343,0.0019011420163128623,0.9972004129465283
2026-02-05,8103.87890625,16800.0,-0.005258301189680736,-0.015588077310713877,-0.0940136507615218,0.9306289184850808,0.0024464466853630906,0.004616404857047396,0.0034643411778760846,0.9994675455635241
2026-02-06,7935.259765625,16879.900390625,-0.02080721375228778,-0.047342774508802754,-0.11094215312961653,0.916475899279963,0.004755975632440457,0.006055417094950277,0.0075747860457828775,1.0038420599233442
2026-02-09,8031.8740234375,16843.5,0.012175311289874369,0.013775940013385002,-0.10125375413769244,0.93250701535411,-0.0021564339707369484,0.005078026982969552,0.0022492834578300425,1.0015647649303117
2026-02-10,8131.73779296875,16796.0,0.012433433248559611,0.0011253327982392314,-0.08475051978708181,0.9482461648398838,-0.0028200789622109257,0.002243627583694341,-0.0018244349857868825,0.998831439906151
2026-02-11,8290.9658203125,16778.0,0.019581057751447473,0.017706399649590532,-0.07345939599666573,0.970533513850984,-0.001071683734222395,0.001133719195655969,-0.004828190133634003,0.9980025626402188
2026-02-12,8265.3515625,16793.900390625,-0.0030894178516266413,0.019925354033297094,-0.08494052457217072,0.9718995220961775,0.000947692849266879,-0.0003630719866071219,-0.0027849263959714987,0.9990877236283926
2026-02-13,8212.271484375,16809.0,-0.006421998837390697,0.03490896667932608,-0.09510701139411804,0.9705833844724204,0.0008991127149611255,-0.0042002848941204984,-0.0021430332982363964,1.0000934064201192
2026-02-18,8310.2265625,16840.0,0.011927890877861724,0.0346559891564846,-0.09017494332886489,0.986964162584953,0.0018442501041109338,-0.0002077952919523618,-0.002168660169828862,1.0020469309125444
2026-02-19,8274.0810546875,16915.30078125,-0.004349521344653495,0.01750465464366413,-0.0942142732901764,0.9877191508827867,0.004471542829572517,0.007102928152536325,-0.0013990919623354525,1.0065986018334525
2026-02-20,8271.7666015625,16887.19921875,-0.0002797232840363595,-0.0023156793992520353,-0.0819685261426284,0.9918150852321961,-0.0016613102458781226,0.006508476501966953,-0.004298346843712109,1.0051443535599645
2026-02-23,8396.08203125,16843.400390625,0.015028885082905674,0.015816685807186426,-0.06629097865496236,1.0103316146756878,-0.002593611146386565,0.002947498725646369,-0.0031721376205835483,1.0026973455635415
2026-02-24,8280.8330078125,16804.30078125,-0.013726524229818904,0.008348667426295808,-0.07487163743092007,1.0004975218549292,-0.0023213607981891204,-0.0002795656344815045,-0.0009333661563615259,1.0004164718921007
2026-02-25,8322.228515625,16816.80078125,0.0049989545464139695,0.001444238978893564,-0.0727667037111911,1.0094818122374825,0.0007438571924365256,-0.0013776258165083544,0.0027907442605843436,1.001021186232617
2026-02-26,8235.26171875,16749.80078125,-0.010449940987767858,-0.004691679436172325,-0.08295652907710904,1.00346666530934,-0.003984110941880337,-0.009784041214534689,0.000944232177005011,0.9969861213777497
2026-02-27,8235.4853515625,16749.0,2.7155519780386328e-05,-0.0043861549470153305,-0.010224114342198165,1.0040142864280681,-4.780840443763257e-05,-0.008183667223902735,0.0044558993403882585,0.9967180552418753
2026-03-02,8016.8330078125,16795.0,-0.026550025216002027,-0.04516976156568564,-0.026161905132473295,0.9786424660422492,0.0027464326228432423,-0.0028735522223849452,0.00431741187941137,0.9992408117611457
2026-03-03,7939.76708984375,16863.0,-0.009613012756240269,-0.041187392336854645,-0.04680165359890831,0.9715465115892791,0.004048824054778244,0.0034931068846075775,0.00504814044367663,1.0030338329570314
2026-03-04,7577.06396484375,16898.099609375,-0.04568183435304496,-0.08953906389162491,-0.04362977792155476,0.9291294731566994,0.0020814569990512677,0.00483438135365466,0.008336071193772776,1.0047041754474317
2026-03-05,7710.537109375,16865.0,0.01761541741636896,-0.06371681038142474,-0.05073008670412682,0.9478912494862959,-0.001958777030562464,0.006877647098881168,0.006360965658430917,1.0024185148378808
2026-03-06,7585.68701171875,16913.099609375,-0.01619214016938575,-0.07890225191408606,-0.06886575281117613,0.9357698607162123,0.0028520373184108827,0.009797576534420038,0.009195036062712658,1.004817276600433
2026-03-09,7337.369140625,16923.69921875,-0.03273505362271556,-0.08475464893996842,-0.09458554039274214,0.909437047689268,0.0006267100425001448,0.00766294842214954,0.00736304873511906,1.0050776876743288
2026-03-10,7440.9130859375,16886.0,0.014111862621059235,-0.06282980322487863,-0.06229747913596673,0.9251050622335867,-0.002227599194638996,0.0013639328707821807,0.00036135339864840077,1.0028206139235425
2026-03-11,7389.39892578125,16852.0,-0.00692309660942092,-0.024767514162904347,-0.07999068408959953,0.9223843299054604,-0.0020135023096056193,-0.0027280943088667797,0.0005046457090271961,1.0007761729405824
2026-03-12,7362.1171875,16884.0,-0.0036920104808613186,-0.045187503403798845,-0.09464405088592698,0.9234144136498017,0.0018988844054117493,0.0011265935369106916,0.005239342700642968,1.00241460101336
2026-03-13,7137.2119140625,16908.0,-0.03054899395235955,-0.0591212235573948,-0.1391579619618445,0.9017296256776492,0.001421464108031234,-0.0003015183196918292,0.007748241745142437,1.0034522556966623
2026-03-16,7022.2880859375,16952.099609375,-0.016102061912798837,-0.04294196579847431,-0.1503945073797337,0.8942319259337876,0.0026082096862432014,0.0016781431918582168,0.009420040316442169,1.0055974033348392
2026-03-17,7106.8388671875,16953.099609375,0.01204034642488061,-0.04489693870788025,-0.1346074127348007,0.9114136801341067,5.898974304319182e-05,0.003973682895594077,0.008572765148134875,1.0052270902598057
2026-03-25,7302.12109375,16797.30078125,0.027478071504353885,-0.011811222118045639,-0.12130902342651984,0.9425504084650403,-0.009189990722336283,-0.0032458591710182727,-0.0025355830611638597,0.9961151624719651
2026-03-26,7164.0908203125,16749.599609375,-0.018902764233209246,-0.026898018891050146,-0.1341526904363789,0.9314060262391884,-0.0028398117350048047,-0.007960222140784179,-0.009795934108288162,0.9937746456441222
2026-03-27,7097.05712890625,16925.0,-0.009356901397200024,-0.005626116421894811,-0.14201433977046118,0.9297910408970482,0.010471915431747192,0.0010054412112610045,0.002238428099316181,1.004068775049651
2026-03-30,7091.669921875,16975.400390625,-0.0007590761823387249,0.009880232068012251,-0.15535961946536636,0.9370923405572861,0.002977866506646887,0.001374507098643729,0.007836897356751749,1.0066646060210565
2026-03-31,7048.22216796875,16936.400390625,-0.006126589983020847,-0.008247928553633765,-0.14885106832619988,0.9389982223722042,-0.002297442128171401,-0.0009850245167417615,0.007861059564132189,1.003958617385361
2026-04-01,7184.43798828125,16924.099609375,0.019326266548682858,-0.016116290589795468,-0.13671704943063578,0.9644552528552267,-0.0007262925395179476,0.007548762136029508,0.006380454256473822,1.0029105002790337
2026-04-02,7026.7822265625,16959.0,-0.021944063262277047,-0.019166227396320235,-0.14674451565225188,0.9510052184006315,0.002062171189636919,0.012501814700561331,0.012489654144673734,1.0043561231856974
2026-04-06,6989.42578125,17015.30078125,-0.00531629472894235,-0.015165630725708645,-0.15130372007474802,0.9539935535404869,0.0033198172799102643,0.00533534896602661,0.01589950332855694,1.0068964125522755
2026-04-07,6971.02685546875,17027.400390625,-0.0026323944708888103,-0.01701194045060017,-0.13045128310950216,0.9583219587110625,0.0007111017037284562,0.003063256170895201,0.013837474880916911,1.006920034339347
2026-04-08,7279.208984375,17005.5,0.04420900038055109,0.03277235179333449,-0.08319615651115397,1.0052526806249835,-0.0012861852145709118,0.004079946610925145,0.00845045365593311,1.005201418272543
2026-04-09,7307.5888671875,17059.0,0.0038987591747150496,0.01714133786207417,-0.035564580014972424,1.0110531998785677,0.003146040986739651,0.007970905025297403,0.009521803891825442,1.007884529601697
2026-04-13,7500.18701171875,17079.19921875,0.026355908635754544,0.06737148952285654,-0.027280861848196225,1.0392126528590162,0.0011840798845184075,0.007087635989740049,0.0127008134450044,1.0084398360760984
2026-04-14,7675.951171875,17129.0,0.02343463701393378,0.09822343238362863,0.011899272935570027,1.0629015470493808,0.002915873315379347,0.006682175073583707,0.012765276360420907,1.0107360848088909
2026-04-15,7623.5859375,17146.099609375,-0.006821986383507506,0.09361018047424663,0.03900809559795704,1.0535626595048186,0.000998284159904328,0.006971071098754056,0.01314135802996308,1.0110816529122386
2026-04-16,7621.3818359375,17123.0,-0.00028911611682080895,0.04700687290294625,0.02425357586034238,1.0519462605448522,-0.0013472223946704442,0.0069095292699421496,0.014035295511074297,1.009014423962251
2026-04-20,7594.11083984375,17123.80078125,-0.0035782219918647495,0.039208824943996134,0.027703459526088103,1.0467034070461436,4.676641067580256e-05,0.0037986271909256075,0.016128695777949176,1.0082541756784449
2026-04-21,7559.3798828125,17133.099609375,-0.004573406652037315,0.007892186021663639,0.02679428896451541,1.0405019015110233,0.0005430352901081292,0.00315590853731762,0.014753589752132257,1.0080624279428292
2026-04-22,7541.61181640625,17199.5,-0.0023504661336902766,-0.0175013301232263,0.056660767147316715,1.0351751816571566,0.0038755620488348796,0.004115826960126023,0.017240359593092114,1.0111021645711795
2026-04-23,7378.60595703125,17329.0,-0.021614193801435366,-0.03213448139460284,0.05074099306852631,1.0103300017027614,0.0075292886421116645,0.010667171822855481,0.02223325719585567,1.0175877234286217
2026-04-27,7106.52001953125,17216.0,-0.03687497869983458,-0.06755491687589976,-4.486490579125313e-05,0.9730762285789798,-0.006520860984476906,0.00543129124569286,0.015507511704798693,1.0101724258490667
2026-04-28,7072.39208984375,17244.0,-0.004802340610271183,-0.06870043919595126,-0.03146058535004015,0.9699286967164409,0.0016263940520446774,0.007019424033571697,0.026593511931906733,1.0104910808670537
2026-04-29,7101.22607421875,17334.19921875,0.004076977634824175,-0.06060732701573024,-0.008774978942967637,0.9743030699004829,0.005230759612038893,0.011737491403187805,0.034902303518216105,1.0140398040709715
2026-04-30,6956.80419921875,17311.0,-0.020337597126266482,-0.07754411542573592,-0.01976212493996299,0.9554073315253787,-0.0013383496091879943,0.006482746591470745,0.02280649926144762,1.0115405966050195
2026-05-04,6971.953125,17346.19921875,0.0021775696638051123,-0.05511242020503082,-0.016881326710613154,0.9582755582153143,0.0020333440442492634,0.000992510747879205,0.021843303815666237,1.0125005123777555
2026-05-05,7057.10595703125,17389.80078125,0.012213626584193449,-0.006953341771245625,0.001260429772329319,0.9699203618839467,0.002513609001611794,0.010095305602346727,0.026770764753292875,1.0137041559343072
2026-05-06,7092.466796875,17296.900390625,0.005010671521591403,0.0028384607041340715,-0.012801445507117926,0.975396785111409,-0.005342234324223316,0.003067756357283624,0.022027805901324804,1.007194309242227
2026-05-07,7174.32080078125,17294.900390625,0.01154097808992427,0.010293254404035057,0.020996605481955477,0.9856538548324753,-0.00011562765321149193,-0.0022671268299773173,0.019806615403325623,1.006093920148709
2026-05-11,6905.6201171875,17413.0,-0.037453118010068565,-0.007357413054258188,-0.01199035037861318,0.9492845361945677,0.006828579911279498,0.005892207267055527,0.0233730348856509,1.0117937051685324
2026-05-12,6858.89892578125,17549.0,-0.006765676450977254,-0.01621557075783553,-0.01608485120087233,0.9435891952465048,0.007810256704760876,0.011691367007406805,0.030632956141806833,1.0181531702786537
2026-05-13,6723.31982421875,17500.0,-0.019766890142218774,-0.04729787746490288,-0.07636669881981406,0.9284876536816378,-0.002792181890706069,0.00633700294420958,0.029078827438181687,1.0138559368422064
2026-05-18,6599.240234375,17701.0,-0.018455107459976916,-0.06954231533622679,-0.09693329026666009,0.9158317687732891,0.011485714285714321,0.023362544747845382,0.037634093440412686,1.0235972112301508
2026-05-19,6370.67919921875,17777.0,-0.03463444685127404,-0.11201640181395112,-0.15059728653901405,0.8910964661785201,0.004293542737698441,0.02787524637241212,0.04085676221189205,1.0259221800774188
2026-05-20,6318.5,17658.400390625,-0.008190523739627142,-0.0850206219317231,-0.1768446856265523,0.8922688069719312,-0.006671519906339629,0.01409294151639573,0.030906672346605157,1.017523349162354
2026-05-21,6094.94091796875,17692.0,-0.03538167002156367,-0.11138201861248198,-0.20051522106046304,0.8700900788637957,0.001902754985261268,0.008148612456550186,0.03183816745859325,1.0178585480522726
2026-05-25,6206.34912109375,17762.0,0.018278799519869438,-0.0768921777694953,-0.1856661620300104,0.8950343323036373,0.003956590549400785,0.014971428571428635,0.037318226946212674,1.020010862820301
2026-05-26,6130.18994140625,17699.69921875,-0.012271172343279124,-0.07107640823946648,-0.19277054671849114,0.8934826347674949,-0.003507531879855863,-7.348631433257147e-05,0.03363146096225256,1.0147551493758646
2026-06-02,6195.4267578125,17858.0,0.010641891528614611,-0.027509224044391045,-0.1804318801468323,0.9120567247416415,0.00894369894615532,0.0045564493446588195,0.042309938490542764,1.021707714239671
2026-06-03,5941.06591796875,18004.19921875,-0.04105622579154833,-0.05973476015371526,-0.21222862398666875,0.8850379080584532,0.008186763285362275,0.019582681357060316,0.04678619836332443,1.0277064561140223
2026-06-04,5839.78515625,17955.5,-0.017047574141944244,-0.04186353324057901,-0.2085516979416513,0.8800370305049613,-0.0027048811312465615,0.01489373728238741,0.03615326908650229,1.023097255061618
2026-06-08,5342.13720703125,18190.30078125,-0.08521682491797578,-0.1392464228487036,-0.24827662592251165,0.8158897881570112,0.013076816643925238,0.02411331951638318,0.056592749840264966,1.0336070614501705
2026-06-09,5746.64794921875,18031.0,0.07572076989244825,-0.06256608618223602,-0.1874534278902359,0.8866458707439664,-0.008757457238651178,0.018717876341030726,0.04563906286244501,1.022269557472895
2026-06-10,5902.3759765625,17875.900390625,0.027098932929225494,-0.047301145297288794,-0.16882297298049942,0.9191739925427475,-0.008601830701292168,0.001002373761059383,0.031250429572140526,1.01192226966536
2026-06-11,5886.0322265625,17921.0,-0.0027690120156524944,-0.009263268943002445,-0.15391722147024034,0.9243354713729662,0.0025229279862541976,-0.004621100763168351,0.035237710126509114,1.01272675367646
2026-06-15,6254.9658203125,17716.0,0.06267950625296881,0.07109519493506622,-0.10283880167187731,0.9878336102038943,-0.011439093800569178,-0.013338531369218365,0.021318836281453146,1.0000970923948032
2026-06-17,6220.740234375,17891.0,-0.005471746276591194,0.16446657831763378,-0.11851398119124856,0.988959796866075,0.009878076315195328,-0.016453866533010286,0.028821446838563025,1.0085493575636715
2026-06-18,6172.33984375,17794.400390625,-0.007780487337752162,0.07407655702819271,-0.1297329941016313,0.9884950500224499,-0.005399340974512334,-0.013121824046087305,0.028762378736345573,1.0016992223690224
2026-06-22,6116.68994140625,17862.0,-0.009016013983756954,0.03630977858658291,-0.14741895278223816,0.9879496459275213,0.0037989259481097104,-0.0007776050616331576,0.032789989914160156,1.003902189531503
2026-06-23,6101.3330078125,17916.0,-0.0025106607889003874,0.03657825390054614,-0.11646848447009095,0.991912009142064,0.0030231776956668455,-0.0002790022878187415,0.028886464135990275,1.0055158561455124
2026-06-24,5883.880859375,17990.0,-0.035640104901512815,-0.05932645702594108,-0.14215373006027965,0.9642020219128975,0.004130386246930184,0.015466245202077289,0.02512963701635429,1.008421071589167
2026-06-25,5999.0380859375,17995.0,0.0195716448573251,-0.03563919084941092,-0.10772680122582323,0.9889418842709805,0.00027793218454696955,0.005812978592588447,0.028285714285714247,1.0073038615269874
2026-06-29,5820.7900390625,17925.0,-0.029712771334597154,-0.0569556786545824,-0.11796057844016727,0.9657543256775876,-0.0038899694359544323,0.007339365559280386,0.01265465227953233,1.00275681093768
2026-06-30,5643.19384765625,17935.0,-0.030510667832790217,-0.07741051096030238,-0.1141927459872274,0.9419733477851294,0.0005578800557879404,0.004086888366364283,0.008887888845136915,1.0028730190203459
2026-07-01,5695.1162109375,17998.0,0.009200882458222592,-0.06657836842454867,-0.09866009164556466,0.9556122162387708,0.003512684694730872,0.004576914489841544,0.019231617919100774,1.0054411583969254
2026-07-02,5744.55615234375,17787.900390625,0.008681111951903686,-0.023679049654660944,-0.05748780346533233,0.9667498906568606,-0.011673497576119574,-0.01123399718593665,0.005420551131867457,0.9934380320133632
2026-07-06,5916.06982421875,18046.0,0.029856731717214258,-0.013830260873528677,-0.04677134515176029,0.9980516753407513,0.014509841167709148,0.0028341205890525245,0.01598919040648572,1.0070540087725741
2026-07-07,5986.4970703125,17979.0,0.011904397376352849,0.02846813407423454,-0.02344019883024817,1.011158466200184,-0.0037127341239056033,0.003012552301255189,0.015779973309045126,1.0025337936950491
2026-07-08,5873.3720703125,18125.0,-0.01889669345383893,0.040788643606819885,-0.051982647861002595,0.9947565101267416,0.008120585127092683,0.010593810984109275,0.014951282338447669,1.0099231533910191
2026-07-09,5912.44189453125,18125.0,0.006652026085020468,0.038160008601119566,-0.0048179945876255514,1.001616446722215,0.0,0.007056339593288108,0.0067095892342823316,1.0095833777405872
2026-07-13,6037.841796875,18111.0,0.021209494246317906,0.05105453524230774,0.03391505600390632,1.0211471266476082,-0.0007724137931034436,0.01816401049475669,0.0086602990727076,1.008366861667704
2026-07-14,6039.52099609375,18157.0,0.00027811249039677577,0.02086709175906365,0.13054396808539703,1.015442815397353,0.0025398928827784495,0.006150947578410726,-0.001830688873727948,1.0110217316919954
2026-07-15,6041.97216796875,18068.80078125,0.00040585534458537076,0.009266704218624744,0.05139069268897001,1.0133391339697777,-0.004857587638376404,0.004994759511096181,0.002096432879485244,1.0060047315430058
2026-07-16,6108.208984375,17985.0,0.010962780788266624,0.0399833198461077,0.034872906881878274,1.0226829154248964,-0.004637871780453717,-0.007724137931034436,0.006103167224640549,1.0010349828913543
2026-07-20,6231.77978515625,17931.0,0.020230283721029974,0.054011167690353634,0.058740344137679035,1.0403608764539787,-0.0030025020850709128,-0.010703448275862115,0.000558004575637483,0.9980015991641924
2026-07-21,6340.02001953125,17911.0,0.01736907241697172,0.050047389915490736,0.013597867943985209,1.0576800627536131,-0.0011153867603591605,-0.01104301253381923,0.01100699932264626,0.9963477589217977
2026-07-22,6334.47607421875,17917.0,-0.0008744365625693584,0.048837495277485043,0.018283328922056752,1.0557535902886281,0.00033498967115175304,-0.013218042628187487,0.0014532446481472228,0.9966094543088959
2026-07-23,6315.31103515625,17967.0,-0.0030255128976651724,0.04524000766448322,0.02316320796091942,1.051306830276731,0.0027906457554278674,-0.005634064068913647,0.00969965863339417,0.9989111296819296
2026-07-27,6185.783203125,18053.0,-0.020510127103826048,0.012699994212450383,0.011295858116173507,1.0291525319304553,0.0047865531251738425,0.0037809285515708613,0.010693091479117678,1.0031598418894447
2026-07-28,6130.587890625,18053.0,-0.008922930320628741,-0.01623804081978053,0.004794834632864786,1.01972131380715,0.0,0.006803859238190935,0.007646796159857194,1.002778147137459
2026-07-29,6091.38623046875,18079.0,-0.006394437345266346,-0.039216562139638644,0.035266752684688374,1.0114552474924652,0.0014402038442364873,0.00937971079225064,0.004947192884936058,1.0039741885045477
2026-07-30,6186.36279296875,18040.099609375,0.015591945561575615,-0.023382088670729884,0.031225790593055747,1.0256307074198294,-0.0021516892872947,0.006870548047943403,0.0025062300291747164,1.0016885115871812
2026-08-03,6234.4970703125,17963.30078125,0.007780707170691237,-0.012796513804921528,0.07107403436194581,1.0300782859497322,-0.004257117742581085,-0.000205889617075794,0.002136724198047446,0.9973181570068029
2026-08-04,6319.61279296875,17963.0,0.013652379926771374,0.021635027521840877,0.11986455960456377,1.0383390915760518,-1.674420829800294e-05,-0.004985320999279952,0.0015611931976582394,0.997223945815364
2026-08-05,6351.13916015625,17873.0,0.004988654878124166,0.03597554972966299,0.11519044123434297,1.0379252467101021,-0.005010298947837222,-0.009970641998559793,-0.006945216135126109,0.9925719499407482
2026-08-06,6343.7109375,17912.0,-0.0011695890247297447,0.041423199495894236,0.10429957846469962,1.0316604994026704,0.0021820623286521457,-0.009237236572819274,0.006976630555026286,0.9943951433709206
2026-08-10,6365.3740234375,17791.0,0.003414891717313573,0.028936426210278032,0.07594639897240962,1.0314152778090242,-0.006755247878517223,-0.013808106095242856,-0.01413055524770035,0.9883773546023776
2026-08-11,6267.8798828125,17822.0,-0.01531632552400275,0.005354531748673397,0.047002914925891925,1.013307750623154,0.001742454049800557,-0.007866081126776447,-0.00873241003392844,0.9905315334931628
2026-08-12,6373.84912109375,17853.0,0.016906711721109025,0.008582223294652414,0.08521119465782823,1.0262875807519916,0.001739423184827782,-0.006123698714023296,-0.015006896551724158,0.9930050760906819
2026-08-13,6301.76513671875,17863.0,-0.011309333340891903,-0.007774042135188397,0.06584812994908362,1.011510523369091,0.0005601299501485357,-0.0005595031611929091,-0.014455172413793127,0.9942857619336596
2026-08-18,6449.830078125,17768.5,0.02349578859159851,0.016728243400513598,0.06823436173223896,1.0318649423063047,-0.00529026479314787,-0.008011389012952175,-0.018911158964165398,0.9899693730989177
2026-08-19,6394.125,17807.0,-0.008636673749580992,0.004516777247753012,0.058713928494594336,1.0200596261018824,0.0021667557756703815,0.0008993311224776424,-0.0192763121661067,0.9930826604159528
2026-08-20,6501.5849609375,17755.0,0.016806046321818924,0.03728614499551197,0.07606999505978651,1.0334141761579976,-0.002920199921379263,-0.003759398496240629,-0.01736699546633058,0.991049850317901
2026-08-24,6501.6669921875,17714.599609375,1.2617115748403407e-05,0.02005348238801985,0.06441462772786233,1.0302057933599091,-0.002275437376795253,-0.00775222039013046,-0.015034772901028615,0.9895415472654324
2026-08-26,6405.68505859375,17778.0,-0.014762665284008492,0.01649060534952107,0.027906196854345255,1.0136006844076904,0.003578990890172218,-0.004758439231931977,-0.008532708716747495,0.9935076638067976
2026-08-27,6521.75,17749.0,0.018119052114580425,0.011150669243042755,0.028663944263410457,1.0304845393476358,-0.001631229609629914,-0.0010974477305343289,-0.009044721121098775,0.992336216861441
