no,name,description,sector,industry,close,open,high,low,change,volume,total_shares_outstanding,average_volume_10d_calc,currency,exchange,market_cap,market_cap_miliar_idr,tanggal_data
1,AADI,Pt Adaro Andalan Indonesia Tbk,Energy Minerals,Coal,10125,10125,10250,10100,0.0,2191500,7786891600.0,9857390.0,IDR,IDX,78842277450000.0,78842.28,2026-08-28 13:36:02
2,AALI,PT Astra Agro Lestari Tbk,Process Industries,Agricultural Commodities/Milling,7925,8000,8000,7925,-0.9375,238700,1924690000.0,1571320.0000000068,IDR,IDX,15253168250000.0,15253.17,2026-08-28 13:36:02
3,ABDA,PT Asuransi Bina Dana Arta Tbk Class A,Finance,Property/Casualty Insurance,3810,3810,3810,3810,0.0,1000,620807000.0,2720.0,IDR,IDX,2365274670000.0,2365.27,2026-08-28 13:36:02
4,ABMM,PT ABM Investama Tbk,Energy Minerals,Coal,2720,2700,2760,2700,0.7407407407407408,281500,2753170000.0,405120.0,IDR,IDX,7488622400000.0,7488.62,2026-08-28 13:36:02
5,ACES,PT Aspirasi Hidup Indonesia Tbk,Retail Trade,Home Improvement Chains,358,360,360,358,0.0,3299000,17120400000.000002,22010240.0,IDR,IDX,6129103200000.001,6129.1,2026-08-28 13:36:02
6,ACRO,PT Samcro Hyosung Adilestari Tbk Class A,Process Industries,Textiles,65,64,69,64,1.5625,27995800,,8938550.0,IDR,IDX,,,2026-08-28 13:36:02
7,ACST,PT Acset Indonusa Tbk,Industrial Services,Engineering & Construction,86,86,86,86,0.0,72800,17675200000.0,354240.0,IDR,IDX,1520067200000.0,1520.07,2026-08-28 13:36:02
8,ADES,PT Akasha Wira International Tbk,Consumer Non-Durables,Beverages: Non-Alcoholic,32375,32375,32375,32375,0.0,3100,589897000.0,9450.0,IDR,IDX,19097915375000.0,19097.92,2026-08-28 13:36:02
9,ADHI,PT Adhi Karya (Persero) Tbk,Industrial Services,Engineering & Construction,133,137,138,132,-3.6231884057971016,35346200,8407610000.000001,20181780.0,IDR,IDX,1118212130000.0002,1118.21,2026-08-28 13:36:02
10,ADMF,PT Adira Dinamika Multi Finance Tbk,Finance,Finance/Rental/Leasing,8775,8700,8800,8700,0.8620689655172413,16700,1225983846.0,57550.0,IDR,IDX,10758008248650.0,10758.01,2026-08-28 13:36:02
11,ADMG,PT Polychem Indonesia Tbk,Process Industries,Textiles,252,260,260,246,-1.5625,344000,3889180000.0,834840.0,IDR,IDX,980073360000.0,980.07,2026-08-28 13:36:02
12,ADMR,PT Alamtri Minerals Indonesia Tbk,Energy Minerals,Coal,1705,1735,1780,1705,-0.872093023255814,19717400,40882332000.0,31345160.0,IDR,IDX,69704376060000.0,69704.38,2026-08-28 13:36:02
13,ADRO,PT Alamtri Resources Indonesia Tbk,Energy Minerals,Coal,2650,2700,2720,2650,-1.8518518518518516,12112600,28211304800.0,32134430.0,IDR,IDX,74759957720000.0,74759.96,2026-08-28 13:36:02
14,AEGS,PT Anugerah Spareparts Sejahtera Tbk,Producer Manufacturing,Auto Parts: OEM,46,47,51,46,-2.127659574468085,3973100,,13871870.0,IDR,IDX,,,2026-08-28 13:36:02
15,AGAR,PT Asia Sejahtera Mina Tbk,Distribution Services,Food Distributors,1810,1645,2000,1645,12.77258566978193,4382400,1000000000.0,1513920.0,IDR,IDX,1810000000000.0,1810.0,2026-08-28 13:36:02
16,AGII,PT Samator Indo Gas Tbk,Process Industries,Chemicals: Specialty,2860,2900,2900,2840,-0.6944444444444444,31900,3066660000.0,150490.0,IDR,IDX,8770647600000.0,8770.65,2026-08-28 13:36:02
17,AGRO,PT Bank Raya Indonesia Tbk,Finance,Major Banks,154,145,157,144,6.206896551724138,26662400,24665520600.0,6872410.0,IDR,IDX,3798490172400.0,3798.49,2026-08-28 13:36:02
18,AGRS,PT Bank IBK Indonesia Tbk,Finance,Regional Banks,62,60,63,59,3.3333333333333335,17966400,47864400000.0,6322760.0,IDR,IDX,2967592800000.0,2967.59,2026-08-28 13:36:02
19,AHAP,PT Asuransi Harta Aman Pratama Tbk,Finance,Multi-Line Insurance,96,96,97,94,0.0,3651900,4900000000.0,27821070.0,IDR,IDX,470400000000.0,470.4,2026-08-28 13:36:02
20,AIMS,PT Artha Mahiya Investama Tbk,Distribution Services,Medical Distributors,378,380,380,362,-0.5263157894736842,50000,220000000.0,242920.0,IDR,IDX,83160000000.0,83.16,2026-08-28 13:36:02
21,AISA,PT FKS Food Sejahtera Tbk Class A,Consumer Non-Durables,Food: Specialty/Candy,119,119,120,117,0.847457627118644,1548800,9311800000.0,7089490.000000095,IDR,IDX,1108104200000.0,1108.1,2026-08-28 13:36:02
22,AKPI,PT Argha Karya Prima Industry Tbk,Process Industries,Containers/Packaging,505,505,510,505,1.4056224899598393,100800,612248000.0,262910.0,IDR,IDX,309185240000.0,309.19,2026-08-28 13:36:02
23,AKRA,PT AKR Corporindo Tbk,Distribution Services,Wholesale Distributors,1380,1390,1390,1370,-0.36101083032490977,2114700,20073500000.0,8189829.999999618,IDR,IDX,27701430000000.0,27701.43,2026-08-28 13:36:02
24,AKSI,PT Mineral Sumberdaya Mandiri Tbk,Finance,Financial Conglomerates,234,236,242,234,-0.847457627118644,557100,720000000.0,493670.0,IDR,IDX,168480000000.0,168.48,2026-08-28 13:36:02
25,ALDO,PT Alkindo Naratama Tbk,Process Industries,Containers/Packaging,915,940,940,900,-1.6129032258064515,25700,2695239600.0,132389.9999999702,IDR,IDX,2466144234000.0,2466.14,2026-08-28 13:36:02
26,ALII,PT Ancara Logistics Indonesia Tbk,Consumer Services,Hotels/Resorts/Cruise lines,800,805,805,790,0.0,150000,15825800000.0,652070.0,IDR,IDX,12660640000000.0,12660.64,2026-08-28 13:36:02
27,ALKA,"PT Alakasa Industrindo, Tbk Class A",Non-Energy Minerals,Aluminum,4580,4980,5025,4170,13.930348258706468,685900,507665000.0,332230.0,IDR,IDX,2325105700000.0,2325.11,2026-08-28 13:36:02
28,AMAG,PT Asuransi Multi Artha Guna Tbk,Finance,Property/Casualty Insurance,390,390,390,390,0.0,4000,4945743900.0,103890.0,IDR,IDX,1928840121000.0,1928.84,2026-08-28 13:36:02
29,AMAN,PT Makmur Berkah Amanda Tbk,Finance,Real Estate Development,228,226,232,226,0.8849557522123894,206000,3873500000.0,260540.0,IDR,IDX,883158000000.0,883.16,2026-08-28 13:36:02
30,AMAR,PT Bank Amar Indonesia Tbk,Finance,Regional Banks,228,230,234,218,0.0,1009600,18013678545.0,766180.0,IDR,IDX,4107118708260.0,4107.12,2026-08-28 13:36:02
31,AMFG,PT Asahimas Flat Glass Tbk,Process Industries,Industrial Specialties,3330,3270,3330,3270,0.0,9300,434000000.0,30150.0,IDR,IDX,1445220000000.0,1445.22,2026-08-28 13:36:02
32,AMIN,PT Ateliers Mecaniques D'Indonesie Tbk,Producer Manufacturing,Industrial Machinery,294,240,300,234,22.5,1755000,1080000000.0,203890.0,IDR,IDX,317520000000.0,317.52,2026-08-28 13:36:02
33,AMMN,PT Amman Mineral Internasional Tbk,Non-Energy Minerals,Precious Metals,4410,4450,4480,4400,-0.8988764044943821,17575500,72412416200.0,58733410.0,IDR,IDX,319338755442000.0,319338.76,2026-08-28 13:36:02
34,AMMS,PT Agung Menjangan Mas Tbk,Process Industries,Agricultural Commodities/Milling,242,212,246,212,7.079646017699115,2408100,1235296800.0,1915530.0,IDR,IDX,298941825600.0,298.94,2026-08-28 13:36:02
35,AMOR,PT Ashmore Asset Management Indonesia Tbk,Finance,Investment Managers,356,356,358,354,0.0,30000,2194741600.0,55440.0,IDR,IDX,781328009600.0,781.33,2026-08-28 13:36:02
36,AMRT,PT Sumber Alfaria Trijaya,Retail Trade,Food Retail,1370,1375,1395,1360,-0.36363636363636365,16592200,41091831000.0,28954260.0,IDR,IDX,56295808470000.0,56295.81,2026-08-28 13:36:02
37,ANDI,PT Andira Agro Tbk,Process Industries,Agricultural Commodities/Milling,16,17,17,16,-5.88235294117647,1017900,9350000000.0,4654960.0,IDR,IDX,149600000000.0,149.6,2026-08-28 13:36:02
38,ANJT,PT Austindo Nusantara Jaya Tbk,Process Industries,Agricultural Commodities/Milling,1590,1595,1620,1590,-0.625,3100,3354180000.0,79030.0,IDR,IDX,5333146200000.0,5333.15,2026-08-28 13:36:02
39,ANTM,PT ANTAM (Persero) Tbk,Non-Energy Minerals,Precious Metals,3150,3180,3180,3140,-0.9433962264150944,36355200,24030800000.0,95595740.0,IDR,IDX,75697020000000.0,75697.02,2026-08-28 13:36:02
40,APEX,PT Apexindo Pratama Duta Tbk,Industrial Services,Contract Drilling,189,188,190,187,1.06951871657754,3882200,3546470000.0,31986350.0,IDR,IDX,670282830000.0,670.28,2026-08-28 13:36:02
41,APIC,PT Pacific Strategic Financial Tbk Class A,Finance,Investment Banks/Brokers,510,530,535,496,-1.9230769230769231,1820100,11766300000.0,58961860.0000001,IDR,IDX,6000813000000.0,6000.81,2026-08-28 13:36:02
42,APII,PT Arita Prima Indonesia Tbk,Producer Manufacturing,Industrial Machinery,191,189,192,189,0.0,10700,1075760000.0,479400.0,IDR,IDX,205470160000.0,205.47,2026-08-28 13:36:02
43,APLI,PT Asiaplast Industries Tbk,Process Industries,Industrial Specialties,274,270,278,266,0.7352941176470588,84400,1362670000.0,713770.0,IDR,IDX,373371580000.0,373.37,2026-08-28 13:36:02
44,APLN,PT Agung Podomoro Land Tbk,Finance,Real Estate Development,136,138,141,136,-0.7299270072992701,18683600,22699300000.0,145270770.0,IDR,IDX,3087104800000.0,3087.1,2026-08-28 13:36:02
45,ARCI,PT Archi Indonesia Tbk,Non-Energy Minerals,Precious Metals,1395,1455,1475,1390,-3.4602076124567476,45080400,25235000000.0,55487170.0,IDR,IDX,35202825000000.0,35202.82,2026-08-28 13:36:02
46,AREA,PT Dunia Virtual Online Tbk,Technology Services,Data Processing Services,324,348,348,322,-5.263157894736842,3197300,2539601000.0,5170200.0,IDR,IDX,822830724000.0,822.83,2026-08-28 13:36:02
47,ARGO,PT Argo Pantes Tbk,Process Industries,Textiles,1130,1135,1135,1130,-0.4405286343612335,43600,3174340000.0,223420.0,IDR,IDX,3587004200000.0,3587.0,2026-08-28 13:36:02
48,ARII,PT Atlas Resources Tbk,Energy Minerals,Coal,292,296,300,290,-1.3513513513513513,9700,3750000000.0,92040.0,IDR,IDX,1095000000000.0,1095.0,2026-08-28 13:36:02
49,ARKO,PT Arkora Hydro Tbk,Industrial Services,Engineering & Construction,5125,5125,5200,5025,0.49019607843137253,1148500,2928495000.0,5543920.0,IDR,IDX,15008536875000.0,15008.54,2026-08-28 13:36:02
50,ARNA,PT Arwana Citramulia Tbk,Producer Manufacturing,Building Products,492,492,496,490,0.40816326530612246,2458700,6981308000.0,3012720.0,IDR,IDX,3434803536000.0,3434.8,2026-08-28 13:36:02
51,ARTA,PT Arthavest Tbk,Consumer Services,Hotels/Resorts/Cruise lines,2290,2280,2290,2260,-0.8658008658008658,500,446674000.0,2960.0,IDR,IDX,1022883460000.0,1022.88,2026-08-28 13:36:02
52,ARTO,PT Bank Jago Tbk,Finance,Major Banks,1000,1005,1020,990,0.0,10492300,13861300000.0,13867300.0,IDR,IDX,13861300000000.0,13861.3,2026-08-28 13:36:02
53,ASBI,PT Asuransi Bintang Tbk,Finance,Property/Casualty Insurance,410,426,525,398,-2.843601895734597,2460500,348386000.0,253160.0,IDR,IDX,142838260000.0,142.84,2026-08-28 13:36:02
54,ASDM,PT Asuransi Dayin Mitra Tbk,Finance,Multi-Line Insurance,505,510,515,505,-1.9417475728155338,10200,384000000.0,37310.0,IDR,IDX,193920000000.0,193.92,2026-08-28 13:36:02
55,ASGR,PT Astra Graphia Tbk,Technology Services,Data Processing Services,2090,2090,2130,2070,0.0,797000,1348780000.0,1630920.0,IDR,IDX,2818950200000.0,2818.95,2026-08-28 13:36:02
56,ASHA,PT Cilacap Samudera Fishing Industry Tbk,Process Industries,Agricultural Commodities/Milling,58,58,59,56,0.0,12309000,5000000000.0,22475630.0,IDR,IDX,290000000000.0,290.0,2026-08-28 13:36:02
57,ASII,PT Astra International Tbk,Technology Services,Information Technology Services,4770,4790,4810,4760,-0.41753653444676403,16500300,39920107900.0,41141240.0,IDR,IDX,190418914683000.0,190418.91,2026-08-28 13:36:02
58,ASJT,PT Asuransi Jasa Tania Tbk,Finance,Multi-Line Insurance,161,163,164,161,-1.2269938650306749,24700,1400000000.0,223580.00000000448,IDR,IDX,225400000000.0,225.4,2026-08-28 13:36:02
59,ASLC,PT Autopedia Sukses Lestari Tbk,Distribution Services,Wholesale Distributors,67,67,67,65,1.5151515151515151,3382600,12689869300.0,31372870.0,IDR,IDX,850221243100.0,850.22,2026-08-28 13:36:02
60,ASLI,PT Asri Karya Lestari Tbk,Industrial Services,Engineering & Construction,242,242,248,236,1.680672268907563,13986800,6250000000.0,52332570.0,IDR,IDX,1512500000000.0,1512.5,2026-08-28 13:36:02
61,ASMI,PT Asuransi Maximus Graha Persada Tbk,Finance,Life/Health Insurance,16,15,16,15,0.0,496800,8958380000.0,12971320.0,IDR,IDX,143334080000.0,143.33,2026-08-28 13:36:02
62,ASPI,PT Andalan Sakti Primaindo Tbk,Finance,Real Estate Development,396,404,406,390,0.5076142131979695,1171100,681823000.0,780880.0,IDR,IDX,270001908000.0,270.0,2026-08-28 13:36:02
63,ASPR,PT Asia Pramulia Tbk,Producer Manufacturing,Miscellaneous Manufacturing,156,160,161,156,-1.8867924528301887,10401600,2712000000.0,50007390.0,IDR,IDX,423072000000.0,423.07,2026-08-28 13:36:02
64,ASRI,PT Alam Sutera Realty Tbk,Finance,Real Estate Development,125,125,126,124,0.8064516129032258,3240800,19649400000.0,28039750.0,IDR,IDX,2456175000000.0,2456.18,2026-08-28 13:36:02
65,ASRM,PT Asuransi Ramayana Tbk,Finance,Property/Casualty Insurance,274,276,284,274,-3.5211267605633805,51300,1277990000.0,43190.00000000002,IDR,IDX,350169260000.0,350.17,2026-08-28 13:36:02
66,ASSA,PT Adi Sarana Armada Tbk,Transportation,Other Transportation,635,630,645,625,1.6,4080500,3691140000.0,9111470.0,IDR,IDX,2343873900000.0,2343.87,2026-08-28 13:36:02
67,ATAP,PT Trimitra Prawara Goldland Tbk,Finance,Real Estate Development,555,560,565,545,0.0,505100,1250000000.0,1508090.0,IDR,IDX,693750000000.0,693.75,2026-08-28 13:36:02
68,ATIC,PT Anabatic Technologies Tbk,Technology Services,Information Technology Services,462,462,462,460,-0.8583690987124464,119500,2894200000.0,77700.0,IDR,IDX,1337120400000.0,1337.12,2026-08-28 13:36:02
69,ATLA,PT Atlantis Subsea Indonesia Tbk,Industrial Services,Engineering & Construction,50,50,50,50,0.0,134100,6199577600.0,1763810.0,IDR,IDX,309978880000.0,309.98,2026-08-28 13:36:02
70,AUTO,PT Astra Otoparts Tbk,Producer Manufacturing,Auto Parts: OEM,3370,3340,3410,3330,1.2012012012012012,4725000,4819730000.0,5661490.0,IDR,IDX,16242490100000.0,16242.49,2026-08-28 13:36:02
71,AVIA,PT Avia Avian Tbk,Process Industries,Industrial Specialties,354,356,358,354,-0.5617977528089888,2472400,59103555000.0,16096970.0,IDR,IDX,20922658470000.0,20922.66,2026-08-28 13:36:02
72,AWAN,PT Era Digital Media Tbk,Technology Services,Internet Software/Services,166,164,167,164,1.8404907975460123,281300,3435000000.0,863570.0,IDR,IDX,570210000000.0,570.21,2026-08-28 13:36:02
73,AXIO,PT Tera Data Indonusa Tbk,Electronic Technology,Computer Processing Hardware,117,117,117,113,0.0,464800,5840126500.0,2129530.0,IDR,IDX,683294800500.0,683.29,2026-08-28 13:36:02
74,AYAM,PT Janu Putra Sejahtera Tbk,Process Industries,Agricultural Commodities/Milling,480,476,480,468,1.2658227848101267,4111100,4000000000.0,22296620.0,IDR,IDX,1920000000000.0,1920.0,2026-08-28 13:36:02
75,AYLS,PT Arkayana Lestari Grup Tbk,Process Industries,Textiles,152,151,154,149,1.3333333333333335,1095700,853423000.0,1154660.0,IDR,IDX,129720296000.0,129.72,2026-08-28 13:36:02
76,BABP,PT Bank MNC Internasional Tbk,Finance,Regional Banks,50,50,50,50,0.0,125600,44014300000.0,559179.9999997139,IDR,IDX,2200715000000.0,2200.72,2026-08-28 13:36:02
77,BABY,PT Multitrend Indo Tbk,Retail Trade,Apparel/Footwear Retail,210,212,214,208,-0.9433962264150944,600500,2854826700.0,17725060.0,IDR,IDX,599513607000.0,599.51,2026-08-28 13:36:02
78,BACA,PT Bank Capital Indonesia Tbk,Finance,Regional Banks,120,117,126,116,2.564102564102564,6825200,19953000000.0,1747680.0,IDR,IDX,2394360000000.0,2394.36,2026-08-28 13:36:02
79,BACH,PT Bach Multi Global Tbk,Distribution Services,Wholesale Distributors,464,470,474,462,-1.276595744680851,12693400,,85222790.0,IDR,IDX,,,2026-08-28 13:36:02
80,BAIK,PT Bersama Mencapai Puncak Tbk,Consumer Services,Restaurants,280,282,286,274,0.0,6667600,,155785300.0,IDR,IDX,,,2026-08-28 13:36:02
81,BAJA,PT Saranacentral Bajatama Tbk,Non-Energy Minerals,Steel,268,260,268,260,0.0,1972700,1800000000.0,24530090.0,IDR,IDX,482400000000.0,482.4,2026-08-28 13:36:02
82,BALI,PT Bali Towerindo Sentra Tbk,Industrial Services,Engineering & Construction,1275,1245,1365,1235,2.82258064516129,11900,3934590000.0,41510.0,IDR,IDX,5016602250000.0,5016.6,2026-08-28 13:36:02
83,BANK,PT Bank Aladin Syariah Tbk,Finance,Regional Banks,276,270,276,268,2.2222222222222223,1098600,14939700000.0,1597720.0,IDR,IDX,4123357200000.0,4123.36,2026-08-28 13:36:02
84,BAPA,PT Bekasi Asri Pemula Tbk,Consumer Durables,Homebuilding,175,163,176,162,19.863013698630137,158794200,661784000.0,26396300.0,IDR,IDX,115812200000.0,115.81,2026-08-28 13:36:02
85,BAPI,PT Bhakti Agung Propertindo Tbk,Finance,Real Estate Development,18,18,18,18,0.0,2370500,5591980000.0,13545430.0,IDR,IDX,100655640000.0,100.66,2026-08-28 13:36:02
86,BATR,PT Benteng Api Technic Tbk,Non-Energy Minerals,Construction Materials,94,94,95,93,0.0,236000,,2877490.0,IDR,IDX,,,2026-08-28 13:36:02
87,BAUT,PT Mitra Angkasa Sejahtera Tbk,Distribution Services,Wholesale Distributors,38,38,38,38,0.0,3111900,4800183000.0,6378600.0,IDR,IDX,182406954000.0,182.41,2026-08-28 13:36:02
88,BAYU,PT Bayu Buana Tbk,Consumer Services,Other Consumer Services,1350,1315,1350,1310,2.6615969581749046,302300,353221000.0,170330.0,IDR,IDX,476848350000.0,476.85,2026-08-28 13:36:02
89,BBCA,PT Bank Central Asia Tbk,Finance,Major Banks,6525,6425,6525,6400,1.953125,87579900,122841701300.0,80719350.0,IDR,IDX,801542100982500.0,801542.1,2026-08-28 13:36:02
90,BBHI,PT Allo Bank Indonesia Tbk,Finance,Regional Banks,895,900,900,895,-0.5555555555555556,1775600,21609578600.0,10215959.99999999,IDR,IDX,19340572847000.0,19340.57,2026-08-28 13:36:02
91,BBKP,PT Bank KB Indonesia Tbk Class B,Finance,Major Banks,55,54,55,53,1.8518518518518516,46635000,187888000000.0,67677589.99999933,IDR,IDX,10333840000000.0,10333.84,2026-08-28 13:36:02
92,BBLD,PT Buana Finance Tbk,Finance,Finance/Rental/Leasing,715,695,755,670,2.142857142857143,1584200,1645800000.0,414880.0,IDR,IDX,1176747000000.0,1176.75,2026-08-28 13:36:02
93,BBMD,PT Bank Mestika Dharma Tbk,Finance,Major Banks,1970,1950,1970,1950,-1.0050251256281406,1700,4029124600.0,15610.0,IDR,IDX,7937375462000.0,7937.38,2026-08-28 13:36:02
94,BBNI,PT Bank Negara Indonesia (Persero) Tbk Class B,Finance,Major Banks,3750,3710,3760,3710,1.078167115902965,19398300,37297300000.0,35744120.000000045,IDR,IDX,139864875000000.0,139864.88,2026-08-28 13:36:02
95,BBRI,PT Bank Rakyat Indonesia (Persero) Tbk Class B,Finance,Regional Banks,3180,3180,3200,3160,0.9523809523809524,61586600,150574926100.0,158089650.00000018,IDR,IDX,478828264998000.0,478828.26,2026-08-28 13:36:02
96,BBRM,PT Pelayaran Nasional Bina Buana Raya Tbk,Transportation,Marine Shipping,113,114,114,110,-0.8771929824561403,3087500,3578050000.0,4175269.9999999525,IDR,IDX,404319650000.0,404.32,2026-08-28 13:36:02
97,BBSI,PT Krom Bank Indonesia Tbk,Finance,Regional Banks,4630,4630,4630,4630,-1.279317697228145,100,3637980000.0,390.0,IDR,IDX,16843847400000.0,16843.85,2026-08-28 13:36:02
98,BBSS,PT Bumi Benowo Sukses Sejahtera Tbk,Industrial Services,Engineering & Construction,99,99,103,98,1.0204081632653061,3253200,4800020000.0,4065670.0,IDR,IDX,475201980000.0,475.2,2026-08-28 13:36:02
99,BBTN,PT Bank Tabungan Negara (Persero) Tbk,Finance,Major Banks,1225,1220,1230,1220,0.4098360655737705,7439000,14034400000.0,11310210.000000015,IDR,IDX,17192140000000.0,17192.14,2026-08-28 13:36:02
100,BBYB,PT Bank Neo Commerce Tbk,Finance,Major Banks,260,248,262,248,4.838709677419355,42226100,12039700000.0,24277150.00000019,IDR,IDX,3130322000000.0,3130.32,2026-08-28 13:36:02
101,BCAP,PT MNC Kapital Indonesia Tbk,Finance,Regional Banks,50,50,50,50,0.0,37700,42618900000.0,246200.0,IDR,IDX,2130945000000.0,2130.95,2026-08-28 13:36:02
102,BCIC,PT Bank JTrust Indonesia Tbk,Finance,Major Banks,137,128,151,127,7.03125,9879500,18109900000.0,2033900.0,IDR,IDX,2481056300000.0,2481.06,2026-08-28 13:36:02
103,BCIP,PT Bumi Citra Permai Tbk,Finance,Real Estate Development,63,63,63,62,0.0,11331200,1429920000.0,9513959.999999713,IDR,IDX,90084960000.0,90.08,2026-08-28 13:36:02
104,BDKR,PT Berdikari Pondasi Perkasa Tbk,Industrial Services,Engineering & Construction,156,157,157,154,-0.6369426751592357,894200,4509521700.0,7856720.0,IDR,IDX,703485385200.0,703.49,2026-08-28 13:36:02
105,BDMN,PT Bank Danamon Indonesia Tbk Class A,Finance,Major Banks,4280,4310,4330,4240,-0.6960556844547563,1680900,9773550000.0,2145279.99999997,IDR,IDX,41830794000000.0,41830.79,2026-08-28 13:36:02
106,BEEF,PT Estika Tata Tiara Tbk,Consumer Non-Durables,Food: Meat/Fish/Dairy,468,476,476,466,-0.425531914893617,4019300,1884310000.0,16625860.0,IDR,IDX,881857080000.0,881.86,2026-08-28 13:36:02
107,BEER,PT Jobubu Jarum Minahasa Tbk,Consumer Non-Durables,Beverages: Alcoholic,87,77,95,76,12.987012987012985,226931400,4000000000.0,94438370.0,IDR,IDX,348000000000.0,348.0,2026-08-28 13:36:02
108,BEKS,PT Bank Pembangunan Daerah Banten (Perseroda) Tbk Class A,Finance,Regional Banks,23,23,23,23,0.0,2971000,51870400000.0,9920880.000000143,IDR,IDX,1193019200000.0,1193.02,2026-08-28 13:36:02
109,BELI,PT Global Digital Niaga Tbk,Retail Trade,Specialty Stores,260,262,262,260,-0.7633587786259541,35300,137218980000.00002,1328840.0,IDR,IDX,35676934800000.01,35676.93,2026-08-28 13:36:02
110,BELL,PT Trisula Textile Industries Tbk,Consumer Non-Durables,Apparel/Footwear,114,115,116,113,-0.8695652173913043,4116000,7250000000.0,15746050.0,IDR,IDX,826500000000.0,826.5,2026-08-28 13:36:02
111,BESS,PT Batulicin Nusantara Maritim Tbk,Transportation,Marine Shipping,895,915,920,895,-0.5555555555555556,454800,3440460000.0,167680.0,IDR,IDX,3079211700000.0,3079.21,2026-08-28 13:36:02
112,BEST,PT Bekasi Fajar Industrial Estate Tbk,Industrial Services,Engineering & Construction,125,125,126,123,1.6260162601626018,17487600,9647310000.0,51521330.0,IDR,IDX,1205913750000.0,1205.91,2026-08-28 13:36:02
113,BFIN,PT BFI Finance Indonesia Tbk,Finance,Finance/Rental/Leasing,905,885,910,880,2.840909090909091,6360900,14749400000.0,21835530.0,IDR,IDX,13348207000000.0,13348.21,2026-08-28 13:36:02
114,BGTG,PT Bank Ganesha Tbk,Finance,Major Banks,122,113,129,111,8.928571428571429,55235200,23971000000.0,9644090.000000024,IDR,IDX,2924462000000.0,2924.46,2026-08-28 13:36:02
115,BHIT,PT MNC Asia Holding Tbk,Consumer Services,Movies/Entertainment,25,25,25,25,0.0,4208300,83542785054.0,10579209.999999236,IDR,IDX,2088569626350.0,2088.57,2026-08-28 13:36:02
116,BIKE,PT Bhineka Inovasi Ketahanan Energi Tbk,Distribution Services,Wholesale Distributors,965,815,965,815,24.516129032258064,3116600,1293916400.0,2403490.0,IDR,IDX,1248629326000.0,1248.63,2026-08-28 13:36:02
117,BINA,PT Bank Ina Perdana Tbk,Finance,Major Banks,4120,4160,4160,4120,-0.7228915662650602,181200,6134720000.0,267360.0,IDR,IDX,25275046400000.0,25275.05,2026-08-28 13:36:02
118,BINO,PT Perma Plasindo Tbk,Producer Manufacturing,Office Equipment/Supplies,116,115,117,113,1.7543859649122806,58500,2275316200.0,1110560.0,IDR,IDX,263936679200.0,263.94,2026-08-28 13:36:02
119,BIPI,PT Astrindo Nusantara Infrastruktur Tbk,Energy Minerals,Coal,149,153,153,148,-1.3245033112582782,209103900,63710200000.0,536966240.0,IDR,IDX,9492819800000.0,9492.82,2026-08-28 13:36:02
120,BIPP,PT Bhuwanatala Indah Permai Tbk Class A,Finance,Real Estate Development,67,69,69,66,-1.4705882352941175,1988300,5028670000.0,48005600.0,IDR,IDX,336920890000.0,336.92,2026-08-28 13:36:02
121,BIRD,PT Blue Bird Tbk,Transportation,Other Transportation,1625,1630,1635,1620,0.0,375000,2502100000.0,784930.0,IDR,IDX,4065912500000.0,4065.91,2026-08-28 13:36:02
122,BISI,PT BISI International Tbk,Process Industries,Agricultural Commodities/Milling,725,720,730,715,0.6944444444444444,211100,3000000000.0,281160.0,IDR,IDX,2175000000000.0,2175.0,2026-08-28 13:36:02
123,BJBR,PT Bank Pembangunan Daerah Jawa Barat & Banten Tbk,Finance,Major Banks,790,790,790,785,0.0,468500,10521400000.0,1524980.000000006,IDR,IDX,8311906000000.0,8311.91,2026-08-28 13:36:02
124,BJTM,PT Bank Pembangunan Daerah Jawa Timur Tbk Class B,Finance,Major Banks,520,520,525,515,0.0,1803600,15015500000.0,4153990.0,IDR,IDX,7808060000000.0,7808.06,2026-08-28 13:36:02
125,BKDP,PT Bukit Darmo Property Tbk,Finance,Real Estate Development,153,153,153,153,-9.467455621301776,202600,7513990000.0,19968940.0,IDR,IDX,1149640470000.0,1149.64,2026-08-28 13:36:02
126,BKSL,PT Sentul City Tbk,Finance,Real Estate Development,75,76,76,74,0.0,74802900,167709000000.0,251016500.00000024,IDR,IDX,12578175000000.0,12578.18,2026-08-28 13:36:02
127,BKSW,PT Bank QNB Indonesia Tbk,Finance,Major Banks,53,52,53,51,3.9215686274509802,2392600,35158000000.0,2132170.0,IDR,IDX,1863374000000.0,1863.37,2026-08-28 13:36:02
128,BLES,PT Superior Prima Sukses Tbk,Non-Energy Minerals,Construction Materials,208,208,210,206,0.0,5951900,8890206000.0,10752440.0,IDR,IDX,1849162848000.0,1849.16,2026-08-28 13:36:02
129,BLOG,PT Trimitra Trans Persada Tbk,Transportation,Trucking,384,384,388,382,0.0,98100,3379487300.0,260080.0,IDR,IDX,1297723123200.0,1297.72,2026-08-28 13:36:02
130,BLTA,PT Berlian Laju Tanker Tbk,Transportation,Air Freight/Couriers,33,33,33,33,3.125,576900,25909172889.0,2516520.0,IDR,IDX,855002705337.0,855.0,2026-08-28 13:36:02
131,BLTZ,PT Graha Layar Prima Tbk Class C,Consumer Services,Movies/Entertainment,2000,2000,2000,2000,-9.090909090909092,300,873937000.0,470.0,IDR,IDX,1747874000000.0,1747.87,2026-08-28 13:36:02
132,BLUE,PT Berkah Prima Perkasa Tbk,Distribution Services,Electronics Distributors,2740,2760,2760,2740,-0.7246376811594203,106200,418000000.0,282330.0,IDR,IDX,1145320000000.0,1145.32,2026-08-28 13:36:02
133,BMAS,PT Bank Kasikorn Indonesia Tbk,Finance,Major Banks,510,505,510,500,2.4096385542168677,46300,18102700000.0,265960.0,IDR,IDX,9232377000000.0,9232.38,2026-08-28 13:36:02
134,BMBL,PT Lavender Bina Cendikia Tbk,Commercial Services,Miscellaneous Commercial Services,28,28,29,27,0.0,5753600,1030080999.9999999,17383330.0,IDR,IDX,28842267999.999996,28.84,2026-08-28 13:36:02
135,BMHS,PT Bundamedik Tbk,Health Services,Hospital/Nursing Management,194,192,200,191,1.5706806282722512,755100,8603420000.0,1161260.0,IDR,IDX,1669063480000.0,1669.06,2026-08-28 13:36:02
136,BMRI,PT Bank Mandiri (Persero) Tbk,Finance,Regional Banks,4230,4220,4240,4200,0.4750593824228029,40439700,93333300000.0,94683200.00000004,IDR,IDX,394799859000000.0,394799.86,2026-08-28 13:36:02
137,BMSR,PT Bintang Mitra Semestaraya Tbk,Distribution Services,Wholesale Distributors,310,312,312,310,-0.641025641025641,9300,1159200000.0,37540.0,IDR,IDX,359352000000.0,359.35,2026-08-28 13:36:02
138,BMTR,PT Global Mediacom Tbk,Consumer Services,Broadcasting,114,115,115,113,-0.8695652173913043,14933300,16352514500.0,55630490.0,IDR,IDX,1864186653000.0,1864.19,2026-08-28 13:36:02
139,BNBA,PT Bank Bumi Arta Tbk,Finance,Regional Banks,740,715,745,715,3.4965034965034967,255500,3354120000.0,202150.00000000597,IDR,IDX,2482048800000.0,2482.05,2026-08-28 13:36:02
140,BNBR,PT Bakrie & Brothers Tbk Class A,Industrial Services,Engineering & Construction,101,101,101,99,0.0,356254700,263337000000.0,1460805670.0,IDR,IDX,26597037000000.0,26597.04,2026-08-28 13:36:02
141,BNGA,PT Bank CIMB Niaga Tbk Class A,Finance,Major Banks,1685,1680,1685,1680,0.2976190476190476,644800,25131264000.0,1826149.9999999881,IDR,IDX,42346179840000.0,42346.18,2026-08-28 13:36:02
142,BNII,PT Bank Maybank Indonesia Tbk Class A,Finance,Major Banks,189,193,193,189,-1.5625,2767000,76215200000.0,766000.0,IDR,IDX,14404672800000.0,14404.67,2026-08-28 13:36:02
143,BNLI,PT Bank Permata Tbk Class A,Finance,Regional Banks,2170,2170,2180,2170,0.4629629629629629,17200,36181353262.0,51810.0,IDR,IDX,78513536578540.0,78513.54,2026-08-28 13:36:02
144,BOAT,PT Newport Marine Services Tbk,Transportation,Other Transportation,147,146,148,143,0.684931506849315,2732400,3501680000.0,4008520.0,IDR,IDX,514746960000.0,514.75,2026-08-28 13:36:02
145,BOBA,PT Formosa Ingredient Factory Tbk,Consumer Non-Durables,Food: Specialty/Candy,212,216,216,208,0.9523809523809524,178800,1155750000.0,1585420.0,IDR,IDX,245019000000.0,245.02,2026-08-28 13:36:02
146,BOGA,PT Apollo Global Interactive Tbk,Retail Trade,Specialty Stores,1620,1620,1620,1620,0.0,1000,3803530000.0,23600.0,IDR,IDX,6161718600000.0,6161.72,2026-08-28 13:36:02
147,BOLA,PT Bali Bintang Sejahtera Tbk,Consumer Services,Movies/Entertainment,149,145,154,143,1.3605442176870748,4394200,6000000000.0,1078140.0,IDR,IDX,894000000000.0,894.0,2026-08-28 13:36:02
148,BOLT,PT Garuda Metalindo Tbk,Producer Manufacturing,Auto Parts: OEM,770,810,1010,770,-4.938271604938271,216000,2343750000.0,29190.0,IDR,IDX,1804687500000.0,1804.69,2026-08-28 13:36:02
149,BPFI,PT Woori Finance Indonesia Tbk,Finance,Finance/Rental/Leasing,242,240,242,232,0.8333333333333334,155100,2674000000.0,579340.0,IDR,IDX,647108000000.0,647.11,2026-08-28 13:36:02
150,BPII,PT Batavia Prosperindo Internasional Tbk,Commercial Services,Miscellaneous Commercial Services,496,496,496,496,-0.4016064257028112,2300,9884150000.0,142990.0,IDR,IDX,4902538400000.0,4902.54,2026-08-28 13:36:02
151,BPTR,PT Batavia Prosperindo Trans Tbk,Finance,Finance/Rental/Leasing,78,78,78,76,1.2987012987012987,269000,3534000000.0,4193020.000000042,IDR,IDX,275652000000.0,275.65,2026-08-28 13:36:02
152,BRAM,PT Indo Kordsa Tbk,Process Industries,Textiles,4600,4550,4610,4550,1.3215859030837005,900,450057000.0,970.0,IDR,IDX,2070262200000.0,2070.26,2026-08-28 13:36:02
153,BREN,PT Barito Renewables Energy Tbk,Utilities,Electric Utilities,3420,3410,3460,3390,0.5882352941176471,9833800,133779519999.99998,36063900.0,IDR,IDX,457525958399999.94,457525.96,2026-08-28 13:36:02
154,BRIS,PT Bank Syariah Indonesia (Persero) Tbk,Finance,Major Banks,1790,1785,1800,1785,0.2801120448179272,4676100,46129300000.0,12261880.000000006,IDR,IDX,82571447000000.0,82571.45,2026-08-28 13:36:02
155,BRMS,PT Bumi Resources Minerals Tbk Class A,Non-Energy Minerals,Precious Metals,755,780,785,755,-1.3071895424836601,134744900,141784000000.0,417477720.00000083,IDR,IDX,107046920000000.0,107046.92,2026-08-28 13:36:02
156,BRNA,PT Berlina Tbk,Process Industries,Containers/Packaging,610,610,615,595,1.6666666666666667,424900,979110000.0,425309.9999999985,IDR,IDX,597257100000.0,597.26,2026-08-28 13:36:02
157,BRPT,PT Barito Pacific Tbk,Non-Energy Minerals,Forest Products,1850,1840,1875,1830,0.5434782608695652,41801300,93709222885.0,85365890.00000004,IDR,IDX,173362062337250.0,173362.06,2026-08-28 13:36:02
158,BRRC,PT Raja Roti Cemerlang Tbk,Consumer Non-Durables,Food: Major Diversified,77,79,79,75,-1.282051282051282,15080700,,166088060.0,IDR,IDX,,,2026-08-28 13:36:02
159,BSBK,PT Wulandari Bangun Laksana Tbk,Finance,Real Estate Development,50,50,51,50,0.0,11547400,25091883000.0,33072210.0,IDR,IDX,1254594150000.0,1254.59,2026-08-28 13:36:02
160,BSDE,PT Bumi Serpong Damai Tbk,Finance,Real Estate Development,650,645,655,635,0.7751937984496124,10462900,20913429300.0,29530110.0,IDR,IDX,13593729045000.0,13593.73,2026-08-28 13:36:02
161,BSIM,PT Bank Sinarmas Tbk,Finance,Major Banks,725,740,740,700,0.0,27700,19716200000.0,31450.00000001192,IDR,IDX,14294245000000.0,14294.24,2026-08-28 13:36:02
162,BSML,PT Bintang Samudera Mandiri Lines Tbk,Transportation,Marine Shipping,515,520,520,515,-1.9047619047619049,267500,1850225000.0,10184910.0,IDR,IDX,952865875000.0,952.87,2026-08-28 13:36:02
163,BSSR,PT Baramulti Suksessarana Tbk,Energy Minerals,Coal,4540,4530,4550,4530,0.22075055187637968,403300,2616500000.0,845170.0,IDR,IDX,11878910000000.0,11878.91,2026-08-28 13:36:02
164,BSWD,PT Bank of India Indonesia Tbk,Finance,Major Banks,1490,1490,1490,1490,0.0,500,3651980000.0,330.0,IDR,IDX,5441450200000.0,5441.45,2026-08-28 13:36:02
165,BTEK,PT Bumi Teknokultura Unggul Tbk,Process Industries,Agricultural Commodities/Milling,10,10,10,10,-9.090909090909092,50681400,46277500000.0,80241000.00000009,IDR,IDX,462775000000.0,462.78,2026-08-28 13:36:02
166,BTON,PT Betonjaya Manunggal Tbk,Non-Energy Minerals,Steel,354,352,366,352,-1.6666666666666667,1600,720000000.0,18470.0,IDR,IDX,254880000000.0,254.88,2026-08-28 13:36:02
167,BTPN,PT Bank SMBC Indonesia Tbk,Finance,Major Banks,2240,2240,2240,2220,0.0,7300,10645900000.0,35150.00000000014,IDR,IDX,23846816000000.0,23846.82,2026-08-28 13:36:02
168,BTPS,PT Bank BTPN Syariah Tbk,Finance,Major Banks,980,980,985,975,0.5128205128205128,268100,7703700000.0,1783800.0,IDR,IDX,7549626000000.0,7549.63,2026-08-28 13:36:02
169,BUAH,PT Segar Kumala Indonesia Tbk,Distribution Services,Food Distributors,500,510,515,500,-1.9607843137254901,254300,2000000000.0,249120.0,IDR,IDX,1000000000000.0,1000.0,2026-08-28 13:36:02
170,BUDI,PT Budi Starch & Sweetener Tbk,Process Industries,Agricultural Commodities/Milling,234,236,250,230,-0.847457627118644,1169000,4491279600.0,1160600.0,IDR,IDX,1050959426400.0,1050.96,2026-08-28 13:36:02
171,BUKA,PT Bukalapak.com Tbk,Retail Trade,Internet Retail,108,108,111,107,0.0,54467400,92989122593.0,130682670.0,IDR,IDX,10042825240044.0,10042.83,2026-08-28 13:36:02
172,BUKK,PT Bukaka Teknik Utama Tbk,Producer Manufacturing,Electrical Products,990,990,995,980,0.0,31000,2640450000.0,32880.0,IDR,IDX,2614045500000.0,2614.05,2026-08-28 13:36:02
173,BULL,PT Buana Lintas Lautan Tbk,Transportation,Marine Shipping,440,442,448,434,0.45662100456621,195846300,15494400000.0,341312189.9999998,IDR,IDX,6817536000000.0,6817.54,2026-08-28 13:36:02
174,BUMI,PT Bumi Resources Tbk Class A,Non-Energy Minerals,Precious Metals,192,195,198,191,-1.0309278350515463,1796268500,371335000000.0,2797956470.0,IDR,IDX,71296320000000.0,71296.32,2026-08-28 13:36:02
175,BUVA,PT Bukit Uluwatu Villa Tbk,Consumer Services,Movies/Entertainment,730,740,745,725,-0.6802721088435374,26885700,24617100000.0,77389600.00000009,IDR,IDX,17970483000000.0,17970.48,2026-08-28 13:36:02
176,BVIC,PT Bank Victoria International Tbk,Finance,Regional Banks,97,93,98,92,5.434782608695652,6578300,18419400000.0,1478960.0000000955,IDR,IDX,1786681800000.0,1786.68,2026-08-28 13:36:02
177,BWPT,PT Eagle High Plantations Tbk.,Process Industries,Agricultural Commodities/Milling,107,104,113,102,4.901960784313726,475887700,31122377200.0,493944440.0,IDR,IDX,3330094360400.0,3330.09,2026-08-28 13:36:02
178,BYAN,PT Bayan Resources Tbk,Energy Minerals,Coal,14975,15050,15200,14900,-0.16666666666666669,304200,33333300000.000004,2059090.0,IDR,IDX,499166167500000.06,499166.17,2026-08-28 13:36:02
179,CAKK,PT Cahayaputra Asa Keramik Tbk,Consumer Durables,Home Furnishings,156,151,165,151,4.0,3091500,1203300000.0,1078910.0,IDR,IDX,187714800000.0,187.71,2026-08-28 13:36:02
180,CAMP,PT Campina Ice Cream Industry Tbk,Consumer Non-Durables,Food: Meat/Fish/Dairy,172,178,178,172,0.5847953216374269,301800,5885000000.0,333650.0,IDR,IDX,1012220000000.0,1012.22,2026-08-28 13:36:02
181,CARE,PT Metro Healthcare Indonesia Tbk,Health Services,Medical/Nursing Services,442,444,446,442,-0.45045045045045046,80400,33250000000.0,143490.0,IDR,IDX,14696500000000.0,14696.5,2026-08-28 13:36:02
182,CARS,PT Industri dan Perdagangan Bintraco Dharma Tbk,Retail Trade,Specialty Stores,106,105,111,104,1.9230769230769231,9326400,15000000000.0,10360190.0,IDR,IDX,1590000000000.0,1590.0,2026-08-28 13:36:02
183,CASA,PT Capital Financial Indonesia Tbk,Finance,Life/Health Insurance,1810,1800,1810,1800,0.2770083102493075,200,54476300000.0,34630.00000004769,IDR,IDX,98602103000000.0,98602.1,2026-08-28 13:36:02
184,CASH,PT.Cashlez Worldwide Indonesia Tbk,Technology Services,Packaged Software,250,244,256,238,2.459016393442623,2810500,2427800000.0,2516520.0,IDR,IDX,606950000000.0,606.95,2026-08-28 13:36:02
185,CASS,PT Cahaya Aero Services Tbk,Transportation,Other Transportation,1865,1870,1895,1860,0.0,4900,2086949999.9999998,123230.0,IDR,IDX,3892161749999.9995,3892.16,2026-08-28 13:36:02
186,CBDK,PT Bangun Kosambi Sukses Tbk,Finance,Real Estate Development,3800,3860,3890,3780,-0.5235602094240838,806300,5643069000.0,2046920.0,IDR,IDX,21443662200000.0,21443.66,2026-08-28 13:36:02
187,CBPE,PT Citra Buana Prasida Tbk,Finance,Real Estate Development,500,520,520,500,-3.8461538461538463,77100,1356250000.0,167610.0,IDR,IDX,678125000000.0,678.12,2026-08-28 13:36:02
188,CBRE,PT Cakra Buana Resources Energi Tbk,Transportation,Marine Shipping,695,690,700,680,0.7246376811594203,4537100,4538067400.0,10586390.0,IDR,IDX,3153956843000.0,3153.96,2026-08-28 13:36:02
189,CBUT,PT Citra Borneo Utama Tbk,Consumer Non-Durables,Food: Specialty/Candy,1010,1065,1100,990,5.208333333333334,2735200,3125000000.0,760490.0,IDR,IDX,3156250000000.0,3156.25,2026-08-28 13:36:02
190,CCSI,PT Communication Cable Systems Indonesia Tbk,Producer Manufacturing,Electrical Products,258,254,268,252,2.380952380952381,369100,1333330000.0,436059.99999999965,IDR,IDX,343999140000.0,344.0,2026-08-28 13:36:02
191,CDIA,PT Chandra Daya Investasi Tbk.,Utilities,Electric Utilities,685,680,700,670,0.7352941176470588,30936100,124749839400.0,56645630.0,IDR,IDX,85453639989000.0,85453.64,2026-08-28 13:36:02
192,CEKA,PT Wilmar Cahaya Indonesia Tbk,Consumer Non-Durables,Food: Specialty/Candy,2180,2190,2190,2170,0.0,6000,595000000.0,29230.0,IDR,IDX,1297100000000.0,1297.1,2026-08-28 13:36:02
193,CENT,PT Centratama Telekomunikasi Indonesia Tbk,Communications,Major Telecommunications,105,109,109,98,-3.669724770642202,18821600,31183500000.0,78441090.0,IDR,IDX,3274267500000.0,3274.27,2026-08-28 13:36:02
194,CFIN,PT Clipan Finance Indonesia Tbk,Finance,Finance/Rental/Leasing,354,350,356,350,0.5681818181818182,328600,3984520000.0,2367780.0000000237,IDR,IDX,1410520080000.0,1410.52,2026-08-28 13:36:02
195,CGAS,PT Citra Nusantara Gemilang Tbk,Utilities,Gas Distributors,150,149,152,149,0.6711409395973155,2104800,,3227220.0,IDR,IDX,,,2026-08-28 13:36:02
196,CHEK,PT Diastika Biotekindo Tbk,Health Technology,Medical Specialties,132,132,132,131,0.0,67400,4033331500.0,780900.0,IDR,IDX,532399758000.0,532.4,2026-08-28 13:36:02
197,CHEM,PT Chemstar Indonesia Tbk,Process Industries,Chemicals: Major Diversified,71,71,72,70,0.0,2495700,1700014600.0,9331650.0,IDR,IDX,120701036600.0,120.7,2026-08-28 13:36:02
198,CHIP,PT Pelita Teknologi Global Tbk,Technology Services,Packaged Software,850,850,855,825,0.0,60000,806000000.0,111900.0,IDR,IDX,685100000000.0,685.1,2026-08-28 13:36:02
199,CINT,PT Chitose Internasional Tbk,Producer Manufacturing,Office Equipment/Supplies,180,179,182,178,1.1235955056179776,140100,1000000000.0,697150.0,IDR,IDX,180000000000.0,180.0,2026-08-28 13:36:02
200,CITA,PT Cita Mineral Investindo Tbk,Consumer Durables,Home Furnishings,3250,3230,3250,3210,0.6191950464396285,11300,3960360000.0,90690.0,IDR,IDX,12871170000000.0,12871.17,2026-08-28 13:36:02
201,CITY,PT Natura City Developments Tbk,Finance,Real Estate Development,177,175,178,175,0.5681818181818182,119500,5405190000.0,1488610.0,IDR,IDX,956718630000.0,956.72,2026-08-28 13:36:02
202,CLAY,PT Citra Putra Realty Tbk,Consumer Services,Hotels/Resorts/Cruise lines,2700,2650,2720,2600,-1.098901098901099,22500,2570000000.0,16490.0,IDR,IDX,6939000000000.0,6939.0,2026-08-28 13:36:02
203,CLEO,PT Sariguna Primatirta Tbk,Consumer Non-Durables,Beverages: Non-Alcoholic,408,404,412,404,0.9900990099009901,6814600,24000000000.0,11162660.0,IDR,IDX,9792000000000.0,9792.0,2026-08-28 13:36:02
204,CLPI,PT Colorpak Indonesia Tbk,Process Industries,Industrial Specialties,1600,1595,1600,1585,0.3134796238244514,34100,306040900.0,63010.0,IDR,IDX,489665440000.0,489.67,2026-08-28 13:36:02
205,CMNP,PT Citra Marga Nusaphala Persada Tbk,Transportation,Other Transportation,1385,1405,1405,1365,0.36231884057971014,7000,6696350000.0,71209.99999999255,IDR,IDX,9274444750000.0,9274.44,2026-08-28 13:36:02
206,CMNT,PT Cemindo Gemilang Tbk,Non-Energy Minerals,Construction Materials,750,745,755,735,1.3513513513513513,16377300,17125504000.0,23559880.0,IDR,IDX,12844128000000.0,12844.13,2026-08-28 13:36:02
207,CMRY,PT Cisarua Mountain Dairy Tbk,Distribution Services,Food Distributors,4720,4680,4750,4680,1.070663811563169,4899500,7934683000.0,2707610.0,IDR,IDX,37451703760000.0,37451.7,2026-08-28 13:36:02
208,CNMA,PT Nusantara Sejahtera Raya Tbk,Consumer Services,Movies/Entertainment,93,93,93,92,0.0,2688400,83279924289.0,28423810.000000007,IDR,IDX,7745032958877.0,7745.03,2026-08-28 13:36:02
209,COCO,PT Wahana Interfood Nusantara Tbk,Consumer Non-Durables,Food: Specialty/Candy,101,101,102,100,1.0,64096900,14237800000.0,169933549.9999999,IDR,IDX,1438017800000.0,1438.02,2026-08-28 13:36:02
210,COIN,PT Indokripto Koin Semesta Tbk,Miscellaneous,Miscellaneous,830,815,870,815,3.75,43171500,14705883000.0,77003020.0,IDR,IDX,12205882890000.0,12205.88,2026-08-28 13:36:02
211,CPIN,PT Charoen Pokphand Indonesia Tbk,Process Industries,Agricultural Commodities/Milling,3040,3030,3060,3020,0.6622516556291391,7398500,16398000000.0,16094629.999999845,IDR,IDX,49849920000000.0,49849.92,2026-08-28 13:36:02
212,CPRO,PT Central Proteina Prima Tbk,Process Industries,Agricultural Commodities/Milling,50,50,50,50,0.0,934200,59572400000.0,65723090.0,IDR,IDX,2978620000000.0,2978.62,2026-08-28 13:36:02
213,CRSN,PT Carsurin Tbk,Commercial Services,Miscellaneous Commercial Services,126,128,130,126,-3.076923076923077,657100,,1713550.0,IDR,IDX,,,2026-08-28 13:36:02
214,CSAP,PT Catur Sentosa Adiprana Tbk,Distribution Services,Wholesale Distributors,288,288,290,288,-0.6896551724137931,22900,5683180000.0,671940.0,IDR,IDX,1636755840000.0,1636.76,2026-08-28 13:36:02
215,CSIS,PT Cahayasakti Investindo Sukses Tbk,Finance,Real Estate Development,216,220,220,214,-1.8181818181818181,289900,1829800000.0,4590590.000000005,IDR,IDX,395236800000.0,395.24,2026-08-28 13:36:02
216,CSMI,PT Cipta Selera Murni Tbk,Consumer Services,Restaurants,183,161,193,149,17.307692307692307,161840200,816061000.0,181554670.0,IDR,IDX,149339163000.0,149.34,2026-08-28 13:36:02
217,CSRA,PT Cisadane Sawit Raya Tbk,Process Industries,Agricultural Commodities/Milling,765,785,785,765,-1.2903225806451613,95600,1954892900.0,249090.0,IDR,IDX,1495493068500.0,1495.49,2026-08-28 13:36:02
218,CTBN,PT Citra Tubindo Tbk,Industrial Services,Oilfield Services/Equipment,3190,3230,3240,3150,0.0,31800,800372000.0,172140.0,IDR,IDX,2553186680000.0,2553.19,2026-08-28 13:36:02
219,CTRA,PT Ciputra Development Tbk,Finance,Real Estate Development,630,625,635,625,1.6129032258064515,5527500,18535700000.0,11027250.000000095,IDR,IDX,11677491000000.0,11677.49,2026-08-28 13:36:02
220,CTTH,PT Citatah Tbk,Non-Energy Minerals,Construction Materials,127,125,129,124,0.7936507936507936,2210600,1230840000.0,11710300.0,IDR,IDX,156316680000.0,156.32,2026-08-28 13:36:02
221,CUAN,PT Petrindo Jaya Kreasi Tbk,Non-Energy Minerals,Other Metals/Minerals,835,820,855,810,2.4539877300613497,256397200,112399199400.0,554989270.0,IDR,IDX,93853331499000.0,93853.33,2026-08-28 13:36:02
222,CYBR,PT ITSEC Asia Tbk,Technology Services,Information Technology Services,540,540,545,530,0.9345794392523363,18767800,13483590000.0,26611470.0,IDR,IDX,7281138600000.0,7281.14,2026-08-28 13:36:02
223,DAAZ,PT Daaz Bara Lestari Tbk,Distribution Services,Wholesale Distributors,1720,1735,1755,1695,2.0771513353115725,721900,1997000000.0,539250.0,IDR,IDX,3434840000000.0,3434.84,2026-08-28 13:36:02
224,DADA,PT Diamond Citra Propertindo Tbk,Finance,Real Estate Development,50,50,50,50,0.0,340800,7431530000.0,167950.0,IDR,IDX,371576500000.0,371.58,2026-08-28 13:36:02
225,DART,PT Duta Anggada Realty Tbk,Consumer Durables,Homebuilding,164,165,169,162,0.0,1289000,3141390000.0,3523600.0,IDR,IDX,515187960000.0,515.19,2026-08-28 13:36:02
226,DATA,PT Remala Abadi Tbk,Communications,Major Telecommunications,1855,1860,1880,1840,-0.5361930294906166,806400,1375000000.0,1550470.0,IDR,IDX,2550625000000.0,2550.62,2026-08-28 13:36:02
227,DAYA,PT Duta Intidaya Tbk,Retail Trade,Drugstore Chains,1125,1130,1130,1080,-0.4424778761061947,4800,2420550000.0,20740.0,IDR,IDX,2723118750000.0,2723.12,2026-08-28 13:36:02
228,DCII,PT DCI Indonesia Tbk,Technology Services,Data Processing Services,203500,203700,203700,203500,-0.09818360333824251,200,2383750000.0,390.0,IDR,IDX,485093125000000.0,485093.12,2026-08-28 13:36:02
229,DEFI,PT Danasupra Erapacific Tbk,Finance,Finance/Rental/Leasing,106,105,111,104,0.9523809523809524,17494100,687267000.0,13255350.0,IDR,IDX,72850302000.0,72.85,2026-08-28 13:36:02
230,DEPO,PT Caturkarda Depo Bangunan Tbk,Retail Trade,Home Improvement Chains,252,254,258,250,0.0,133800,6790000000.0,1196240.0,IDR,IDX,1711080000000.0,1711.08,2026-08-28 13:36:02
231,DEWA,PT Darma Henwa Tbk,Energy Minerals,Coal,446,448,452,444,-0.4464285714285714,157795500,39048606126.0,407928410.0,IDR,IDX,17415678332196.0,17415.68,2026-08-28 13:36:02
232,DEWI,PT Dewi Shri Farmindo Tbk,Retail Trade,Food Retail,152,152,153,149,0.6622516556291391,29231500,2000000000.0,52062220.0,IDR,IDX,304000000000.0,304.0,2026-08-28 13:36:02
233,DFAM,PT Dafam Property Indonesia Tbk,Consumer Services,Hotels/Resorts/Cruise lines,82,82,82,81,1.2345679012345678,853200,1899850000.0,7694330.0,IDR,IDX,155787700000.0,155.79,2026-08-28 13:36:02
234,DGIK,PT Nusa Konstruksi Enjiniring Tbk,Industrial Services,Engineering & Construction,135,137,138,134,-1.4598540145985401,3929400,5140955500.0,7889950.0,IDR,IDX,694028992500.0,694.03,2026-08-28 13:36:02
235,DGNS,PT Diagnos Laboratorium Utama Tbk,Health Services,Medical/Nursing Services,238,236,240,228,0.847457627118644,198200,1375000000.0,344870.0,IDR,IDX,327250000000.0,327.25,2026-08-28 13:36:02
236,DGWG,PT Delta Giri Wacana Tbk,Process Industries,Chemicals: Agricultural,346,350,350,344,-1.1428571428571428,5806300,5882353000.0,14359990.0,IDR,IDX,2035294138000.0,2035.29,2026-08-28 13:36:02
237,DILD,PT Intiland Development Tbk,Finance,Real Estate Development,119,121,122,118,-0.8333333333333334,10476900,10365900000.0,26362410.00000007,IDR,IDX,1233542100000.0,1233.54,2026-08-28 13:36:02
238,DIVA,PT Distribusi Voucher Nusantara Tbk,Technology Services,Packaged Software,137,139,139,136,-1.4388489208633095,1928000,1399986200.0,5896220.0,IDR,IDX,191798109400.0,191.8,2026-08-28 13:36:02
239,DKFT,PT Central Omega Resources Tbk,Non-Energy Minerals,Other Metals/Minerals,660,675,675,655,-0.7518796992481203,4280300,5638250000.0,4102430.0,IDR,IDX,3721245000000.0,3721.24,2026-08-28 13:36:02
240,DKHH,Pt Cipta Sarana Medika Tbk.,Health Services,Hospital/Nursing Management,64,64,64,63,0.0,6151800,,12852100.0,IDR,IDX,,,2026-08-28 13:36:02
241,DLTA,PT Delta Djakarta Tbk,Consumer Non-Durables,Beverages: Alcoholic,1790,1790,1790,1780,0.2801120448179272,12800,800659000.0,55530.0,IDR,IDX,1433179610000.0,1433.18,2026-08-28 13:36:02
242,DMAS,PT Puradelta Lestari Tbk,Finance,Real Estate Development,190,180,193,180,6.145251396648044,659388400,48198100000.0,429399590.0,IDR,IDX,9157639000000.0,9157.64,2026-08-28 13:36:02
243,DMMX,PT Digital Mediatama Maxima Tbk,Commercial Services,Advertising/Marketing Services,197,202,206,195,-2.4752475247524752,4152500,7259437500.0,9353670.0,IDR,IDX,1430109187500.0,1430.11,2026-08-28 13:36:02
244,DMND,PT Diamond Food Indonesia Tbk,Consumer Non-Durables,Food: Meat/Fish/Dairy,625,630,630,625,-0.7936507936507936,1000,9468360000.0,18790.0,IDR,IDX,5917725000000.0,5917.72,2026-08-28 13:36:02
245,DNAR,PT Bank Oke Indonesia Tbk,Finance,Major Banks,130,127,138,126,2.3622047244094486,4624100,16892400000.000002,1844540.0,IDR,IDX,2196012000000.0002,2196.01,2026-08-28 13:36:02
246,DNET,PT Indoritel Makmur Internasional Tbk,Communications,Specialty Telecommunications,9950,9925,9950,9750,1.530612244897959,2900,14184000000.0,19600.0,IDR,IDX,141130800000000.0,141130.8,2026-08-28 13:36:02
247,DOID,PT BUMA Internasional Grup Tbk,Energy Minerals,Coal,232,234,240,230,-0.8547008547008548,1639100,7357172300.0,4460840.000000191,IDR,IDX,1706863973600.0,1706.86,2026-08-28 13:36:02
248,DOOH,PT Era Media Sejahtera Tbk,Commercial Services,Advertising/Marketing Services,326,304,356,298,10.884353741496598,741208100,7738891000.0,228150180.0,IDR,IDX,2522878466000.0,2522.88,2026-08-28 13:36:02
249,DOSS,PT Global Sukses Digital Tbk,Retail Trade,Electronics/Appliance Stores,173,177,178,172,1.1695906432748537,1100000,,5626080.0,IDR,IDX,,,2026-08-28 13:36:02
250,DPUM,PT Dua Putra Utama Makmur Tbk,Distribution Services,Food Distributors,93,94,94,90,-1.0638297872340425,20974900,4164540000.0,11208740.0,IDR,IDX,387302220000.0,387.3,2026-08-28 13:36:02
251,DRMA,PT Dharma Polimetal Tbk,Producer Manufacturing,Auto Parts: OEM,1010,1010,1015,1005,0.4975124378109453,361100,4705882300.0,747550.0,IDR,IDX,4752941123000.0,4752.94,2026-08-28 13:36:02
252,DSFI,PT Dharma Samudera Fishing Industries Tbk,Consumer Non-Durables,Food: Meat/Fish/Dairy,89,89,89,87,0.0,1425700,1857140000.0,11741050.0,IDR,IDX,165285460000.0,165.29,2026-08-28 13:36:02
253,DSNG,PT Dharma Satya Nusantara Tbk,Non-Energy Minerals,Forest Products,1540,1545,1555,1520,-1.5974440894568689,1334000,10599800000.0,5495900.0,IDR,IDX,16323692000000.0,16323.69,2026-08-28 13:36:02
254,DSSA,PT Dian Swastatika Sentosa Tbk,Energy Minerals,Coal,1255,1140,1290,1140,10.087719298245613,625956100,154732043250.0,555652000.0,IDR,IDX,194188714278750.0,194188.71,2026-08-28 13:36:02
255,DUTI,PT Duta Pertiwi Tbk,Finance,Real Estate Development,4810,4810,4810,4810,0.0,200,1850000000.0,5300.0,IDR,IDX,8898500000000.0,8898.5,2026-08-28 13:36:02
256,DVLA,PT Darya-Varia Laboratoria Tbk,Health Technology,Pharmaceuticals: Major,1580,1580,1580,1580,0.0,14900,1120000000.0,10000.0,IDR,IDX,1769600000000.0,1769.6,2026-08-28 13:36:02
257,DWGL,PT Dwi Guna Laksana Tbk,Energy Minerals,Coal,296,296,302,292,0.6802721088435374,1356500,9252820000.0,6656620.0,IDR,IDX,2738834720000.0,2738.83,2026-08-28 13:36:02
258,DYAN,PT Dyandra Media International Tbk,Commercial Services,Miscellaneous Commercial Services,89,90,90,87,0.0,3879000,4272960000.0,6689390.0,IDR,IDX,380293440000.0,380.29,2026-08-28 13:36:02
259,EAST,PT Eastparc Hotel Tbk,Consumer Services,Hotels/Resorts/Cruise lines,90,90,91,89,0.0,2268200,4126410000.0,1140130.0,IDR,IDX,371376900000.0,371.38,2026-08-28 13:36:02
260,ECII,PT Electronic City Indonesia Tbk,Retail Trade,Electronics/Appliance Stores,162,160,171,156,3.1847133757961785,4491300,1214878805.0,1000780.0,IDR,IDX,196810366410.0,196.81,2026-08-28 13:36:02
261,EKAD,PT Ekadharma International Tbk,Process Industries,Pulp & Paper,398,420,422,370,-5.687203791469194,12642000,3493880000.0,38863859.999999925,IDR,IDX,1390564240000.0,1390.56,2026-08-28 13:36:02
262,ELIT,PT Data Sinergitama Jaya Tbk,Technology Services,Information Technology Services,266,280,286,258,0.7575757575757576,36206500,2019960500.0,69408310.0,IDR,IDX,537309493000.0,537.31,2026-08-28 13:36:02
263,ELPI,PT Pelayaran Nasional Ekalya Purnamasari Tbk,Transportation,Air Freight/Couriers,685,670,685,650,2.2388059701492535,907600,12238880000.0,1105589.9999999998,IDR,IDX,8383632800000.0,8383.63,2026-08-28 13:36:02
264,ELSA,PT Elnusa Tbk,Energy Minerals,Oil & Gas Production,695,700,700,690,0.0,6243900,7298500000.0,18553490.0,IDR,IDX,5072457500000.0,5072.46,2026-08-28 13:36:02
265,ELTY,PT Bakrieland Development Tbk Class A,Finance,Real Estate Development,37,38,38,37,-2.631578947368421,22316500,43521900000.0,64676030.0,IDR,IDX,1610310300000.0,1610.31,2026-08-28 13:36:02
266,EMAS,PT Merdeka Gold Resources Tbk,Non-Energy Minerals,Precious Metals,9100,9000,9175,8850,-0.273972602739726,11940100,14731366000.0,23490640.0,IDR,IDX,134055430600000.0,134055.43,2026-08-28 13:36:02
267,EMDE,PT Megapolitan Developments Tbk,Finance,Real Estate Development,75,75,76,74,0.0,1451700,3320638884.0,8369810.0,IDR,IDX,249047916300.0,249.05,2026-08-28 13:36:02
268,EMMI,PT ESA Medika Mandiri Tbk,Health Technology,Medical Specialties,354,362,364,354,-2.209944751381215,2385200,,5615710.0,IDR,IDX,,,2026-08-28 13:36:02
269,EMTK,PT Elang Mahkota Teknologi Tbk,Consumer Services,Broadcasting,515,510,525,510,0.9803921568627451,16545600,61182553450.0,44532140.0,IDR,IDX,31509015026750.0,31509.02,2026-08-28 13:36:02
270,ENAK,PT Champ Resto Indonesia Tbk,Consumer Services,Hotels/Resorts/Cruise lines,236,236,240,232,0.0,285000,2159479700.0,1214290.0,IDR,IDX,509637209200.0,509.64,2026-08-28 13:36:02
271,ENRG,PT Energi Mega Persada Tbk,Energy Minerals,Oil & Gas Production,1270,1265,1275,1245,2.0080321285140563,36095900,39846800000.0,96521260.00000003,IDR,IDX,50605436000000.0,50605.44,2026-08-28 13:36:02
272,ENZO,PT Morenzo Abadi Perkasa Tbk,Consumer Non-Durables,Food: Meat/Fish/Dairy,72,71,73,69,0.0,7930800,2162550000.0,18636860.0,IDR,IDX,155703600000.0,155.7,2026-08-28 13:36:02
273,EPAC,PT Megalestari Epack Sentosaraya Tbk,Technology Services,Internet Software/Services,56,55,57,53,3.7037037037037033,84873200,3303400000.0,134011360.0,IDR,IDX,184990400000.0,184.99,2026-08-28 13:36:02
274,EPMT,PT Enseval Putera Megatrading Tbk,Distribution Services,Medical Distributors,2350,2380,2380,2350,-1.2605042016806722,1500,2708640000.0,33010.0,IDR,IDX,6365304000000.0,6365.3,2026-08-28 13:36:02
275,ERAA,PT Erajaya Swasembada Tbk,Distribution Services,Electronics Distributors,490,496,498,484,-1.2096774193548387,64413900,15809236878.0,84963750.0,IDR,IDX,7746526070220.0,7746.53,2026-08-28 13:36:02
276,ERAL,PT Sinar Eka Selaras Tbk,Retail Trade,Electronics/Appliance Stores,300,300,304,298,-1.3157894736842104,1444600,5187500000.0,5534670.0,IDR,IDX,1556250000000.0,1556.25,2026-08-28 13:36:02
277,ERTX,PT Eratex Djaja Tbk,Process Industries,Textiles,182,183,183,179,-0.546448087431694,175500,1286540000.0,628220.0,IDR,IDX,234150280000.0,234.15,2026-08-28 13:36:02
278,ESIP,PT Sinergi Inti Plastindo Tbk,Producer Manufacturing,Miscellaneous Manufacturing,120,121,121,118,-0.8264462809917356,6032700,1109950000.0,10324170.000000333,IDR,IDX,133194000000.0,133.19,2026-08-28 13:36:02
279,ESSA,PT ESSA Industries Indonesia Tbk,Energy Minerals,Oil Refining/Marketing,615,615,625,610,0.0,49641400,17227000000.0,76501420.00000009,IDR,IDX,10594605000000.0,10594.6,2026-08-28 13:36:02
280,ESTA,PT Esta Multi Usaha Tbk,Consumer Services,Hotels/Resorts/Cruise lines,171,172,172,167,0.5882352941176471,96700,2425350000.0,441320.00000008347,IDR,IDX,414734850000.0,414.73,2026-08-28 13:36:02
281,ESTI,PT Ever Shine Textile Tbk,Process Industries,Textiles,160,161,161,158,0.628930817610063,523300,2015210000.0,4044880.0,IDR,IDX,322433600000.0,322.43,2026-08-28 13:36:02
282,EURO,PT Estee Gold Feet Tbk,Consumer Non-Durables,Household/Personal Care,1375,1425,1425,1305,-3.508771929824561,700500,2548826400.0,344110.0,IDR,IDX,3504636300000.0,3504.64,2026-08-28 13:36:02
283,EXCL,PT XLSMART Telecom Sejahtera Tbk,Communications,Major Telecommunications,2770,2820,2830,2770,0.0,2526500,18199900000.0,8434980.0,IDR,IDX,50413723000000.0,50413.72,2026-08-28 13:36:02
284,FAPA,PT FAP Agri Tbk,Consumer Non-Durables,Food: Specialty/Candy,7450,7450,7475,7450,0.0,1900,3484988000.0,2060.0,IDR,IDX,25963160600000.0,25963.16,2026-08-28 13:36:02
285,FAST,PT Fast Food Indonesia Tbk,Consumer Services,Restaurants,486,482,490,480,1.6736401673640167,12058400,4520402000.0,79835760.0,IDR,IDX,2196915372000.0,2196.92,2026-08-28 13:36:02
286,FILM,PT MD Entertainment Tbk,Consumer Services,Movies/Entertainment,835,860,875,825,-1.7647058823529411,13322300,10850400000.0,23701860.000000007,IDR,IDX,9060084000000.0,9060.08,2026-08-28 13:36:02
287,FIRE,PT Alfa Energi Investama Tbk,Energy Minerals,Coal,112,114,114,111,-0.8849557522123894,7380500,1475360000.0,48697760.0,IDR,IDX,165240320000.0,165.24,2026-08-28 13:36:02
288,FISH,PT FKS Multi Agro Tbk,Consumer Non-Durables,Food: Meat/Fish/Dairy,615,605,615,605,0.0,10100,4800000000.0,31520.0,IDR,IDX,2952000000000.0,2952.0,2026-08-28 13:36:02
289,FITT,PT Hotel Fitra International Tbk,Consumer Services,Hotels/Resorts/Cruise lines,384,380,426,376,2.6737967914438503,734900,1304270000.0,454029.9999999985,IDR,IDX,500839680000.0,500.84,2026-08-28 13:36:02
290,FLMC,PT Falmaco Nonwoven Industri Tbk,Process Industries,Textiles,80,81,84,77,-1.2345679012345678,6478300,781250000.0,2601070.0,IDR,IDX,62500000000.0,62.5,2026-08-28 13:36:02
291,FMII,PT Fortune Mate Indonesia Tbk,Finance,Real Estate Development,256,256,256,248,0.0,5400,6400000000.0,28910.00000000037,IDR,IDX,1638400000000.0,1638.4,2026-08-28 13:36:02
292,FOLK,PT Multi Garam Utama Tbk,Distribution Services,Wholesale Distributors,178,180,183,173,-0.5586592178770949,6260100,4091357700.0,13435730.0,IDR,IDX,728261670600.0,728.26,2026-08-28 13:36:02
293,FORE,PT Fore Kopi Indonesia Tbk,Consumer Services,Restaurants,840,830,865,825,1.2048192771084338,7359400,8918359000.0,8489090.0,IDR,IDX,7491421560000.0,7491.42,2026-08-28 13:36:02
294,FORU,"PT Fortune Indonesia, Tbk",Commercial Services,Advertising/Marketing Services,2000,1980,2030,1980,0.5025125628140703,223900,465224000.0,660010.0,IDR,IDX,930448000000.0,930.45,2026-08-28 13:36:02
295,FPNI,PT Lotte Chemical Titan Tbk,Process Industries,Chemicals: Specialty,625,630,660,625,-0.7936507936507936,9019500,5566410000.0,33681120.0,IDR,IDX,3479006250000.0,3479.01,2026-08-28 13:36:02
296,FUJI,PT Fuji Finance Indonesia Tbk.,Finance,Finance/Rental/Leasing,334,336,346,334,-0.5952380952380952,4220600,1300000000.0,7077060.0,IDR,IDX,434200000000.0,434.2,2026-08-28 13:36:02
297,FUTR,PT Futura Energi Global Tbk,Commercial Services,Advertising/Marketing Services,326,330,338,318,-0.6097560975609756,13430000,6635552000.0,63682620.0,IDR,IDX,2163189952000.0,2163.19,2026-08-28 13:36:02
298,FWCT,PT Wijaya Cahaya Timber Tbk,Non-Energy Minerals,Forest Products,91,90,91,89,2.247191011235955,1314300,1963000000.0,4849470.0,IDR,IDX,178633000000.0,178.63,2026-08-28 13:36:02
299,GDST,PT Gunawan Dianjaya Steel Tbk,Non-Energy Minerals,Steel,113,112,115,110,0.8928571428571428,2587400,9242500000.0,8058700.0,IDR,IDX,1044402500000.0,1044.4,2026-08-28 13:36:02
300,GDYR,PT Goodyear Indonesia Tbk,Consumer Durables,Automotive Aftermarket,1110,1110,1110,1110,-0.8928571428571428,100,410000000.0,37290.0,IDR,IDX,455100000000.0,455.1,2026-08-28 13:36:02
301,GEMA,PT Gema Grahasarana Tbk,Producer Manufacturing,Office Equipment/Supplies,82,82,83,82,0.0,148400,1597000000.0,1528980.0,IDR,IDX,130954000000.0,130.95,2026-08-28 13:36:02
302,GEMS,PT Golden Energy Mines Tbk,Energy Minerals,Coal,6900,6875,6900,6825,0.7299270072992701,29100,5882350000.0,93510.0,IDR,IDX,40588215000000.0,40588.21,2026-08-28 13:36:02
303,GGRM,PT Gudang Garam Tbk,Consumer Non-Durables,Tobacco,19650,19800,19850,19650,0.0,266300,1924090000.0,1068980.0,IDR,IDX,37808368500000.0,37808.37,2026-08-28 13:36:02
304,GGRP,PT Gunung Raja Paksi Tbk,Non-Energy Minerals,Steel,302,304,304,300,0.0,693100,12111400000.0,1042270.0,IDR,IDX,3657642800000.0,3657.64,2026-08-28 13:36:02
305,GHON,PT Gihon Telekomunikasi Indonesia,Communications,Specialty Telecommunications,1625,1630,1630,1610,-0.3067484662576687,2800,550000000.0,9830.0,IDR,IDX,893750000000.0,893.75,2026-08-28 13:36:02
306,GIAA,PT Garuda Indonesia (Persero) Tbk Class B,Transportation,Airlines,65,67,67,64,-1.5151515151515151,39995200,407092000000.0,344598619.9999997,IDR,IDX,26460980000000.0,26460.98,2026-08-28 13:36:02
307,GJTL,PT Gajah Tunggal Tbk,Consumer Durables,Automotive Aftermarket,1430,1440,1445,1425,-1.0380622837370241,1945400,3484800000.0,6938960.0,IDR,IDX,4983264000000.0,4983.26,2026-08-28 13:36:02
308,GLVA,PT Galva Technologies Tbk,Distribution Services,Electronics Distributors,312,312,314,306,0.6451612903225806,7100,1500000000.0,62580.0,IDR,IDX,468000000000.0,468.0,2026-08-28 13:36:02
309,GMFI,PT Garuda Maintenance Facility Aero Asia Tbk,Transportation,Other Transportation,59,58,60,58,1.7241379310344827,55297000,124835000000.0,208750940.0,IDR,IDX,7365265000000.0,7365.26,2026-08-28 13:36:02
310,GMTD,PT Gowa Makassar Tourism Development Tbk,Finance,Real Estate Development,1410,1340,1410,1340,0.0,13100,1015380000.0,15450.0,IDR,IDX,1431685800000.0,1431.69,2026-08-28 13:36:02
311,GOLD,PT Visi Telekomunikasi Infrastruktur Tbk,Finance,Finance/Rental/Leasing,280,282,288,272,-0.7092198581560284,54700,1277280000.0,393960.0,IDR,IDX,357638400000.0,357.64,2026-08-28 13:36:02
312,GOLF,PT Intra Golflink Resorts Tbk,Commercial Services,Miscellaneous Commercial Services,162,164,164,160,0.0,705300,19486760000.0,2492420.0,IDR,IDX,3156855120000.0,3156.86,2026-08-28 13:36:02
313,GOOD,PT Garudafood Putra Putri Jaya Tbk,Consumer Non-Durables,Food: Specialty/Candy,310,308,312,308,0.6493506493506493,192000,36877599400.0,195930.0,IDR,IDX,11432055814000.0,11432.06,2026-08-28 13:36:02
314,GOTO,PT GoTo Gojek Tokopedia Tbk,Technology Services,Packaged Software,50,50,50,50,0.0,11263900,1066092423608.9999,13610880.0,IDR,IDX,53304621180449.99,53304.62,2026-08-28 13:36:02
315,GPRA,PT Perdana Gapuraprima Tbk,Consumer Durables,Homebuilding,111,109,114,108,1.834862385321101,117159400,4276660000.0,137364460.0,IDR,IDX,474709260000.0,474.71,2026-08-28 13:36:02
316,GPSO,PT Geoprima Solusi Tbk,Technology Services,Information Technology Services,296,300,306,294,-1.3333333333333335,52564900,733415100.0,31923870.0,IDR,IDX,217090869600.0,217.09,2026-08-28 13:36:02
317,GRIA,PT Ingria Pratama Capitalindo Tbk,Finance,Real Estate Development,185,180,192,180,-3.1413612565445024,31406900,7375720700.0,46337430.0,IDR,IDX,1364508329500.0,1364.51,2026-08-28 13:36:02
318,GRPH,PT Griptha Putra Persada Tbk,Consumer Services,Hotels/Resorts/Cruise lines,103,91,112,91,15.730337078651685,289200500,,123407800.0,IDR,IDX,,,2026-08-28 13:36:02
319,GRPM,PT Graha Prima Mentari Tbk,Distribution Services,Food Distributors,192,175,192,175,9.714285714285714,11625300,1571666500.0,7314000.0,IDR,IDX,301759968000.0,301.76,2026-08-28 13:36:02
320,GSMF,PT Equity Development Investment Tbk Class A,Finance,Property/Casualty Insurance,103,96,107,95,8.421052631578947,31837800,15456800000.0,34495880.000000075,IDR,IDX,1592050400000.0,1592.05,2026-08-28 13:36:02
321,GTRA,PT Grahaprima Suksesmandiri Tbk,Transportation,Trucking,222,230,232,222,0.0,322500,1894375000.0,372220.0,IDR,IDX,420551250000.0,420.55,2026-08-28 13:36:02
322,GTSI,PT GTS Internasional,Transportation,Air Freight/Couriers,170,173,176,170,-1.7341040462427744,13082400,15819143000.0,36821450.0,IDR,IDX,2689254310000.0,2689.25,2026-08-28 13:36:02
323,GULA,PT Aman Agrindo Tbk,Process Industries,Agricultural Commodities/Milling,745,775,785,740,-4.487179487179487,11667600,,29186490.0,IDR,IDX,,,2026-08-28 13:36:02
324,GUNA,PT Gunanusa Eramandiri Tbk,Consumer Non-Durables,Food: Specialty/Candy,216,218,222,216,-1.8181818181818181,79700,2500000000.0,674600.0,IDR,IDX,540000000000.0,540.0,2026-08-28 13:36:02
325,GWSA,PT Greenwood Sejahtera Tbk,Finance,Real Estate Development,172,175,177,169,-1.7142857142857144,2363800,7800760000.0,6398040.0,IDR,IDX,1341730720000.0,1341.73,2026-08-28 13:36:02
326,GZCO,PT Gozco Plantations Tbk,Process Industries,Agricultural Commodities/Milling,183,178,188,178,3.389830508474576,46702000,5779661000.0,46061880.0,IDR,IDX,1057677963000.0,1057.68,2026-08-28 13:36:02
327,HADE,PT Himalaya Energi Perkasa Tbk,Distribution Services,Wholesale Distributors,17,17,17,17,6.25,306600,2120000000.0,2718370.0,IDR,IDX,36040000000.0,36.04,2026-08-28 13:36:02
328,HAIS,PT Hasnur Internasional Shipping Tbk,Transportation,Marine Shipping,183,183,184,182,0.0,315700,2626250000.0,375040.0,IDR,IDX,480603750000.0,480.6,2026-08-28 13:36:02
329,HAJJ,PT Arsy Buana Travelindo Tbk,Consumer Services,Other Consumer Services,112,113,114,112,-0.8849557522123894,2951200,2468527600.0,8147660.0,IDR,IDX,276475091200.0,276.48,2026-08-28 13:36:02
330,HALO,PT Haloni Jane Tbk,Producer Manufacturing,Miscellaneous Manufacturing,69,68,70,68,1.4705882352941175,2115100,6078729000.0,12831120.0,IDR,IDX,419432301000.0,419.43,2026-08-28 13:36:02
331,HATM,PT Habco Trans Maritima Tbk,Transportation,Marine Shipping,560,555,595,550,0.9009009009009009,11779300,8680000000.0,27478270.0,IDR,IDX,4860800000000.0,4860.8,2026-08-28 13:36:02
332,HBAT,PT Minahasa Membangun Hebat Tbk,Finance,Real Estate Development,278,288,304,262,0.0,1337500,,899350.0,IDR,IDX,,,2026-08-28 13:36:02
333,HDFA,PT Radana Bhaskara Finance Tbk,Finance,Finance/Rental/Leasing,101,101,102,100,0.0,120900,6542450000.0,2162319.99999997,IDR,IDX,660787450000.0,660.79,2026-08-28 13:36:02
334,HDIT,PT Hensel Davest Indonesia Tbk,Commercial Services,Miscellaneous Commercial Services,50,50,50,50,0.0,48700,1524680000.0,7125690.0,IDR,IDX,76234000000.0,76.23,2026-08-28 13:36:02
335,HEAL,PT Medikaloka Hermina Tbk,Health Services,Hospital/Nursing Management,650,650,660,645,0.0,7976000,15245748700.0,20225980.0,IDR,IDX,9909736655000.0,9909.74,2026-08-28 13:36:02
336,HELI,PT Jaya Trishindo Tbk,Transportation,Airlines,197,197,202,195,1.0256410256410255,482100,832862000.0,1148710.0,IDR,IDX,164073814000.0,164.07,2026-08-28 13:36:02
337,HERO,PT DFI Retail Nusantara Tbk,Retail Trade,Drugstore Chains,334,334,362,322,0.6024096385542169,442500,4183630000.0,281250.00000000297,IDR,IDX,1397332420000.0,1397.33,2026-08-28 13:36:02
338,HEXA,PT Hexindo Adiperkasa Tbk,Distribution Services,Wholesale Distributors,4440,4340,4460,4340,2.3041474654377883,532500,840000000.0,520600.0,IDR,IDX,3729600000000.0,3729.6,2026-08-28 13:36:02
339,HGII,PT Hero Global Investment Tbk,Utilities,Electric Utilities,144,145,168,139,9.090909090909092,60183900,6500000000.0,7465800.0,IDR,IDX,936000000000.0,936.0,2026-08-28 13:36:02
340,HMSP,PT Hanjaya Mandala Sampoerna Tbk,Consumer Non-Durables,Tobacco,740,745,745,735,-0.6711409395973155,2223600,116318000000.0,16842540.0,IDR,IDX,86075320000000.0,86075.32,2026-08-28 13:36:02
341,HOKI,PT Buyung Poetra Sembada Tbk,Process Industries,Agricultural Commodities/Milling,57,55,58,55,3.6363636363636362,9239300,9677750000.0,18045570.0,IDR,IDX,551631750000.0,551.63,2026-08-28 13:36:02
342,HOMI,PT Grand House Mulia Tbk,Finance,Real Estate Development,208,200,212,198,0.0,1560900,1575000000.0,5910350.0,IDR,IDX,327600000000.0,327.6,2026-08-28 13:36:02
343,HOPE,PT Harapan Duta Pertiwi Tbk,Producer Manufacturing,Trucks/Construction/Farm Machinery,248,262,262,242,-4.615384615384616,21286800,2130360000.0000002,70938610.0,IDR,IDX,528329280000.00006,528.33,2026-08-28 13:36:02
344,HRME,PT Menteng Heritage Realty Tbk,Consumer Services,Hotels/Resorts/Cruise lines,38,38,38,38,5.555555555555555,976300,5958750000.0,1716510.0,IDR,IDX,226432500000.0,226.43,2026-08-28 13:36:02
345,HRTA,PT Hartadinata Abadi Tbk,Consumer Durables,Other Consumer Specialties,2340,2370,2370,2340,-0.847457627118644,2574000,4605260000.0,13337910.0,IDR,IDX,10776308400000.0,10776.31,2026-08-28 13:36:02
346,HRUM,PT Harum Energy Tbk,Energy Minerals,Coal,920,935,940,920,0.546448087431694,6758400,13148556400.0,21928000.0,IDR,IDX,12096671888000.0,12096.67,2026-08-28 13:36:02
347,HUMI,PT Humpuss Maritim Internasional Tbk,Transportation,Other Transportation,139,140,142,139,-0.7142857142857143,18940800,18063771000.0,50389860.0,IDR,IDX,2510864169000.0,2510.86,2026-08-28 13:36:02
348,HYGN,PT Ecocare Indo Pasifik Tbk,Commercial Services,Miscellaneous Commercial Services,184,182,185,181,1.098901098901099,611100,,1791820.0,IDR,IDX,,,2026-08-28 13:36:02
349,IATA,PT Karya Pacific Energy Tbk,Distribution Services,Wholesale Distributors,116,117,118,114,-0.8547008547008548,137680200,31275800000.0,764396510.0,IDR,IDX,3627992800000.0,3627.99,2026-08-28 13:36:02
350,IBOS,PT Indo Boga Sukses Tbk,Consumer Services,Restaurants,86,88,88,85,-2.272727272727273,2007000,8065789600.0,10943180.0,IDR,IDX,693657905600.0,693.66,2026-08-28 13:36:02
351,ICBP,PT Indofood CBP Sukses Makmur Tbk,Consumer Non-Durables,Food: Specialty/Candy,7975,7950,7975,7925,0.3144654088050315,1362500,11661900000.0,4192160.0,IDR,IDX,93003652500000.0,93003.65,2026-08-28 13:36:02
352,ICON,PT Island Concepts Indonesia Tbk,Consumer Services,Restaurants,128,132,132,126,1.5873015873015872,2763600,1089750000.0,30447570.0,IDR,IDX,139488000000.0,139.49,2026-08-28 13:36:02
353,IDEA,PT Idea Indonesia Akademi Tbk,Commercial Services,Miscellaneous Commercial Services,61,63,63,60,-1.6129032258064515,541200,1062437500.0,3335350.0,IDR,IDX,64808687500.0,64.81,2026-08-28 13:36:02
354,IDPR,PT Indonesia Pondasi Raya Tbk,Industrial Services,Engineering & Construction,266,268,268,266,0.0,9600,2003000000.0,29070.0,IDR,IDX,532798000000.0,532.8,2026-08-28 13:36:02
355,IFII,PT Indonesia Fibreboard Industry Tbk,Non-Energy Minerals,Forest Products,206,206,206,202,0.0,166600,9412000000.0,65260.0,IDR,IDX,1938872000000.0,1938.87,2026-08-28 13:36:02
356,IFSH,PT Ifishdeco Tbk,Non-Energy Minerals,Other Metals/Minerals,1040,1040,1040,1040,0.0,3100,1923147400.0,17900.0,IDR,IDX,2000073296000.0,2000.07,2026-08-28 13:36:02
357,IGAR,PT Champion Pacific Indonesia Tbk,Process Industries,Containers/Packaging,472,472,472,466,0.0,3500,927781000.0,39090.0,IDR,IDX,437912632000.0,437.91,2026-08-28 13:36:02
358,IKAI,PT Intikeramik Alamasri Industri Tbk,Producer Manufacturing,Building Products,20,20,20,20,0.0,628300,13305800000.0,10813550.0,IDR,IDX,266116000000.0,266.12,2026-08-28 13:36:02
359,IKAN,PT Era Mandiri Cemerlang Tbk,Consumer Non-Durables,Food: Meat/Fish/Dairy,93,92,95,91,-2.1052631578947367,21863900,833333000.0,21194080.0,IDR,IDX,77499969000.0,77.5,2026-08-28 13:36:02
360,IKBI,PT Sumi Indo Kabel Tbk,Electronic Technology,Telecommunications Equipment,520,525,525,515,-0.9523809523809524,30600,1224000000.0,691460.0,IDR,IDX,636480000000.0,636.48,2026-08-28 13:36:02
361,IKPM,PT Ikapharmindo Putramas Tbk,Health Technology,Pharmaceuticals: Major,250,190,252,188,32.27513227513227,1601900,1684662500.0,319940.0,IDR,IDX,421165625000.0,421.17,2026-08-28 13:36:02
362,IMAS,PT Indomobil Sukses Internasional Tbk,Consumer Durables,Motor Vehicles,865,900,900,865,-1.7045454545454544,359600,3994290000.0,299090.0,IDR,IDX,3455060850000.0,3455.06,2026-08-28 13:36:02
363,IMJS,PT Indomobil Multi Jasa Tbk,Finance,Finance/Rental/Leasing,171,173,175,169,-1.1560693641618496,1152600,10849300000.0,4159519.9999999823,IDR,IDX,1855230300000.0,1855.23,2026-08-28 13:36:02
364,IMPC,PT Impack Pratama Industri Tbk,Producer Manufacturing,Miscellaneous Manufacturing,1410,1445,1445,1405,-2.422145328719723,6501800,54685279100.0,12462440.0,IDR,IDX,77106243531000.0,77106.24,2026-08-28 13:36:02
365,INAI,PT Indal Aluminium Industry Tbk,Non-Energy Minerals,Aluminum,179,179,182,178,0.0,381500,633600000.0,2233590.0,IDR,IDX,113414400000.0,113.41,2026-08-28 13:36:02
366,INCI,PT Intanwijaya Internasional Tbk,Process Industries,Chemicals: Specialty,675,675,680,660,0.0,55000,207657000.0,26640.0,IDR,IDX,140168475000.0,140.17,2026-08-28 13:36:02
367,INCO,PT Vale Indonesia Tbk,Non-Energy Minerals,Other Metals/Minerals,5200,5250,5300,5200,-1.8867924528301887,2614800,10539800000.0,9419270.000000019,IDR,IDX,54806960000000.0,54806.96,2026-08-28 13:36:02
368,INDF,PT Indofood Sukses Makmur Tbk,Consumer Non-Durables,Food: Specialty/Candy,7300,7300,7325,7250,0.0,780800,8780430000.0,3998480.0,IDR,IDX,64097139000000.0,64097.14,2026-08-28 13:36:02
369,INDO,PT Royalindo Investa Wijaya Tbk,Finance,Regional Banks,181,181,183,180,0.0,19605900,4480740000.0,29650090.0,IDR,IDX,811013940000.0,811.01,2026-08-28 13:36:02
370,INDR,PT Indo-Rama Synthetics Tbk,Process Industries,Textiles,2410,2430,2450,2400,0.0,6500,654352000.0,13920.0,IDR,IDX,1576988320000.0,1576.99,2026-08-28 13:36:02
371,INDS,PT Indospring Tbk,Producer Manufacturing,Auto Parts: OEM,268,270,272,262,-0.7407407407407408,947300,6562500000.0,1856890.0,IDR,IDX,1758750000000.0,1758.75,2026-08-28 13:36:02
372,INDY,PT Indika Energy Tbk,Energy Minerals,Coal,2760,2800,2830,2730,-0.36101083032490977,8629800,5202690000.0,26230070.0,IDR,IDX,14359424400000.0,14359.42,2026-08-28 13:36:02
373,INET,PT Sinergi Inti Andalan Prima Tbk,Communications,Specialty Telecommunications,348,358,364,346,-0.5714285714285714,734963900,22375627000.0,950396800.0,IDR,IDX,7786718196000.0,7786.72,2026-08-28 13:36:02
374,INKP,PT Indah Kiat Pulp & Paper Tbk,Process Industries,Pulp & Paper,8825,8875,8875,8775,0.2840909090909091,1032900,5470980000.0,3445680.0,IDR,IDX,48281398500000.0,48281.4,2026-08-28 13:36:02
375,INOV,PT Inocycle Technology Group Tbk,Process Industries,Textiles,137,143,143,135,-2.8368794326241136,7524500,1808220000.0,2525120.0,IDR,IDX,247726140000.0,247.73,2026-08-28 13:36:02
376,INPC,PT Bank Artha Graha Internasional Tbk,Finance,Regional Banks,152,144,164,140,6.293706293706294,60190500,20223400000.0,9193490.0,IDR,IDX,3073956800000.0,3073.96,2026-08-28 13:36:02
377,INPP,PT Indonesian Paradise Property Tbk,Consumer Services,Hotels/Resorts/Cruise lines,720,720,735,705,-2.7027027027027026,28800,11182000000.0,415070.0,IDR,IDX,8051040000000.0,8051.04,2026-08-28 13:36:02
378,INPS,PT Indah Prakasa Sentosa Tbk,Utilities,Gas Distributors,720,730,730,720,7.462686567164178,152800,650000000.0,220720.0,IDR,IDX,468000000000.0,468.0,2026-08-28 13:36:02
379,INTD,PT Inter-Delta Tbk,Consumer Durables,Electronics/Appliances,288,290,290,284,2.127659574468085,4400,591828000.0,279600.0,IDR,IDX,170446464000.0,170.45,2026-08-28 13:36:02
380,INTP,PT Indocement Tunggal Prakarsa Tbk,Non-Energy Minerals,Construction Materials,5450,5600,5600,5400,-2.6785714285714284,1875700,3199191400.0,1831890.0,IDR,IDX,17435593130000.0,17435.59,2026-08-28 13:36:02
381,IOTF,PT Sumber Sinergi Makmur Tbk,Distribution Services,Electronics Distributors,63,65,65,62,-1.5625,9114400,5290298000.0,103505170.0,IDR,IDX,333288774000.0,333.29,2026-08-28 13:36:02
382,IPAC,PT Era Graharealty Tbk,Finance,Real Estate Development,181,179,184,178,-1.6304347826086956,17000,949869000.0,132160.0,IDR,IDX,171926289000.0,171.93,2026-08-28 13:36:02
383,IPCC,PT Indonesia Kendaraan Terminal Tbk,Transportation,Marine Shipping,1150,1150,1155,1140,0.0,333600,1818380000.0,597350.0,IDR,IDX,2091137000000.0,2091.14,2026-08-28 13:36:02
384,IPCM,PT Jasa Armada Indonesia Tbk,Transportation,Other Transportation,302,302,302,298,0.0,933200,5284810000.0,790600.0,IDR,IDX,1596012620000.0,1596.01,2026-08-28 13:36:02
385,IPOL,PT Indopoly Swakarsa Industry Tbk,Process Industries,Containers/Packaging,113,112,114,112,0.8928571428571428,243500,6443380000.0,939660.0,IDR,IDX,728101940000.0,728.1,2026-08-28 13:36:02
386,IPTV,PT MNC Vision Networks Tbk Class A,Consumer Services,Cable/Satellite TV,31,31,31,31,0.0,345800,42198000000.0,2425280.0,IDR,IDX,1308138000000.0,1308.14,2026-08-28 13:36:02
387,IRRA,PT Itama Ranoraya Tbk,Distribution Services,Medical Distributors,372,374,380,370,0.0,355700,1507817400.0,570150.0,IDR,IDX,560908072800.0,560.91,2026-08-28 13:36:02
388,IRSX,PT Folago Global Nusantara Tbk,Technology Services,Packaged Software,366,370,372,364,-1.0810810810810811,17800500,6195047400.0,59696810.000000075,IDR,IDX,2267387348400.0,2267.39,2026-08-28 13:36:02
389,ISAP,PT Isra Presisi Indonesia Tbk,Producer Manufacturing,Industrial Machinery,23,22,24,22,-4.166666666666666,4232500,,20520890.0,IDR,IDX,,,2026-08-28 13:36:02
390,ISAT,PT Indosat Tbk Class B,Communications,Wireless Telecommunications,2510,2600,2610,2500,-3.8314176245210727,26096700,32250800000.0,87239400.0,IDR,IDX,80949508000000.0,80949.51,2026-08-28 13:36:02
391,ISEA,PT Indo American Seafoods Tbk,Consumer Non-Durables,Food: Meat/Fish/Dairy,82,82,83,81,0.0,1349600,,14101950.0,IDR,IDX,,,2026-08-28 13:36:02
392,ISSP,PT Steel Pipe Industry of Indonesia Tbk,Non-Energy Minerals,Steel,418,422,424,416,-1.8779342723004695,186000,7039580700.0,776950.0,IDR,IDX,2942544732600.0,2942.54,2026-08-28 13:36:02
393,ITIC,PT Indonesian Tobacco Tbk,Consumer Non-Durables,Tobacco,224,224,224,222,0.9009009009009009,39400,940720000.0,439710.0,IDR,IDX,210721280000.0,210.72,2026-08-28 13:36:02
394,ITMA,PT Sumber Energi Andalan Tbk,Energy Minerals,Coal,1425,1415,1475,1415,0.7067137809187279,8000,999053000.0,60670.0,IDR,IDX,1423650525000.0,1423.65,2026-08-28 13:36:02
395,ITMG,PT Indo Tambangraya Megah Tbk,Energy Minerals,Coal,25675,25550,25950,25550,0.4892367906066536,575900,1102695300.0,1520990.0,IDR,IDX,28311701827500.0,28311.7,2026-08-28 13:36:02
396,JARR,PT Jhonlin Agro Raya Tbk,Process Industries,Agricultural Commodities/Milling,3350,3300,3400,3270,2.7607361963190185,11164000,9230665000.0,26833370.0,IDR,IDX,30922727750000.0,30922.73,2026-08-28 13:36:02
397,JAST,PT Jasnita Telekomindo Tbk,Communications,Specialty Telecommunications,99,102,103,96,-1.9801980198019802,27128900,1082580000.0,127611900.0,IDR,IDX,107175420000.0,107.18,2026-08-28 13:36:02
398,JATI,PT Informasi Teknologi Indonesia Tbk,Technology Services,Information Technology Services,105,105,107,104,0.0,10398700,3262520000.0,17621570.0,IDR,IDX,342564600000.0,342.56,2026-08-28 13:36:02
399,JAWA,PT Jaya Agra Wattie Tbk,Process Industries,Agricultural Commodities/Milling,133,135,135,132,-0.7462686567164178,834900,16233000000.0,4811950.0,IDR,IDX,2158989000000.0,2158.99,2026-08-28 13:36:02
400,JAYA,PT Armada Berjaya Trans Tbk,Transportation,Trucking,135,136,137,134,1.5037593984962405,607900,798499000.0,3737930.0,IDR,IDX,107797365000.0,107.8,2026-08-28 13:36:02
401,JECC,PT Jembo Cable Co. Tbk,Producer Manufacturing,Electrical Products,645,640,645,635,2.380952380952381,8600,706950000.0,38330.0,IDR,IDX,455982750000.0,455.98,2026-08-28 13:36:02
402,JECX,PT Nitrasanata Dharma Tbk,Health Services,Medical/Nursing Services,1410,1425,1425,1395,0.3558718861209964,786100,,4431150.0,IDR,IDX,,,2026-08-28 13:36:02
403,JELI,PT Niramas Utama Tbk,Consumer Non-Durables,Food: Major Diversified,600,600,605,595,0.0,1946600,,7778470.0,IDR,IDX,,,2026-08-28 13:36:02
404,JGLE,PT Graha Andrasentra Propertindo Tbk,Finance,Real Estate Development,81,84,85,80,-3.571428571428571,249461900,22581900000.0,671136210.0,IDR,IDX,1829133900000.0,1829.13,2026-08-28 13:36:02
405,JIHD,PT Jakarta International Hotels & Development Tbk,Finance,Real Estate Development,456,430,456,428,6.046511627906977,918100,2329040000.0,340160.0,IDR,IDX,1062042240000.0,1062.04,2026-08-28 13:36:02
406,JKON,PT Jaya Konstruksi Manggala Pratama Tbk,Industrial Services,Engineering & Construction,87,88,89,86,0.0,9020100,16308500000.0,26868530.0,IDR,IDX,1418839500000.0,1418.84,2026-08-28 13:36:02
407,JPFA,PT Japfa Comfeed Indonesia Tbk Class A,Process Industries,Agricultural Commodities/Milling,2170,2210,2230,2170,-1.809954751131222,4368600,11704895500.0,12330850.0,IDR,IDX,25399623235000.0,25399.62,2026-08-28 13:36:02
408,JRPT,PT Jaya Real Property Tbk,Finance,Real Estate Development,1075,1075,1080,1070,0.0,63800,12822813200.0,548750.0,IDR,IDX,13784524190000.0,13784.52,2026-08-28 13:36:02
409,JSMR,PT Jasa Marga (Persero) Tbk Class B,Transportation,Other Transportation,2790,2810,2820,2780,-0.7117437722419928,1386400,7257870000.0,2021820.0,IDR,IDX,20249457300000.0,20249.46,2026-08-28 13:36:02
410,JSPT,PT Jakarta Setiabudi Internasional Tbk,Consumer Services,Hotels/Resorts/Cruise lines,1425,1440,1440,1390,0.7067137809187279,4400,2318740000.0,32600.0,IDR,IDX,3304204500000.0,3304.2,2026-08-28 13:36:02
411,JTPE,PT Jasuindo Tiga Perkasa Tbk,Commercial Services,Commercial Printing/Forms,610,610,620,605,0.0,515100,6791330000.0,862390.0,IDR,IDX,4142711300000.0,4142.71,2026-08-28 13:36:02
412,KAEF,PT Kimia Farma (Persero) Tbk Class B,Health Technology,Pharmaceuticals: Major,438,438,446,436,0.45871559633027525,311200,5566590000.0,835480.0,IDR,IDX,2438166420000.0,2438.17,2026-08-28 13:36:02
413,KAQI,PT Jantra Grupo Indonesia Tbk,Consumer Services,Other Consumer Services,95,95,96,94,1.0638297872340425,4949500,,30489420.0,IDR,IDX,,,2026-08-28 13:36:02
414,KBAG,PT Karya Bersama Anugerah Tbk,Finance,Real Estate Development,44,42,44,42,7.317073170731707,907500,7150000000.0,7081160.0,IDR,IDX,314600000000.0,314.6,2026-08-28 13:36:02
415,KBLI,PT KMI Wire & Cable Tbk Class A,Producer Manufacturing,Electrical Products,326,328,330,322,-0.6097560975609756,122400,4007240000.0,796320.0,IDR,IDX,1306360240000.0,1306.36,2026-08-28 13:36:02
416,KBLM,PT Kabelindo Murni Tbk Class A,Producer Manufacturing,Electrical Products,304,308,308,304,-1.2987012987012987,5700,1120000000.0,33430.0,IDR,IDX,340480000000.0,340.48,2026-08-28 13:36:02
417,KBLV,PT First Media Tbk,Consumer Services,Cable/Satellite TV,143,141,146,136,2.877697841726619,19691600,1742170000.0,32941080.0,IDR,IDX,249130310000.0,249.13,2026-08-28 13:36:02
418,KDSI,PT Kedawung Setia Industrial Tbk,Process Industries,Containers/Packaging,464,464,464,464,0.0,200,1620000000.0,10820.0,IDR,IDX,751680000000.0,751.68,2026-08-28 13:36:02
419,KDTN,PT Puri Sentul Permai Tbk,Consumer Services,Hotels/Resorts/Cruise lines,350,346,396,340,2.941176470588235,19032800,1250023300.0,7738080.0,IDR,IDX,437508155000.0,437.51,2026-08-28 13:36:02
420,KEEN,PT Kencana Energi Lestari Tbk,Utilities,Electric Utilities,885,865,900,860,3.508771929824561,8286700,3666310000.0,9107120.0,IDR,IDX,3244684350000.0,3244.68,2026-08-28 13:36:02
421,KEJU,PT Mulia Boga Raya Tbk,Consumer Non-Durables,Food: Meat/Fish/Dairy,600,600,650,600,0.0,595900,5610925400.0,226670.0,IDR,IDX,3366555240000.0,3366.56,2026-08-28 13:36:02
422,KETR,PT Ketrosden Triasmitra Tbk,Industrial Services,Engineering & Construction,855,850,925,815,10.32258064516129,170807800,2841263000.0,71205680.0,IDR,IDX,2429279865000.0,2429.28,2026-08-28 13:36:02
423,KICI,PT Kedaung Indah Can Tbk,Consumer Durables,Home Furnishings,242,240,256,234,4.310344827586207,9230000,276000000.0,7414600.0,IDR,IDX,66792000000.0,66.79,2026-08-28 13:36:02
424,KIJA,PT Kawasan Industri Jababeka Tbk Class A,Finance,Real Estate Development,214,218,228,214,-1.834862385321101,1076532400,20796842600.0,1361032400.0,IDR,IDX,4450524316400.0,4450.52,2026-08-28 13:36:02
425,KING,PT Hoffmen Cleanindo Tbk,Commercial Services,Miscellaneous Commercial Services,284,282,284,278,0.0,69200,2602852000.0,358460.0,IDR,IDX,739209968000.0,739.21,2026-08-28 13:36:02
426,KINO,PT Kino Indonesia Tbk,Consumer Non-Durables,Household/Personal Care,1350,1380,1380,1350,-0.7352941176470588,10800,1378817400.0,64730.0,IDR,IDX,1861403490000.0,1861.4,2026-08-28 13:36:02
427,KIOS,PT Kioson Komersial Indonesia Tbk,Retail Trade,Department Stores,101,99,102,98,2.0202020202020203,8884900,1075860000.0,47744950.000000045,IDR,IDX,108661860000.0,108.66,2026-08-28 13:36:02
428,KJEN,PT Krida Jaringan Nusantara Tbk,Transportation,Air Freight/Couriers,165,163,167,160,1.8518518518518516,3933300,500000000.0,29923650.0,IDR,IDX,82500000000.0,82.5,2026-08-28 13:36:02
429,KKES,PT Kusuma Kemindo Sentosa Tbk,Distribution Services,Wholesale Distributors,69,70,70,69,-1.4285714285714286,2939700,,7459080.0,IDR,IDX,,,2026-08-28 13:36:02
430,KKGI,PT Resource Alam Indonesia Tbk,Energy Minerals,Coal,282,280,282,278,1.4388489208633095,1035300,5080779400.0,2003730.0000000007,IDR,IDX,1432779790800.0,1432.78,2026-08-28 13:36:02
431,KLAS,PT Pelayaran Kurnia Lautan Semesta Tbk,Transportation,Marine Shipping,85,86,87,84,-1.1627906976744187,2928800,3644416000.0,10872640.000000032,IDR,IDX,309775360000.0,309.78,2026-08-28 13:36:02
432,KLBF,PT Kalbe Farma Tbk,Health Technology,Pharmaceuticals: Major,810,805,810,795,0.6211180124223602,18873200,45248868570.0,69911330.0,IDR,IDX,36651583541700.0,36651.58,2026-08-28 13:36:02
433,KLIN,PT Klinko Karya Imaji Tbk,Consumer Non-Durables,Household/Personal Care,121,120,122,118,0.8333333333333334,63000,,158940.0,IDR,IDX,,,2026-08-28 13:36:02
434,KMDS,PT Kurniamitra Duta Sentosa Tbk,Distribution Services,Food Distributors,510,520,530,500,-1.9230769230769231,1017300,800000000.0,286990.0,IDR,IDX,408000000000.0,408.0,2026-08-28 13:36:02
435,KMTR,PT Kirana Megatara Tbk,Producer Manufacturing,Miscellaneous Manufacturing,230,232,232,230,-0.8620689655172413,700,8215370000.000001,210850.0,IDR,IDX,1889535100000.0002,1889.54,2026-08-28 13:36:02
436,KOBX,PT Kobexindo Tractors Tbk,Distribution Services,Wholesale Distributors,177,179,181,175,-2.209944751381215,13777200,2272500000.0,12942750.0,IDR,IDX,402232500000.0,402.23,2026-08-28 13:36:02
437,KOCI,PT Kokoh Exa Nusantara Tbk,Finance,Real Estate Development,104,105,105,103,0.9708737864077669,2770600,4467448000.0,13181730.0,IDR,IDX,464614592000.0,464.61,2026-08-28 13:36:02
438,KOKA,PT Koka Indonesia Tbk,Industrial Services,Engineering & Construction,178,179,181,176,1.1363636363636365,2889900,2861333000.0,15695980.0,IDR,IDX,509317274000.0,509.32,2026-08-28 13:36:02
439,KONI,PT Perdana Bangun Pusaka Tbk,Retail Trade,Electronics/Appliance Stores,2140,2180,2180,2110,-1.3824884792626728,5800,312000000.0,30070.0,IDR,IDX,667680000000.0,667.68,2026-08-28 13:36:02
440,KOPI,PT Mitra Energi Persada Tbk,Distribution Services,Wholesale Distributors,204,202,206,200,0.9900990099009901,160000,697267000.0,722220.0,IDR,IDX,142242468000.0,142.24,2026-08-28 13:36:02
441,KOTA,PT DMS Propertindo Tbk,Finance,Real Estate Development,168,172,173,165,-1.1764705882352942,352525500,10546200000.0,612320950.0,IDR,IDX,1771761600000.0,1771.76,2026-08-28 13:36:02
442,KPIG,PT MNC Tourism Indonesia Tbk,Finance,Real Estate Development,66,67,67,64,0.0,48276400,107313000000.0,208072290.0,IDR,IDX,7082658000000.0,7082.66,2026-08-28 13:36:02
443,KRAS,PT Krakatau Steel (Persero) Tbk Class B,Non-Energy Minerals,Steel,228,224,230,224,1.7857142857142856,2243800,19191600000.0,3213719.999999857,IDR,IDX,4375684800000.0,4375.68,2026-08-28 13:36:02
444,KREN,PT Quantum Clovera Investama Tbk,Finance,Investment Banks/Brokers,14,14,14,14,0.0,1960100,18204277700.0,19148730.0,IDR,IDX,254859887800.0,254.86,2026-08-28 13:36:02
445,KRYA,PT Bangun Karya Perkasa Jaya Tbk,Producer Manufacturing,Building Products,64,62,66,62,3.225806451612903,36425500,1663943500.0,25034740.0,IDR,IDX,106492384000.0,106.49,2026-08-28 13:36:02
446,KSIX,PT Kentanix Supra International Tbk,Consumer Durables,Homebuilding,416,418,422,408,-0.4784688995215311,393700,2137831800.0,1256010.0,IDR,IDX,889338028800.0,889.34,2026-08-28 13:36:02
447,KUAS,PT Ace Oldfields Tbk,Producer Manufacturing,Miscellaneous Manufacturing,97,97,99,95,0.0,13454100,1292808100.0,56061740.0,IDR,IDX,125402385700.0,125.4,2026-08-28 13:36:02
448,LABA,PT Green Power Group Tbk,Non-Energy Minerals,Steel,106,96,112,96,10.416666666666668,81340200,1103402600.0,19829230.0,IDR,IDX,116960675600.0,116.96,2026-08-28 13:36:02
449,LABS,PT UBC Medical Indonesia Tbk,Distribution Services,Medical Distributors,160,163,164,160,-1.8404907975460123,467700,3950000000.0,4463930.0,IDR,IDX,632000000000.0,632.0,2026-08-28 13:36:02
450,LAJU,PT Jasa Berdikari Logistics Tbk,Transportation,Air Freight/Couriers,69,68,69,67,1.4705882352941175,6592100,2149942900.0,19415220.0,IDR,IDX,148346060100.0,148.35,2026-08-28 13:36:02
451,LAND,PT Trimitra Propertindo Tbk,Consumer Durables,Homebuilding,74,75,76,72,0.0,11459100,2792620000.0,22477970.0,IDR,IDX,206653880000.0,206.65,2026-08-28 13:36:02
452,LAPD,PT Leyand International Tbk,Utilities,Electric Utilities,71,69,72,69,2.898550724637681,17141100,3966350000.0,37456930.0,IDR,IDX,281610850000.0,281.61,2026-08-28 13:36:02
453,LEAD,PT Logindo Samudramakmur Tbk,Industrial Services,Oilfield Services/Equipment,102,104,104,100,-0.9708737864077669,4506700,5783746100.0,16786730.0,IDR,IDX,589942102200.0,589.94,2026-08-28 13:36:02
454,LFLO,PT Imago Mulia Persada Tbk,Commercial Services,Miscellaneous Commercial Services,520,510,525,510,-0.9523809523809524,700,1307730000.0,21160.0,IDR,IDX,680019600000.0,680.02,2026-08-28 13:36:02
455,LIFE,PT MSIG Life Insurance Indonesia Tbk,Finance,Life/Health Insurance,8675,8850,9125,8200,6.441717791411043,106700,2100000000.0,40930.0,IDR,IDX,18217500000000.0,18217.5,2026-08-28 13:36:02
456,LINK,PT Link Net Tbk,Communications,Major Telecommunications,1525,1495,1865,1405,2.0066889632107023,180900,2751910100.0,46840.0,IDR,IDX,4196662902500.0,4196.66,2026-08-28 13:36:02
457,LION,PT Lion Metal Works Tbk,Producer Manufacturing,Office Equipment/Supplies,348,356,356,348,-2.247191011235955,43900,520159999.99999994,47650.0,IDR,IDX,181015679999.99997,181.02,2026-08-28 13:36:02
458,LIVE,PT Homeco Victoria Makmur Tbk,Distribution Services,Wholesale Distributors,193,194,196,191,-0.5154639175257731,8684200,4593005000.0,7776450.0,IDR,IDX,886449965000.0,886.45,2026-08-28 13:36:02
459,LMAX,PT Lupromax Pelumas Indonesia Tbk,Process Industries,Industrial Specialties,107,109,109,105,-1.834862385321101,99200,,307850.0,IDR,IDX,,,2026-08-28 13:36:02
460,LMPI,PT Langgeng Makmur Industri Tbk,Consumer Durables,Home Furnishings,164,164,165,160,0.0,373500,1008520000.0,2135540.0,IDR,IDX,165397280000.0,165.4,2026-08-28 13:36:02
461,LOPI,PT Logisticsplus International Tbk,Transportation,Air Freight/Couriers,76,78,80,75,0.0,2203800,,12441600.0,IDR,IDX,,,2026-08-28 13:36:02
462,LPCK,PT Lippo Cikarang Tbk,Finance,Real Estate Development,605,600,610,590,2.5423728813559325,498800,5134690000.0,466140.0,IDR,IDX,3106487450000.0,3106.49,2026-08-28 13:36:02
463,LPGI,PT Lippo General Insurance Tbk,Finance,Multi-Line Insurance,635,635,640,635,-0.78125,1200,3000000000.0,11050.0,IDR,IDX,1905000000000.0,1905.0,2026-08-28 13:36:02
464,LPIN,PT Multi Prima Sejahtera Tbk,Electronic Technology,Electronic Components,422,422,424,422,-0.4716981132075472,36700,425000000.0,57840.0,IDR,IDX,179350000000.0,179.35,2026-08-28 13:36:02
465,LPKR,PT Lippo Karawaci Tbk,Finance,Real Estate Development,62,63,64,62,-1.5873015873015872,68471000,70857336200.0,196363730.0,IDR,IDX,4393154844400.0,4393.15,2026-08-28 13:36:02
466,LPLI,PT Star Pacific Tbk Class A,Technology Services,Internet Software/Services,242,246,246,238,0.0,138200,1170430000.0,182750.0,IDR,IDX,283244060000.0,283.24,2026-08-28 13:36:02
467,LPPF,PT MDS Retailing Tbk Class A,Retail Trade,Department Stores,1610,1610,1615,1595,0.0,510800,2227280000.0,1362320.0,IDR,IDX,3585920800000.0,3585.92,2026-08-28 13:36:02
468,LPPS,PT Lenox Pasifik InvestamaTbk Class A,Finance,Investment Managers,83,81,85,80,3.75,1926300,2588250000.0,1361890.0,IDR,IDX,214824750000.0,214.82,2026-08-28 13:36:02
469,LRNA,PT Eka Sari Lorena Transport Tbk,Transportation,Other Transportation,193,192,198,190,1.5789473684210527,342400,350000000.0,503380.0,IDR,IDX,67550000000.0,67.55,2026-08-28 13:36:02
470,LSIP,PT Perusahaan Perkebunan London Sumatra Indonesia Tbk,Process Industries,Agricultural Commodities/Milling,1460,1470,1485,1460,0.0,3560600,6819960000.0,7589200.0,IDR,IDX,9957141600000.0,9957.14,2026-08-28 13:36:02
471,LTLS,PT Lautan Luas Tbk,Distribution Services,Wholesale Distributors,855,850,865,840,1.183431952662722,32600,1464688800.0,63590.0,IDR,IDX,1252308924000.0,1252.31,2026-08-28 13:36:02
472,LUCK,PT Sentral Mitra Informatika Tbk,Distribution Services,Electronics Distributors,113,113,114,111,0.0,817000,715750000.0,3606660.0,IDR,IDX,80879750000.0,80.88,2026-08-28 13:36:02
473,LUCY,PT Lima Dua Lima Tiga Tbk,Commercial Services,Miscellaneous Commercial Services,354,356,364,344,0.0,44583500,1514770000.0,58026390.0,IDR,IDX,536228580000.0,536.23,2026-08-28 13:36:02
474,MAHA,PT Mandiri Herindo Adiperkasa Tbk,Energy Minerals,Coal,146,147,147,145,-0.6802721088435374,691300,16394970000.000002,4852690.0,IDR,IDX,2393665620000.0005,2393.67,2026-08-28 13:36:02
475,MAIN,PT Malindo Feedmill Tbk,Process Industries,Agricultural Commodities/Milling,665,660,675,660,0.7575757575757576,921000,2230497500.0,1207240.0,IDR,IDX,1483280837500.0,1483.28,2026-08-28 13:36:02
476,MANG,PT Manggung Polahraya Tbk,Consumer Durables,Homebuilding,39,39,39,38,0.0,443700,3812605700.0,5348890.0,IDR,IDX,148691622300.0,148.69,2026-08-28 13:36:02
477,MAPA,PT MAP Aktif Adiperkasa Tbk,Retail Trade,Specialty Stores,715,705,725,700,1.4184397163120568,12241400,28504000000.0,21680840.0,IDR,IDX,20380360000000.0,20380.36,2026-08-28 13:36:02
478,MAPB,PT Map Boga Adiperkasa Tbk,Consumer Services,Restaurants,1175,1175,1175,1175,0.0,100,2387920000.0,4240.0,IDR,IDX,2805806000000.0,2805.81,2026-08-28 13:36:02
479,MAPI,PT Mitra Adiperkasa Tbk,Retail Trade,Department Stores,1475,1500,1505,1475,-1.6666666666666667,691100,16600000000.0,3288580.0,IDR,IDX,24485000000000.0,24485.0,2026-08-28 13:36:02
480,MARK,PT Mark Dynamics Indonesia Tbk,Non-Energy Minerals,Other Metals/Minerals,1060,1055,1065,1055,-0.4694835680751174,3291300,3800000000.0,11957500.0,IDR,IDX,4028000000000.0,4028.0,2026-08-28 13:36:02
481,MASB,PT Bank Multiarta Sentosa Tbk,Finance,Regional Banks,3390,3380,3390,3380,0.0,11100,1402010000.0,9940.0,IDR,IDX,4752813900000.0,4752.81,2026-08-28 13:36:02
482,MAXI,PT Maxindo Karya Anugerah Tbk,Consumer Non-Durables,Food: Specialty/Candy,50,50,50,50,0.0,2900,9610100000.0,99990.0,IDR,IDX,480505000000.0,480.5,2026-08-28 13:36:02
483,MAYA,PT Bank Mayapada Internasional Tbk Class A,Finance,Regional Banks,202,198,202,198,2.0202020202020203,1153500,26167900000.0,847110.0,IDR,IDX,5285915800000.0,5285.92,2026-08-28 13:36:02
484,MBAP,PT Mitrabara Adiperdana Tbk,Energy Minerals,Coal,1490,1470,1495,1465,1.3605442176870748,26800,1227270000.0,34330.0,IDR,IDX,1828632300000.0,1828.63,2026-08-28 13:36:02
485,MBMA,PT Merdeka Battery Materials Tbk,Non-Energy Minerals,Other Metals/Minerals,555,570,575,555,-2.631578947368421,34261900,107995420000.0,127180620.0,IDR,IDX,59937458100000.0,59937.46,2026-08-28 13:36:02
486,MBSS,PT Mitrabahtera Segara Sejati Tbk,Transportation,Other Transportation,2830,2830,2830,2820,0.3546099290780142,470900,1750030000.0,1238630.0,IDR,IDX,4952584900000.0,4952.58,2026-08-28 13:36:02
487,MBTO,PT Martina Berto Tbk,Consumer Non-Durables,Household/Personal Care,125,126,127,124,-0.7936507936507936,598000,1070000000.0,5037220.0,IDR,IDX,133750000000.0,133.75,2026-08-28 13:36:02
488,MCAS,PT M Cash Integrasi Tbk,Technology Services,Information Technology Services,292,296,296,284,0.6896551724137931,1510700,866994900.0,5473330.0,IDR,IDX,253162510800.0,253.16,2026-08-28 13:36:02
489,MCOL,PT Prima Andalan Mandiri Tbk,Energy Minerals,Coal,3690,3690,3690,3680,0.0,1100,3555560000.0,13140.0,IDR,IDX,13120016400000.0,13120.02,2026-08-28 13:36:02
490,MCOR,PT Bank China Construction Bank Indonesia Tbk,Finance,Major Banks,70,68,70,68,2.941176470588235,2479600,37919700000.0,3258850.0,IDR,IDX,2654379000000.0,2654.38,2026-08-28 13:36:02
491,MDIA,PT Intermedia Capital Tbk,Consumer Services,Broadcasting,246,242,246,242,-1.6,23568600,39215500000.0,463386770.0,IDR,IDX,9647013000000.0,9647.01,2026-08-28 13:36:02
492,MDIY,PT Daya Intiguna Yasa Tbk,Retail Trade,Electronics/Appliance Stores,955,945,955,945,0.5263157894736842,60000,25190393000.0,428980.0,IDR,IDX,24056825315000.0,24056.83,2026-08-28 13:36:02
493,MDKA,PT Merdeka Copper Gold Tbk,Non-Energy Minerals,Precious Metals,3060,3030,3070,3020,0.9900990099009901,10697900,24416918300.0,36353660.0,IDR,IDX,74715769998000.0,74715.77,2026-08-28 13:36:02
494,MDKI,PT Emdeki Utama Tbk,Process Industries,Chemicals: Specialty,195,189,195,189,1.5625,186100,2530150000.0,115160.0,IDR,IDX,493379250000.0,493.38,2026-08-28 13:36:02
495,MDLA,PT Medela Potentia Tbk,Distribution Services,Medical Distributors,208,206,208,206,0.9708737864077669,521100,14012825000.0,1368600.0,IDR,IDX,2914667600000.0,2914.67,2026-08-28 13:36:02
496,MDLN,PT Modernland Realty Tbk Class A,Finance,Real Estate Development,50,50,50,50,0.0,26500,11947349100.0,1690720.0,IDR,IDX,597367455000.0,597.37,2026-08-28 13:36:02
497,MEDC,PT Medco Energi Internasional Tbk,Energy Minerals,Oil & Gas Production,1355,1365,1380,1350,-0.3676470588235294,12124400,24680590092.0,42815149.99999986,IDR,IDX,33442199574660.0,33442.2,2026-08-28 13:36:02
498,MEDS,PT Hetzer Medical Indonesia Tbk,Health Technology,Medical Specialties,71,71,72,70,0.0,7233100,1562500000.0,23046100.0,IDR,IDX,110937500000.0,110.94,2026-08-28 13:36:02
499,MEGA,PT Bank Mega Tbk,Finance,Regional Banks,1955,1970,1970,1950,-0.7614213197969544,5700,23481800000.0,30170.0,IDR,IDX,45906919000000.0,45906.92,2026-08-28 13:36:02
500,MEJA,PT Harta Djaya Karya Tbk,Commercial Services,Miscellaneous Commercial Services,119,120,123,116,0.0,26133400,2608081000.0,62756929.999999985,IDR,IDX,310361639000.0,310.36,2026-08-28 13:36:02
501,MERI,PT Merry Riana Edukasi Tbk,Commercial Services,Miscellaneous Commercial Services,123,122,124,121,0.819672131147541,1566400,,16377240.0,IDR,IDX,,,2026-08-28 13:36:02
502,MERK,PT Merck Tbk,Health Technology,Pharmaceuticals: Major,3930,3920,3930,3850,0.25510204081632654,5600,448000000.0,28200.0,IDR,IDX,1760640000000.0,1760.64,2026-08-28 13:36:02
503,MGLV,PT NexAI Digital Infrastruktur Tbk.,Consumer Durables,Home Furnishings,13025,12150,13325,12125,7.422680412371134,1138900,1904880000.0,2476920.0,IDR,IDX,24811062000000.0,24811.06,2026-08-28 13:36:02
504,MGNA,PT Magna Investama Mandiri Tbk,Finance,Finance/Rental/Leasing,96,97,98,95,1.0526315789473684,877800,3411120000.0,4047930.0,IDR,IDX,327467520000.0,327.47,2026-08-28 13:36:02
505,MGRO,PT Mahkota Group Tbk,Process Industries,Agricultural Commodities/Milling,685,680,685,670,0.7352941176470588,2258200,3488379900.0,3781780.0,IDR,IDX,2389540231500.0,2389.54,2026-08-28 13:36:02
506,MHKI,PT Multi Hanna Kreasindo Tbk,Industrial Services,Environmental Services,148,144,149,143,2.7777777777777777,6991300,3750000000.0,6620020.0,IDR,IDX,555000000000.0,555.0,2026-08-28 13:36:02
507,MICE,PT Multi Indocitra Tbk,Distribution Services,Medical Distributors,535,540,545,530,0.0,116900,600000000.0,41540.0,IDR,IDX,321000000000.0,321.0,2026-08-28 13:36:02
508,MIDI,PT Midi Utama Indonesia Tbk,Retail Trade,Food Retail,280,280,284,276,0.7194244604316548,3866900,33435300000.000004,8438779.999999976,IDR,IDX,9361884000000.002,9361.88,2026-08-28 13:36:02
509,MIKA,PT Mitra Keluarga Karyasehat Tbk,Health Services,Hospital/Nursing Management,1900,1900,1910,1880,1.3333333333333335,1095200,13890528900.0,5458560.0,IDR,IDX,26392004910000.0,26392.0,2026-08-28 13:36:02
510,MINA,PT Sanurhasta Mitra Tbk.,Consumer Services,Hotels/Resorts/Cruise lines,278,278,282,272,0.0,26322500,9843750000.0,88376049.99999991,IDR,IDX,2736562500000.0,2736.56,2026-08-28 13:36:02
511,MINE,PT Sinar Terang Mandiri TBK,Non-Energy Minerals,Precious Metals,236,238,238,234,-0.8403361344537815,199300,4084435300.0,1591450.0,IDR,IDX,963926730800.0,963.93,2026-08-28 13:36:02
512,MIRA,PT Mitra International Resources Tbk,Industrial Services,Oilfield Services/Equipment,27,27,27,27,3.8461538461538463,1823000,3961450000.0,5601879.999999702,IDR,IDX,106959150000.0,106.96,2026-08-28 13:36:02
513,MITI,PT Mitra Investindo Tbk Class A,Transportation,Marine Shipping,246,252,254,236,-1.6,3966000,3750530000.0,6808200.0,IDR,IDX,922630380000.0,922.63,2026-08-28 13:36:02
514,MKAP,PT Multikarya Asia Pasifik Raya Tbk,Producer Manufacturing,Industrial Machinery,1125,1130,1130,1125,-0.4424778761061947,13200,3250000000.0,507180.0,IDR,IDX,3656250000000.0,3656.25,2026-08-28 13:36:02
515,MKPI,PT Metropolitan Kentjana Tbk,Finance,Real Estate Development,22075,22025,22075,22025,-0.11312217194570137,40000,948194000.0,41810.0,IDR,IDX,20931382550000.0,20931.38,2026-08-28 13:36:02
516,MKTR,PT Menthobi Karyatama Raya Tbk,Commercial Services,Miscellaneous Commercial Services,122,121,124,120,0.8264462809917356,203300,12060429000.0,470570.0,IDR,IDX,1471372338000.0,1471.37,2026-08-28 13:36:02
517,MLBI,PT Multi Bintang Indonesia Tbk,Consumer Non-Durables,Beverages: Alcoholic,6875,6875,6900,6875,0.0,27200,2107000000.0,70320.0,IDR,IDX,14485625000000.0,14485.62,2026-08-28 13:36:02
518,MLIA,PT Mulia Industrindo Tbk,Process Industries,Industrial Specialties,232,232,232,232,0.0,6000,6615000000.0,40320.0,IDR,IDX,1534680000000.0,1534.68,2026-08-28 13:36:02
519,MLPL,PT Multipolar Tbk Class A,Retail Trade,Department Stores,94,94,95,93,1.0752688172043012,5820400,15613337300.0,29177040.0,IDR,IDX,1467653706200.0,1467.65,2026-08-28 13:36:02
520,MLPT,PT Multipolar Technology Tbk,Technology Services,Information Technology Services,1295,1335,1335,1290,-2.9962546816479403,1619300,46875000000.0,5410400.0,IDR,IDX,60703125000000.0,60703.12,2026-08-28 13:36:02
521,MMIX,PT Multi Medika Internasional Tbk,Distribution Services,Medical Distributors,790,790,800,780,0.6369426751592357,32538500,4800425300.0,25992390.0,IDR,IDX,3792335987000.0,3792.34,2026-08-28 13:36:02
522,MMLP,PT Mega Manunggal Property Tbk,Finance,Real Estate Development,300,302,306,298,0.0,294300,6889140000.0,947740.0,IDR,IDX,2066742000000.0,2066.74,2026-08-28 13:36:02
523,MNCN,PT Media Nusantara Citra Tbk,Commercial Services,Commercial Printing/Forms,202,200,202,200,0.0,12804000,15049800000.0,37715860.0,IDR,IDX,3040059600000.0,3040.06,2026-08-28 13:36:02
524,MOLI,PT Madusari Murni Indah Tbk,Process Industries,Chemicals: Specialty,284,284,290,280,1.4285714285714286,877100,2724040000.0,2522520.0,IDR,IDX,773627360000.0,773.63,2026-08-28 13:36:02
525,MORA,PT Ekamas Mora Republik Tbk,Communications,Specialty Telecommunications,5800,5300,6175,5225,9.433962264150944,3054800,47774192736.0,583650.0,IDR,IDX,277090317868800.0,277090.32,2026-08-28 13:36:02
526,MPIX,PT Mitra Pedagang Indonesia Tbk,Commercial Services,Miscellaneous Commercial Services,121,103,126,103,17.475728155339805,119302900,1562574300.0,17068540.0,IDR,IDX,189071490300.0,189.07,2026-08-28 13:36:02
527,MPMX,PT Mitra Pinasthika Mustika Tbk,Distribution Services,Wholesale Distributors,1015,1015,1020,1010,0.0,1395300,4386960000.0,3377900.0,IDR,IDX,4452764400000.0,4452.76,2026-08-28 13:36:02
528,MPOW,PT Megapower Makmur Tbk,Utilities,Electric Utilities,114,113,115,111,0.8849557522123894,2821200,816997000.0,11121540.0,IDR,IDX,93137658000.0,93.14,2026-08-28 13:36:02
529,MPPA,PT Matahari Putra Prima Tbk,Retail Trade,Department Stores,43,45,45,43,-4.444444444444445,9382900,33828900000.0,7781500.0,IDR,IDX,1454642700000.0,1454.64,2026-08-28 13:36:02
530,MPRO,PT Maha Properti Indonesia Tbk,Finance,Real Estate Development,12350,12000,12900,12000,0.6109979633401221,1700,9942500000.0,7270.0,IDR,IDX,122789875000000.0,122789.88,2026-08-28 13:36:02
531,MPXL,PT MPX Logistics International Tbk,Transportation,Air Freight/Couriers,170,170,171,169,0.0,100000,,541750.0,IDR,IDX,,,2026-08-28 13:36:02
532,MRAT,PT Mustika Ratu Tbk,Distribution Services,Medical Distributors,416,410,416,408,2.4630541871921183,115300,428000000.0,1363450.0,IDR,IDX,178048000000.0,178.05,2026-08-28 13:36:02
533,MSIE,PT Multisarana Intan Eduka Tbk,Finance,Real Estate Development,105,96,105,94,9.375,17624000,,7561590.0,IDR,IDX,,,2026-08-28 13:36:02
534,MSIN,PT MNC Digital Entertainment Tbk,Consumer Services,Movies/Entertainment,320,318,324,316,0.0,11601900,60676200000.0,34531780.0,IDR,IDX,19416384000000.0,19416.38,2026-08-28 13:36:02
535,MSJA,PT Multi Spunindo Jaya Tbk,Process Industries,Textiles,436,434,444,428,0.9259259259259258,10261300,5732224500.0,15570790.0,IDR,IDX,2499249882000.0,2499.25,2026-08-28 13:36:02
536,MSKY,PT MNC Vision Network,Communications,Specialty Telecommunications,63,65,65,63,-1.5625,1528300,1994370000.0,9635420.0,IDR,IDX,125645310000.0,125.65,2026-08-28 13:36:02
537,MSTI,PT Mastersystem Infotama Tbk,Technology Services,Information Technology Services,1355,1350,1360,1350,0.3703703703703704,561100,3139416300.0,1433640.0,IDR,IDX,4253909086500.0,4253.91,2026-08-28 13:36:02
538,MTDL,PT Metrodata Electronics Tbk,Electronic Technology,Computer Peripherals,510,510,510,505,0.0,314100,12276900000.0,2581190.000000036,IDR,IDX,6261219000000.0,6261.22,2026-08-28 13:36:02
539,MTEL,PT Dayamitra Telekomunikasi Tbk,Communications,Specialty Telecommunications,462,466,466,460,-0.8583690987124464,22186400,80798834100.0,44660360.0,IDR,IDX,37329061354200.0,37329.06,2026-08-28 13:36:02
540,MTLA,PT Metropolitan Land Tbk,Finance,Real Estate Development,520,520,520,520,0.9708737864077669,3500,7655130000.0,15520.0,IDR,IDX,3980667600000.0,3980.67,2026-08-28 13:36:02
541,MTMH,PT Murni Sadar Tbk,Health Services,Medical/Nursing Services,990,995,1000,990,-0.5025125628140703,900,2086526899.9999998,17050.0,IDR,IDX,2065661630999.9998,2065.66,2026-08-28 13:36:02
542,MTWI,PT Malacca Trust Wuwungan Insurance Tbk,Finance,Multi-Line Insurance,250,248,252,232,1.6260162601626018,16600,2924490000.0,31010.00000000596,IDR,IDX,731122500000.0,731.12,2026-08-28 13:36:02
543,MUTU,PT Mutuagung Lestari Tbk,Commercial Services,Miscellaneous Commercial Services,131,135,136,128,-1.5037593984962405,27101100,3452229000.0,61599320.0,IDR,IDX,452241999000.0,452.24,2026-08-28 13:36:02
544,MYOH,PT Samindo Resources Tbk,Energy Minerals,Coal,1145,1160,1160,1145,0.0,4300,2206310000.0,434840.0,IDR,IDX,2526224950000.0,2526.22,2026-08-28 13:36:02
545,MYOR,PT Mayora Indah Tbk,Consumer Non-Durables,Food: Specialty/Candy,1595,1615,1615,1590,-0.3125,7581300,22196640000.0,8530539.999999994,IDR,IDX,35403640800000.0,35403.64,2026-08-28 13:36:02
546,NAIK,PT Adiwarna Anugerah Abadi Tbk,Commercial Services,Miscellaneous Commercial Services,93,95,95,93,-1.0638297872340425,1975300,,13502470.0,IDR,IDX,,,2026-08-28 13:36:02
547,NANO,PT Nanotech Indonesia Global Tbk,Commercial Services,Miscellaneous Commercial Services,34,34,35,34,0.0,7026500,4285440400.0000005,58607460.0,IDR,IDX,145704973600.00003,145.7,2026-08-28 13:36:02
548,NASA,PT Andalan Perkasa Abadi Tbk,Finance,Real Estate Development,29,29,29,29,-3.3333333333333335,172500,11004900000.0,277340.0,IDR,IDX,319142100000.0,319.14,2026-08-28 13:36:02
549,NASI,PT Wahana Inti Makmur Tbk,Consumer Non-Durables,Food: Major Diversified,144,144,147,143,0.6993006993006993,820900,807400000.0,5906140.0,IDR,IDX,116265600000.0,116.27,2026-08-28 13:36:02
550,NATO,PT Olympus Strategic Indonesia Tbk,Consumer Services,Hotels/Resorts/Cruise lines,680,680,685,665,0.0,46200,8001110000.0,119260.0,IDR,IDX,5440754800000.0,5440.75,2026-08-28 13:36:02
551,NAYZ,PT Hassana Boga Sejahtera Tbk,Consumer Non-Durables,Food: Major Diversified,71,75,75,70,-5.333333333333334,32697300,2550011500.0,48897750.0,IDR,IDX,181050816500.0,181.05,2026-08-28 13:36:02
552,NCKL,PT Trimegah Bangun Persada Tbk,Non-Energy Minerals,Other Metals/Minerals,955,965,970,945,-1.0362694300518136,22516800,62987866700.0,37599400.0,IDR,IDX,60153412698500.0,60153.41,2026-08-28 13:36:02
553,NELY,PT Pelayaran Nelly Dwi Putri Tbk,Transportation,Marine Shipping,202,200,202,200,1.0,266500,2350000000.0,951580.0,IDR,IDX,474700000000.0,474.7,2026-08-28 13:36:02
554,NEST,PT Esta Indonesia Tbk,Process Industries,Agricultural Commodities/Milling,685,680,690,680,0.0,729300,4112500000.0,1885940.0,IDR,IDX,2817062500000.0,2817.06,2026-08-28 13:36:02
555,NETV,PT MDTV Media Technologies Tbk,Commercial Services,Advertising/Marketing Services,50,50,50,50,0.0,658200,11726589000.0,32385980.0,IDR,IDX,586329450000.0,586.33,2026-08-28 13:36:02
556,NFCX,PT NFC Indonesia Tbk,Technology Services,Internet Software/Services,1665,1710,1720,1650,-2.631578947368421,7600,662412800.0,80260.0,IDR,IDX,1102917312000.0,1102.92,2026-08-28 13:36:02
557,NICE,PT Adhi Kartiko Pratama Tbk,Non-Energy Minerals,Other Metals/Minerals,394,394,406,380,1.5463917525773196,9068200,6082020000.0,9327340.0,IDR,IDX,2396315880000.0,2396.32,2026-08-28 13:36:02
558,NICK,PT Charnic Capital Tbk,Finance,Financial Conglomerates,1850,2120,2190,1760,-4.145077720207254,128000,651150000.0,46390.0,IDR,IDX,1204627500000.0,1204.63,2026-08-28 13:36:02
559,NICL,PT PAM Mineral Tbk,Non-Energy Minerals,Precious Metals,520,510,530,500,2.9702970297029703,37315700,10635600000.0,34230020.0,IDR,IDX,5530512000000.0,5530.51,2026-08-28 13:36:02
560,NIKL,PT Pelat Timah Nusantara Tbk,Process Industries,Containers/Packaging,200,198,202,198,1.0101010101010102,2548300,2523350000.0,4064920.0,IDR,IDX,504670000000.0,504.67,2026-08-28 13:36:02
561,NINE,PT Techno9 Indonesia Tbk,Technology Services,Information Technology Services,100,100,107,96,0.0,13190700,,21862200.0,IDR,IDX,,,2026-08-28 13:36:02
562,NIRO,PT City Retail Developments Tbk,Finance,Real Estate Development,160,161,165,157,-0.6211180124223602,113800,22198900000.0,312440.0,IDR,IDX,3551824000000.0,3551.82,2026-08-28 13:36:02
563,NISP,PT Bank OCBC NISP Tbk,Finance,Major Banks,1245,1245,1255,1235,0.0,1508100,22945300000.0,2161440.0,IDR,IDX,28566898500000.0,28566.9,2026-08-28 13:36:02
564,NOBU,PT Bank Nationalnobu Tbk,Finance,Major Banks,500,500,505,496,0.4016064257028112,1089600,7398027600.0,1233609.9999999881,IDR,IDX,3699013800000.0,3699.01,2026-08-28 13:36:02
565,NPGF,PT Nusa Palapa Gemilang Tbk,Process Industries,Chemicals: Agricultural,58,59,59,57,0.0,6644000,3240240000.0,43883000.0,IDR,IDX,187933920000.0,187.93,2026-08-28 13:36:02
566,NRCA,PT Nusa Raya Cipta Tbk,Industrial Services,Engineering & Construction,585,590,595,575,-0.847457627118644,2144300,2496260000.0,10420980.0,IDR,IDX,1460312100000.0,1460.31,2026-08-28 13:36:02
567,NSSS,PT Nusantara Sawit Sejahtera Tbk,Process Industries,Agricultural Commodities/Milling,870,890,890,860,0.0,1492700,23801568000.0,7467400.0,IDR,IDX,20707364160000.0,20707.36,2026-08-28 13:36:02
568,NTBK,PT Nusatama Berkah Tbk,Consumer Durables,Motor Vehicles,80,80,81,79,0.0,3322000,2700065000.0,29302840.0,IDR,IDX,216005200000.0,216.01,2026-08-28 13:36:02
569,NZIA,PT Nusantara Almazia Tbk,Finance,Real Estate Development,153,149,158,148,4.794520547945205,15500600,2197540000.0,69792700.0,IDR,IDX,336223620000.0,336.22,2026-08-28 13:36:02
570,OASA,PT Maharaksa Biru Energi Tbk,Commercial Services,Miscellaneous Commercial Services,326,324,330,322,0.6172839506172839,11281700,6347220000.0,24104239.999999993,IDR,IDX,2069193720000.0,2069.19,2026-08-28 13:36:02
571,OBAT,PT Brigit Biofarmaka Teknologi Tbk,Producer Manufacturing,Industrial Conglomerates,244,242,244,238,0.8264462809917356,130200,,210970.0,IDR,IDX,,,2026-08-28 13:36:02
572,OBMD,PT OBM Drilchem Tbk,Process Industries,Chemicals: Major Diversified,195,194,196,191,0.0,149000,805992900.0,735800.0,IDR,IDX,157168615500.0,157.17,2026-08-28 13:36:02
573,OILS,PT Indo Oil Perkasa Tbk,Process Industries,Agricultural Commodities/Milling,224,218,226,218,2.7522935779816518,1868300,454056550.0,2940990.0,IDR,IDX,101708667200.0,101.71,2026-08-28 13:36:02
574,OKAS,PT Ancora Indonesia Resources Tbk,Non-Energy Minerals,Precious Metals,122,121,127,120,0.8264462809917356,10905200,2373450000.0,18910640.0,IDR,IDX,289560900000.0,289.56,2026-08-28 13:36:02
575,OLIV,PT Atlas Nexus Group Tbk,Consumer Durables,Home Furnishings,46,45,46,45,0.0,1470700,1900073400.0,5263940.0,IDR,IDX,87403376400.0,87.4,2026-08-28 13:36:02
576,OMED,PT Jayamas Medica Industri Tbk,Health Technology,Medical Specialties,228,232,232,228,-1.7241379310344827,962200,27008119900.0,27697430.0,IDR,IDX,6157851337200.0,6157.85,2026-08-28 13:36:02
577,OMRE,PT Indonesia Prima Property Tbk,Consumer Services,Hotels/Resorts/Cruise lines,945,985,985,945,-2.5773195876288657,700,2945210000.0,11070.0,IDR,IDX,2783223450000.0,2783.22,2026-08-28 13:36:02
578,OPMS,PT Optima Prima Metal Sinergi Tbk,Distribution Services,Wholesale Distributors,122,122,124,121,0.0,584500,801861100.0,4318380.0,IDR,IDX,97827054200.0,97.83,2026-08-28 13:36:02
579,PACK,PT Abadi Nusantara Hijau Investama Tbk,Process Industries,Containers/Packaging,510,480,510,470,9.44206008583691,298452900,32374777000.0,353049260.0,IDR,IDX,16511136270000.0,16511.14,2026-08-28 13:36:02
580,PADA,PT Personel Alih Daya Tbk,Commercial Services,Miscellaneous Commercial Services,222,234,236,220,-4.310344827586207,56276100,,174152600.0,IDR,IDX,,,2026-08-28 13:36:02
581,PADI,PT Minna Padi Investama Sekuritas Tbk,Finance,Investment Banks/Brokers,73,75,75,73,-1.3513513513513513,129320400,14620971274.119,589116460.0,IDR,IDX,1067330903010.687,1067.33,2026-08-28 13:36:02
582,PALM,PT Provident Investasi Bersama Tbk,Process Industries,Agricultural Commodities/Milling,292,290,292,288,0.6896551724137931,65700,15732900000.0,221780.0,IDR,IDX,4594006800000.0,4594.01,2026-08-28 13:36:02
583,PAMG,PT Bima Sakti Pertiwi Tbk,Finance,Real Estate Development,57,56,59,55,3.6363636363636362,15252700,3125000000.0,10158830.0,IDR,IDX,178125000000.0,178.12,2026-08-28 13:36:02
584,PANI,PT Pantai Indah Kapuk Dua Tbk,Consumer Non-Durables,Food: Meat/Fish/Dairy,5950,5975,6025,5900,0.0,2977400,18189500000.0,5170879.999999993,IDR,IDX,108227525000000.0,108227.52,2026-08-28 13:36:02
585,PANR,PT Panorama Sentrawisata Tbk,Consumer Services,Other Consumer Services,416,426,428,414,-2.803738317757009,257900,1387500000.0,85960.00000000148,IDR,IDX,577200000000.0,577.2,2026-08-28 13:36:02
586,PANS,PT Panin Sekuritas Tbk,Finance,Investment Banks/Brokers,1575,1570,1590,1570,0.3184713375796179,173700,711428800.0,142210.0,IDR,IDX,1120500360000.0,1120.5,2026-08-28 13:36:02
587,PART,PT Cipta Perdana Lancar Tbk,Producer Manufacturing,Auto Parts: OEM,120,114,122,113,4.3478260869565215,27204300,,23304470.0,IDR,IDX,,,2026-08-28 13:36:02
588,PBID,PT Panca Budi Idaman Tbk,Process Industries,Containers/Packaging,525,535,535,525,-1.8691588785046727,956600,7500000000.0,1067790.0,IDR,IDX,3937500000000.0,3937.5,2026-08-28 13:36:02
589,PBRX,PT Pan Brothers Tbk,Process Industries,Textiles,26,26,26,26,0.0,730600,21482000000.0,6191050.0,IDR,IDX,558532000000.0,558.53,2026-08-28 13:36:02
590,PBSA,PT Paramita Bangun Sarana Tbk,Industrial Services,Engineering & Construction,850,850,865,830,2.4096385542168677,383700,2984886300.0,2398480.0,IDR,IDX,2537153355000.0,2537.15,2026-08-28 13:36:02
591,PCAR,PT Prima Cakrawala Abadi Tbk,Consumer Non-Durables,Food: Meat/Fish/Dairy,41,40,41,40,2.5,1033300,1166670000.0,6650830.0,IDR,IDX,47833470000.0,47.83,2026-08-28 13:36:02
592,PDES,PT Destinasi Tirta Nusantara Tbk,Consumer Services,Other Consumer Services,398,410,410,384,-2.9268292682926833,418100,715000000.0,221240.0,IDR,IDX,284570000000.0,284.57,2026-08-28 13:36:02
593,PDPP,PT Primadaya Plastisindo Tbk,Process Industries,Containers/Packaging,330,336,342,310,-2.366863905325444,114900,3061341600.0,270700.0000000011,IDR,IDX,1010242728000.0,1010.24,2026-08-28 13:36:02
594,PEGE,PT Panca Global Kapital Tbk,Finance,Investment Banks/Brokers,116,118,119,115,-3.3333333333333335,8672300,3777890000.0,33218279.99999998,IDR,IDX,438235240000.0,438.24,2026-08-28 13:36:02
595,PEHA,PT Phapros Tbk,Distribution Services,Medical Distributors,278,282,284,272,0.0,218800,840000000.0,2023060.0,IDR,IDX,233520000000.0,233.52,2026-08-28 13:36:02
596,PEVE,PT Penta Valent Tbk,Distribution Services,Medical Distributors,314,316,316,312,0.0,586200,1765625000.0,1253010.0,IDR,IDX,554406250000.0,554.41,2026-08-28 13:36:02
597,PGAS,PT Perusahaan Gas Negara (Persero) Tbk Class B,Energy Minerals,Integrated Oil,1500,1530,1530,1500,-2.2801302931596092,35475300,24241500000.0,28747870.0,IDR,IDX,36362250000000.0,36362.25,2026-08-28 13:36:02
598,PGEO,PT Pertamina Geothermal Energy Tbk,Utilities,Alternative Power Generation,1035,1040,1040,1025,0.48543689320388345,3899000,41902777000.0,19234270.0,IDR,IDX,43369374195000.0,43369.37,2026-08-28 13:36:02
599,PGJO,PT Bahtera Bumi Raya Tbk,Technology Services,Packaged Software,920,920,920,920,1.098901098901099,135200,795859000.0,252160.00000000076,IDR,IDX,732190280000.0,732.19,2026-08-28 13:36:02
600,PGLI,PT Pembangunan Graha Lestari Indah Tbk,Consumer Services,Hotels/Resorts/Cruise lines,204,212,212,200,0.0,126800,488000000.0,354970.0,IDR,IDX,99552000000.0,99.55,2026-08-28 13:36:02
601,PGUN,PT Pradiksi Gunatama Tbk,Process Industries,Agricultural Commodities/Milling,9900,9950,10125,9900,0.0,20300,5737850000.0,252650.0,IDR,IDX,56804715000000.0,56804.72,2026-08-28 13:36:02
602,PICO,PT Pelangi Indah Canindo Tbk,Process Industries,Containers/Packaging,190,200,204,183,-2.564102564102564,4413000,568375000.0,17326550.0,IDR,IDX,107991250000.0,107.99,2026-08-28 13:36:02
603,PIPA,PT Oxala Energy International Tbk,Non-Energy Minerals,Construction Materials,200,206,208,195,-0.9900990099009901,108942800,,476831500.0,IDR,IDX,,,2026-08-28 13:36:02
604,PJAA,PT Pembangunan Jaya Ancol Tbk,Consumer Services,Movies/Entertainment,464,462,464,460,0.8695652173913043,12500,1600000000.0,68580.0,IDR,IDX,742400000000.0,742.4,2026-08-28 13:36:02
605,PJHB,PT Pelayaran Jaya Hidup Baru,Transportation,Marine Shipping,186,185,189,184,1.0869565217391304,1113300,,8227850.0,IDR,IDX,,,2026-08-28 13:36:02
606,PKPK,PT Paragon Karya Perkasa Tbk,Industrial Services,Engineering & Construction,3650,3700,3700,3630,-1.084010840108401,124500,1200000000.0,650650.0,IDR,IDX,4380000000000.0,4380.0,2026-08-28 13:36:02
607,PLAN,PT Planet Properindo Jaya Tbk,Consumer Services,Hotels/Resorts/Cruise lines,42,41,44,41,0.0,1772200,896710000.0,4606670.0,IDR,IDX,37661820000.0,37.66,2026-08-28 13:36:02
608,PMJS,PT Putra Mandiri Jembar Tbk,Retail Trade,Specialty Stores,136,140,140,132,-0.7299270072992701,3303200,13755600000.0,4122650.0,IDR,IDX,1870761600000.0,1870.76,2026-08-28 13:36:02
609,PMUI,PT Prima Multi Usaha Indonesia Tbk,Distribution Services,Electronics Distributors,98,99,100,98,-1.0101010101010102,530100,5800000000.0,4657200.0,IDR,IDX,568400000000.0,568.4,2026-08-28 13:36:02
610,PNBN,PT Bank Pan Indonesia Tbk,Finance,Regional Banks,900,905,905,890,0.5586592178770949,310100,24071827100.0,1486330.0000000477,IDR,IDX,21664644390000.0,21664.64,2026-08-28 13:36:02
611,PNBS,PT Bank Panin Dubai Syariah Tbk,Finance,Major Banks,50,50,50,50,0.0,433200,38813600000.0,6873200.0,IDR,IDX,1940680000000.0,1940.68,2026-08-28 13:36:02
612,PNGO,PT AEP Pinago Plantations Tbk,Process Industries,Agricultural Commodities/Milling,3470,3470,3470,3470,0.0,1000,781250000.0,1980.0,IDR,IDX,2710937500000.0,2710.94,2026-08-28 13:36:02
613,PNIN,PT Paninvest Tbk,Consumer Services,Other Consumer Services,730,730,735,715,-0.6802721088435374,153600,4068320000.0,295680.0,IDR,IDX,2969873600000.0,2969.87,2026-08-28 13:36:02
614,PNLF,PT Panin Financial Tbk,Commercial Services,Miscellaneous Commercial Services,228,230,230,226,0.0,4853100,32022100000.0,28723570.0,IDR,IDX,7301038800000.0,7301.04,2026-08-28 13:36:02
615,PNSE,PT Pudjiadi & Sons Tbk,Consumer Services,Hotels/Resorts/Cruise lines,496,505,505,488,-0.4016064257028112,700,797813000.0,60620.0,IDR,IDX,395715248000.0,395.72,2026-08-28 13:36:02
616,POLA,PT Pool Advista Finance Tbk,Finance,Finance/Rental/Leasing,53,52,53,52,0.0,1326000,3351080000.0,9691810.0,IDR,IDX,177607240000.0,177.61,2026-08-28 13:36:02
617,POLI,PT Pollux Hotels Group Tbk,Consumer Durables,Homebuilding,830,890,890,810,-2.923976608187134,68000,2010530000.0,69080.0,IDR,IDX,1668739900000.0,1668.74,2026-08-28 13:36:02
618,POLU,PT Golden Flower Tbk,Consumer Non-Durables,Apparel/Footwear,20300,19500,21850,19500,4.639175257731959,73400,750000000.0,35070.0,IDR,IDX,15225000000000.0,15225.0,2026-08-28 13:36:02
619,PORT,PT Nusantara Pelabuhan Handal Tbk,Transportation,Other Transportation,900,905,905,875,-0.5524861878453038,61300,2813940000.0,97700.0,IDR,IDX,2532546000000.0,2532.55,2026-08-28 13:36:02
620,POWR,PT Cikarang Listrindo Tbk,Utilities,Electric Utilities,900,930,935,895,-2.7027027027027026,2795900,15851543100.0,9045490.0,IDR,IDX,14266388790000.0,14266.39,2026-08-28 13:36:02
621,PPGL,PT Prima Globalindo Logistik Tbk,Transportation,Air Freight/Couriers,322,308,322,300,9.523809523809524,7711000,771178000.0,5463590.0,IDR,IDX,248319316000.0,248.32,2026-08-28 13:36:02
622,PPRE,PT PP Presisi Tbk,Industrial Services,Engineering & Construction,104,105,106,103,-0.9523809523809524,5952600,10224300000.0,42668140.0,IDR,IDX,1063327200000.0,1063.33,2026-08-28 13:36:02
623,PPRI,PT Paperocks Indonesia Tbk,Distribution Services,Wholesale Distributors,141,144,144,137,-2.083333333333333,4416700,,3418980.0,IDR,IDX,,,2026-08-28 13:36:02
624,PPRO,PT PP Properti Tbk,Finance,Real Estate Development,15,16,16,15,0.0,5587100,61675700000.0,27426240.0,IDR,IDX,925135500000.0,925.14,2026-08-28 13:36:02
625,PRAY,PT Famon Awal Bros Sedaya Tbk,Health Services,Hospital/Nursing Management,745,725,775,725,-1.9736842105263157,9100,13959422000.0,22840.0,IDR,IDX,10399769390000.0,10399.77,2026-08-28 13:36:02
626,PRDA,PT Prodia Widyahusada Tbk,Health Services,Medical/Nursing Services,2610,2580,2620,2580,1.556420233463035,648700,889775500.0,1099780.0,IDR,IDX,2322314055000.0,2322.31,2026-08-28 13:36:02
627,PRDL,PT Prodia Diagnostic Line Tbk,Health Technology,Medical Specialties,254,252,256,250,1.6,6528400,1742900000.0,17194840.0,IDR,IDX,442696600000.0,442.7,2026-08-28 13:36:02
628,PRIM,PT Royal Prima Tbk,Health Services,Hospital/Nursing Management,120,120,121,119,0.8403361344537815,1076400,3378315300.0,6659700.0,IDR,IDX,405397836000.0,405.4,2026-08-28 13:36:02
629,PSAB,PT J Resources Asia Pasifik Tbk,Non-Energy Minerals,Precious Metals,635,650,655,625,-1.550387596899225,27890000,26460000000.0,131378349.99999991,IDR,IDX,16802100000000.0,16802.1,2026-08-28 13:36:02
630,PSAT,PT Pancaran Samudera Transport Tbk,Transportation,Other Transportation,900,895,905,890,0.5586592178770949,31400,1482353000.0,72310.0,IDR,IDX,1334117700000.0,1334.12,2026-08-28 13:36:02
631,PSDN,PT Prasidha Aneka Niaga Tbk,Process Industries,Agricultural Commodities/Milling,136,136,138,133,0.7407407407407408,674900,1440000000.0,3803930.0,IDR,IDX,195840000000.0,195.84,2026-08-28 13:36:02
632,PSGO,PT Palma Serasih Tbk.,Consumer Non-Durables,Food: Specialty/Candy,193,195,195,192,-1.0256410256410255,267200,18850000000.0,318020.0,IDR,IDX,3638050000000.0,3638.05,2026-08-28 13:36:02
633,PSKT,PT Red Planet Indonesia Tbk,Consumer Services,Hotels/Resorts/Cruise lines,242,250,250,234,2.5423728813559325,12882800,10351200000.0,28089100.0,IDR,IDX,2504990400000.0,2504.99,2026-08-28 13:36:02
634,PSSI,PT IMC Pelita Logistik Tbk,Transportation,Marine Shipping,330,326,330,326,1.2269938650306749,24800,5121186000.0,97410.0,IDR,IDX,1689991380000.0,1689.99,2026-08-28 13:36:02
635,PTBA,PT Bukit Asam (Persero) Tbk,Energy Minerals,Coal,2540,2540,2640,2530,1.6,26675700,11514398000.0,15614570.0,IDR,IDX,29246570920000.0,29246.57,2026-08-28 13:36:02
636,PTIS,PT Indo Straits Tbk,Transportation,Other Transportation,258,254,260,254,0.0,19400,550165000.0,88680.0,IDR,IDX,141942570000.0,141.94,2026-08-28 13:36:02
637,PTMP,PT Mitra Pack Tbk,Distribution Services,Wholesale Distributors,65,65,66,64,1.5625,4913600,3169200000.0,15789560.0,IDR,IDX,205998000000.0,206.0,2026-08-28 13:36:02
638,PTPP,PT PP (Persero) Tbk,Industrial Services,Engineering & Construction,200,206,206,200,-2.912621359223301,3862300,6185344100.0,8957130.000000048,IDR,IDX,1237068820000.0,1237.07,2026-08-28 13:36:02
639,PTPS,PT Pulau Subur Tbk,Process Industries,Agricultural Commodities/Milling,156,156,159,154,0.0,617100,,2589850.0,IDR,IDX,,,2026-08-28 13:36:02
640,PTPW,PT Pratama Widya Tbk,Industrial Services,Engineering & Construction,1185,1180,1185,1180,0.851063829787234,34400,878188000.0,38330.0,IDR,IDX,1040652780000.0,1040.65,2026-08-28 13:36:02
641,PTRO,PT Petrosea Tbk,Industrial Services,Engineering & Construction,5100,5125,5225,5050,0.49261083743842365,21520500,10086100000.0,38197240.0,IDR,IDX,51439110000000.0,51439.11,2026-08-28 13:36:02
642,PTSN,PT Sat Nusapersada Tbk,Electronic Technology,Electronic Production Equipment,294,294,296,292,0.684931506849315,103700,5314340000.0,446000.00000001787,IDR,IDX,1562415960000.0,1562.42,2026-08-28 13:36:02
643,PTSP,PT Pioneerindo Gourmet International Tbk,Consumer Services,Restaurants,900,890,900,885,0.5586592178770949,900,220808000.0,13980.0,IDR,IDX,198727200000.0,198.73,2026-08-28 13:36:02
644,PUDP,PT Pudjiadi Prestige Tbk Class A,Finance,Real Estate Development,272,272,274,268,0.0,157800,659120000.0,334240.0,IDR,IDX,179280640000.0,179.28,2026-08-28 13:36:02
645,PURA,PT Putra Rajawali Kencana Tbk,Transportation,Air Freight/Couriers,32,32,32,32,0.0,866300,6301930000.0,3091910.0,IDR,IDX,201661760000.0,201.66,2026-08-28 13:36:02
646,PURI,PT Puri Global Sukses Tbk,Finance,Real Estate Development,152,155,157,150,-0.6535947712418301,1450200,1000000000.0,4048860.0,IDR,IDX,152000000000.0,152.0,2026-08-28 13:36:02
647,PWON,PT Pakuwon Jati Tbk,Finance,Real Estate Development,270,270,274,268,0.7462686567164178,22663600,48159600000.0,71450360.0,IDR,IDX,13003092000000.0,13003.09,2026-08-28 13:36:02
648,PYFA,PT Pyridam Farma Tbk,Health Technology,Pharmaceuticals: Major,256,230,266,230,13.274336283185843,73590300,11236800000.0,26471859.99999995,IDR,IDX,2876620800000.0,2876.62,2026-08-28 13:36:02
649,PZZA,PT Sarimelati Kencana Tbk,Consumer Services,Restaurants,182,182,182,180,1.1111111111111112,31900,3005485700.0,394100.0,IDR,IDX,546998397400.0,547.0,2026-08-28 13:36:02
650,R-LQ45X,Premier ETF LQ-45,Miscellaneous,Investment Trusts/Mutual Funds,867,867,867,867,0.0,4300,,19100.0,IDR,IDX,,,2026-08-28 13:36:02
651,RAAM,PT Tripar Multivision Plus Tbk,Consumer Services,Movies/Entertainment,186,188,189,186,-0.53475935828877,115000,6813620000.0,1273770.0,IDR,IDX,1267333320000.0,1267.33,2026-08-28 13:36:02
652,RAJA,PT Rukun Raharja Tbk,Utilities,Gas Distributors,815,825,830,810,-1.2121212121212122,25424300,21120657300.0,68444949.99999972,IDR,IDX,17213335699500.0,17213.34,2026-08-28 13:36:02
653,RALS,PT Ramayana Lestari Sentosa Tbk,Retail Trade,Department Stores,382,380,382,380,0.5263157894736842,480500,6134777300.0,1915040.0,IDR,IDX,2343484928600.0,2343.48,2026-08-28 13:36:02
654,RANC,PT Supra Boga Lestari Tbk,Retail Trade,Food Retail,530,515,540,510,1.9230769230769231,42000,1564490000.0,31330.0,IDR,IDX,829179700000.0,829.18,2026-08-28 13:36:02
655,RANS,PT Rans Entertainmen Indonesia Tbk,Commercial Services,Miscellaneous Commercial Services,232,224,242,218,5.454545454545454,610628300,,163544780.0,IDR,IDX,,,2026-08-28 13:36:02
656,RATU,PT Raharja Energi Cepu Tbk,Miscellaneous,Miscellaneous,4250,4340,4350,4220,-0.9324009324009324,4286900,2715053700.0,9262610.0,IDR,IDX,11538978225000.0,11538.98,2026-08-28 13:36:02
657,RBMS,PT Ristia Bintang Mahkotasejati Tbk,Consumer Services,Hotels/Resorts/Cruise lines,62,63,63,61,-1.5873015873015872,4619800,2656210000.0,21753440.00000024,IDR,IDX,164685020000.0,164.69,2026-08-28 13:36:02
658,RCCC,PT Utama Radar Cahaya Tbk,Electronic Technology,Aerospace & Defense,114,115,115,108,0.0,1086600,,1196619.9999999986,IDR,IDX,,,2026-08-28 13:36:02
659,RDTX,PT Roda Vivatex Tbk,Finance,Real Estate Development,13600,13400,13600,13300,0.0,500,268800000.0,410.0,IDR,IDX,3655680000000.0,3655.68,2026-08-28 13:36:02
660,REAL,PT Repower Asia Indonesia Tbk,Finance,Real Estate Development,50,50,50,50,0.0,1281600,6633610000.0,77467510.0,IDR,IDX,331680500000.0,331.68,2026-08-28 13:36:02
661,RELF,PT Graha Mitra Asia Tbk,Finance,Real Estate Development,35,35,35,34,0.0,2573400,5727832000.0,2867300.0,IDR,IDX,200474120000.0,200.47,2026-08-28 13:36:02
662,RELI,PT Reliance Sekuritas Indonesia Tbk,Finance,Investment Banks/Brokers,515,520,520,492,-0.9615384615384616,17400,1800000000.0,130380.0,IDR,IDX,927000000000.0,927.0,2026-08-28 13:36:02
663,RGAS,PT Kian Santang Muliatama Tbk,Industrial Services,Engineering & Construction,194,194,194,194,-14.912280701754385,26774100,1459234100.0,281932260.0,IDR,IDX,283091415400.0,283.09,2026-08-28 13:36:02
664,RICY,PT Ricky Putra Globalindo Tbk,Consumer Non-Durables,Apparel/Footwear,80,79,80,78,1.2658227848101267,915600,641717000.0,3740880.0,IDR,IDX,51337360000.0,51.34,2026-08-28 13:36:02
665,RIGS,PT Rig Tenders Indonesia Tbk,Transportation,Marine Shipping,680,680,680,680,0.0,40100,609130000.0,36820.0,IDR,IDX,414208400000.0,414.21,2026-08-28 13:36:02
666,RISE,PT Jaya Sukses Makmur Sentosa Tbk,Finance,Real Estate Development,885,915,930,880,-2.7472527472527473,3007400,16198600000.0,1478260.0,IDR,IDX,14335761000000.0,14335.76,2026-08-28 13:36:02
667,RLCO,PT Abadi Lestari Indonesia Tbk,Health Technology,Pharmaceuticals: Other,4220,4210,4290,4190,0.23752969121140144,98600,3125000000.0,378380.0,IDR,IDX,13187500000000.0,13187.5,2026-08-28 13:36:02
668,RMKE,PT RMK Energy Tbk,Transportation,Trucking,414,416,420,412,-0.4807692307692308,35823000,21817612000.0,85721120.0,IDR,IDX,9032491368000.0,9032.49,2026-08-28 13:36:02
669,RMKO,PT Royaltama Mulia Kontraktorindo Tbk,Energy Minerals,Coal,284,272,284,272,3.64963503649635,2598000,1576720600.0,6127620.0,IDR,IDX,447788650400.0,447.79,2026-08-28 13:36:02
670,ROCK,PT Rockfields Properti Indonesia Tbk,Finance,Real Estate Development,2060,2150,2150,2050,-1.9047619047619049,13500,1435180000.0,148770.0,IDR,IDX,2956470800000.0,2956.47,2026-08-28 13:36:02
671,RODA,PT Pikko Land Development Tbk,Consumer Durables,Homebuilding,63,65,65,63,-3.076923076923077,4037400,13592100000.0,19349250.0,IDR,IDX,856302300000.0,856.3,2026-08-28 13:36:02
672,RONY,PT Aracord Nusantara Group Tbk,Industrial Services,Engineering & Construction,1225,1220,1260,1220,0.0,12600,1250000000.0,10960.0,IDR,IDX,1531250000000.0,1531.25,2026-08-28 13:36:02
673,ROTI,PT Nippon Indosari Corpindo Tbk,Consumer Non-Durables,Food: Specialty/Candy,590,585,590,585,0.8547008547008548,89000,5622276600.0,470410.0,IDR,IDX,3317143194000.0,3317.14,2026-08-28 13:36:02
674,RSCH,PT Charlie Hospital Semarang Tbk,Health Services,Hospital/Nursing Management,342,342,350,342,0.5882352941176471,12101300,2650000000.0,22246590.0,IDR,IDX,906300000000.0,906.3,2026-08-28 13:36:02
675,RSGK,PT Kedoya Adyaraya Tbk,Health Services,Hospital/Nursing Management,955,950,955,950,-1.0362694300518136,11100,929675000.0,16070.0,IDR,IDX,887839625000.0,887.84,2026-08-28 13:36:02
676,RUIS,PT Radiant Utama Interinsco Tbk,Industrial Services,Oilfield Services/Equipment,200,200,212,200,0.0,936400,770000000.0,414760.0,IDR,IDX,154000000000.0,154.0,2026-08-28 13:36:02
677,RUNS,PT Global Sukses Solusi Tbk,Technology Services,Packaged Software,61,62,63,60,-1.6129032258064515,870100,980869360.0,991920.0,IDR,IDX,59833030960.0,59.83,2026-08-28 13:36:02
678,SAFE,PT Steady Safe Tbk,Transportation,Other Transportation,690,700,730,680,2.2222222222222223,737000,821207000.0,1455310.0,IDR,IDX,566632830000.0,566.63,2026-08-28 13:36:02
679,SAGE,PT Saptausaha Gemilangindah Tbk,Finance,Real Estate Development,29,29,29,29,3.571428571428571,291100,8033527300.0,2678930.0,IDR,IDX,232972291700.0,232.97,2026-08-28 13:36:02
680,SAME,PT Sarana Meditama Metropolitan Tbk,Health Services,Hospital/Nursing Management,304,312,312,304,-0.6535947712418301,181100,17164599999.999998,1240090.0000000775,IDR,IDX,5218038399999.999,5218.04,2026-08-28 13:36:02
681,SAMF,PT Saraswanti Anugerah Makmur Tbk,Process Industries,Chemicals: Agricultural,292,290,294,288,1.3888888888888888,38200,10250000000.0,599030.0,IDR,IDX,2993000000000.0,2993.0,2026-08-28 13:36:02
682,SAPX,PT Satria Antaran Prima Tbk,Transportation,Air Freight/Couriers,218,218,218,210,2.8301886792452833,179100,833333000.0,152420.0,IDR,IDX,181666594000.0,181.67,2026-08-28 13:36:02
683,SATU,PT Kota Satu Properti Tbk,Finance,Real Estate Development,244,240,244,238,2.5210084033613445,161300,1375000000.0,133260.0,IDR,IDX,335500000000.0,335.5,2026-08-28 13:36:02
684,SBMA,PT Surya Biru Murni Acetylene Tbk,Process Industries,Chemicals: Specialty,111,109,111,105,1.834862385321101,1543500,929926300.0,646260.0,IDR,IDX,103221819300.0,103.22,2026-08-28 13:36:02
685,SCCO,PT Supreme Cable Manufacturing & Commerce Tbk,Producer Manufacturing,Electrical Products,2330,2370,2370,2330,-0.4273504273504274,7400,822334000.0,15570.0,IDR,IDX,1916038220000.0,1916.04,2026-08-28 13:36:02
686,SCMA,PT Surya Citra Media Tbk,Consumer Services,Broadcasting,202,206,208,202,-0.9803921568627451,27624100,63504733775.0,64040060.0,IDR,IDX,12827956222550.0,12827.96,2026-08-28 13:36:02
687,SCNP,PT Selaras Citra Nusantara Perkasa Tbk,Consumer Durables,Electronics/Appliances,153,150,153,150,1.3245033112582782,48600,2307665100.0,209240.0,IDR,IDX,353072760300.0,353.07,2026-08-28 13:36:02
688,SDMU,PT Sidomulyo Selaras Tbk,Transportation,Trucking,91,93,94,90,-2.1505376344086025,16981400,2250690000.0,75070170.0,IDR,IDX,204812790000.0,204.81,2026-08-28 13:36:02
689,SDPC,PT Millennium Pharmacon International Tbk,Distribution Services,Medical Distributors,197,192,198,192,3.684210526315789,536300,1274000000.0,629480.0,IDR,IDX,250978000000.0,250.98,2026-08-28 13:36:02
690,SDRA,PT Bank Woori Saudara Indonesia 1906 Tbk,Finance,Regional Banks,224,222,224,218,0.9009009009009009,57300,14692200000.0,900630.0,IDR,IDX,3291052800000.0,3291.05,2026-08-28 13:36:02
691,SEMA,PT Semacom Integrated Tbk,Producer Manufacturing,Electrical Products,110,113,118,109,-2.6548672566371683,2320100,1347258800.0,4224910.0,IDR,IDX,148198468000.0,148.2,2026-08-28 13:36:02
692,SFAN,PT Surya Fajar Capital Tbk,Finance,Investment Managers,2030,2030,2030,2030,0.0,22100,1359930000.0,42640.0,IDR,IDX,2760657900000.0,2760.66,2026-08-28 13:36:02
693,SGER,PT Sumber Global Energy Tbk,Non-Energy Minerals,Other Metals/Minerals,585,560,590,545,4.464285714285714,70273900,15586900000.0,45591939.999999784,IDR,IDX,9118336500000.0,9118.34,2026-08-28 13:36:02
694,SGRO,PT Prime Agri Resources Tbk,Process Industries,Agricultural Commodities/Milling,4800,4800,4810,4750,0.0,33000,1818542300.0,62630.0,IDR,IDX,8729003040000.0,8729.0,2026-08-28 13:36:02
695,SHID,PT Hotel Sahid Jaya International Tbk,Consumer Services,Hotels/Resorts/Cruise lines,535,550,555,530,0.9433962264150944,2300,1119330000.0,64520.0,IDR,IDX,598841550000.0,598.84,2026-08-28 13:36:02
696,SHIP,PT Sillo Maritime Perdana Tbk,Transportation,Marine Shipping,2190,2250,2290,2180,-3.0973451327433628,14500,2719790000.0,117110.0,IDR,IDX,5956340100000.0,5956.34,2026-08-28 13:36:02
697,SICO,PT Sigma Energy Compressindo Tbk,Energy Minerals,Oil & Gas Production,114,118,118,112,-1.7241379310344827,10073700,,19362780.0,IDR,IDX,,,2026-08-28 13:36:02
698,SIDO,PT Industri Jamu dan Farmasi Sido Muncul Tbk,Health Technology,Pharmaceuticals: Other,352,352,354,350,0.0,8427100,29435200000.0,27662269.999999993,IDR,IDX,10361190400000.0,10361.19,2026-08-28 13:36:02
699,SILO,PT Siloam International Hospitals Tbk Reg-S,Health Services,Hospital/Nursing Management,2140,2200,2200,2120,-2.727272727272727,245400,12987932905.0,408180.00000000594,IDR,IDX,27794176416700.0,27794.18,2026-08-28 13:36:02
700,SIMP,PT Salim Ivomas Pratama Tbk,Consumer Non-Durables,Food: Specialty/Candy,615,610,620,610,0.819672131147541,3717600,15501300000.0,9536250.0,IDR,IDX,9533299500000.0,9533.3,2026-08-28 13:36:02
701,SINI,PT Singaraja Putra Tbk,Consumer Services,Hotels/Resorts/Cruise lines,9250,8975,9250,8975,5.714285714285714,4073200,1202500000.0,3347540.0,IDR,IDX,11123125000000.0,11123.12,2026-08-28 13:36:02
702,SIPD,PT Sreeya Sewu Indonesia Tbk Class A,Process Industries,Agricultural Commodities/Milling,960,990,990,915,4.918032786885246,90200,1839100000.0,89150.0,IDR,IDX,1765536000000.0,1765.54,2026-08-28 13:36:02
703,SKBM,PT Sekar Bumi Tbk,Consumer Non-Durables,Food: Meat/Fish/Dairy,540,540,545,530,0.0,87000,1730100000.0,203140.0,IDR,IDX,934254000000.0,934.25,2026-08-28 13:36:02
704,SKLT,PT Sekar Laut Tbk,Consumer Non-Durables,Food: Major Diversified,216,218,218,210,0.9345794392523363,88400,6238030700.0,347920.0,IDR,IDX,1347414631200.0,1347.41,2026-08-28 13:36:02
705,SKRN,PT Superkrane Mitra Utama,Finance,Finance/Rental/Leasing,394,390,400,382,1.5463917525773196,115700,7117999826.0,155320.0,IDR,IDX,2804491931444.0,2804.49,2026-08-28 13:36:02
706,SLIS,PT Gaya Abadi Sempurna Tbk,Distribution Services,Electronics Distributors,94,93,95,90,1.0752688172043012,41601700,2463370000.0,320037240.0000002,IDR,IDX,231556780000.0,231.56,2026-08-28 13:36:02
707,SMAR,PT Sinar Mas Agro Resources & Technology Tbk,Process Industries,Agricultural Commodities/Milling,5975,6100,6125,5950,-2.0491803278688523,49800,2872190000.0,85510.0,IDR,IDX,17161335250000.0,17161.34,2026-08-28 13:36:02
708,SMBR,PT Semen Baturaja (Persero) Tbk Class B,Non-Energy Minerals,Construction Materials,162,164,165,160,0.6211180124223602,2240400,9932540000.0,3657560.0,IDR,IDX,1609071480000.0,1609.07,2026-08-28 13:36:02
709,SMDM,PT Suryamas Dutamakmur Tbk,Finance,Real Estate Development,540,540,540,530,-0.9174311926605505,105500,4772140000.0,46710.0,IDR,IDX,2576955600000.0,2576.96,2026-08-28 13:36:02
710,SMDR,PT Samudera Indonesia Tbk,Transportation,Marine Shipping,310,312,314,310,-0.641025641025641,3946600,16375600000.0,7578920.0,IDR,IDX,5076436000000.0,5076.44,2026-08-28 13:36:02
711,SMGA,PT Sumber Mineral Global Abadi Tbk,Distribution Services,Wholesale Distributors,82,81,83,81,2.5,3801100,8750000000.0,24444500.0,IDR,IDX,717500000000.0,717.5,2026-08-28 13:36:02
712,SMGR,PT Semen Indonesia (Persero) Tbk,Non-Energy Minerals,Construction Materials,1495,1510,1530,1490,-0.6644518272425249,11134000,6735544000.0,16562379.999999989,IDR,IDX,10069638280000.0,10069.64,2026-08-28 13:36:02
713,SMIL,PT Sarana Mitra Luas Tbk,Finance,Finance/Rental/Leasing,414,406,420,404,1.9704433497536946,15897800,8709668000.0,30896500.0,IDR,IDX,3605802552000.0,3605.8,2026-08-28 13:36:02
714,SMKL,PT Satyamitra Kemas Lestari Tbk,Process Industries,Containers/Packaging,148,148,148,146,1.36986301369863,4900,3418090000.0,115180.0,IDR,IDX,505877320000.0,505.88,2026-08-28 13:36:02
715,SMKM,PT Sumber Mas Konstruksi Tbk,Industrial Services,Engineering & Construction,115,112,116,112,0.8771929824561403,1433100,1253000000.0,6899430.0,IDR,IDX,144095000000.0,144.1,2026-08-28 13:36:02
716,SMLE,PT Sinergi Multi Lestarindo Tbk,Distribution Services,Wholesale Distributors,161,165,166,160,-2.4242424242424243,4350700,2328153000.0,20485790.0,IDR,IDX,374832633000.0,374.83,2026-08-28 13:36:02
717,SMMA,PT Sinar Mas Multiartha Tbk Class A,Finance,Property/Casualty Insurance,19850,20050,20050,19625,-0.997506234413965,1100,142474000.0,25480.00000000596,IDR,IDX,2828108900000.0,2828.11,2026-08-28 13:36:02
718,SMMT,PT Golden Eagle Energy Tbk,Energy Minerals,Coal,1985,2030,2030,1975,-2.2167487684729066,41700,3425000000.0,85130.00000009537,IDR,IDX,6798625000000.0,6798.62,2026-08-28 13:36:02
719,SMRA,PT Summarecon Agung Tbk,Finance,Real Estate Development,318,314,318,314,1.2738853503184715,2796900,16508599999.999998,19196489.99999995,IDR,IDX,5249734799999.999,5249.73,2026-08-28 13:36:02
720,SMSM,PT Selamat Sempurna Tbk,Producer Manufacturing,Auto Parts: OEM,1725,1715,1725,1710,0.8771929824561403,758100,5758680000.0,2164800.0,IDR,IDX,9933723000000.0,9933.72,2026-08-28 13:36:02
721,SNLK,PT Sunter Lakeside Hotel Tbk,Consumer Services,Hotels/Resorts/Cruise lines,226,228,230,224,-0.8771929824561403,10145700,450000000.0,13595210.0,IDR,IDX,101700000000.0,101.7,2026-08-28 13:36:02
722,SOCI,PT Soechi Lines Tbk,Transportation,Marine Shipping,565,545,580,540,3.669724770642202,7169800,8301379999.999999,12868470.0,IDR,IDX,4690279699999.999,4690.28,2026-08-28 13:36:02
723,SOFA,PT Solusi Environment Asia Tbk,Non-Energy Minerals,Forest Products,372,360,386,360,3.910614525139665,3260600,1653570000.0,6252260.0,IDR,IDX,615128040000.0,615.13,2026-08-28 13:36:02
724,SOHO,PT Soho Global Health Tbk,Health Technology,Pharmaceuticals: Major,1205,1200,1205,1195,0.0,4500,12691700000.0,37390.0,IDR,IDX,15293498500000.0,15293.5,2026-08-28 13:36:02
725,SOLA,PT Xolare Rcr Energy Tbk,Industrial Services,Engineering & Construction,92,91,93,91,1.098901098901099,1858900,,13809770.0,IDR,IDX,,,2026-08-28 13:36:02
726,SONA,PT Sona Topas Tourism Industry Tbk,Retail Trade,Specialty Stores,2400,2380,2400,2380,0.0,5600,662400000.0,43230.0,IDR,IDX,1589760000000.0,1589.76,2026-08-28 13:36:02
727,SOSS,PT ALSOK Indonesia Services Tbk,Commercial Services,Personnel Services,840,840,840,840,0.0,500,974526000.0,3510.0,IDR,IDX,818601840000.0,818.6,2026-08-28 13:36:02
728,SOTS,PT Satria Mega Kencana Tbk,Consumer Services,Hotels/Resorts/Cruise lines,625,635,635,615,-1.574803149606299,97400,1000000000.0,433760.0,IDR,IDX,625000000000.0,625.0,2026-08-28 13:36:02
729,SPMA,PT Suparma Tbk,Process Industries,Pulp & Paper,166,165,168,165,0.6060606060606061,268000,5330410000.0,412160.00000000006,IDR,IDX,884848060000.0,884.85,2026-08-28 13:36:02
730,SPRE,PT Soraya Berjaya Indonesia Tbk,Consumer Durables,Home Furnishings,91,86,92,86,0.0,2933500,,1367410.0,IDR,IDX,,,2026-08-28 13:36:02
731,SPTO,PT Surya Pertiwi Tbk,Distribution Services,Wholesale Distributors,615,615,620,610,0.0,106400,2700000000.0,462580.0,IDR,IDX,1660500000000.0,1660.5,2026-08-28 13:36:02
732,SQMI,PT Wilton Makmur Indonesia Tbk,Non-Energy Minerals,Precious Metals,70,63,70,62,12.903225806451612,46354700,15537600000.0,43400170.0,IDR,IDX,1087632000000.0,1087.63,2026-08-28 13:36:02
733,SRAJ,PT Sejahteraraya Anugrahjaya Tbk,Health Services,Hospital/Nursing Management,14275,13900,14650,13900,-4.51505016722408,7500,12239000000.0,4670.0,IDR,IDX,174711725000000.0,174711.72,2026-08-28 13:36:02
734,SRSN,PT Indo Acidatama Tbk,Consumer Non-Durables,Apparel/Footwear,74,72,74,71,2.7777777777777777,37328600,6020000000.0,38630490.0,IDR,IDX,445480000000.0,445.48,2026-08-28 13:36:02
735,SRTG,PT Saratoga Investama Sedaya Tbk,Finance,Financial Conglomerates,1935,1955,1960,1930,-1.0230179028132993,1718100,13549797900.0,6180800.0,IDR,IDX,26218858936500.0,26218.86,2026-08-28 13:36:02
736,SSIA,PT Surya Semesta Internusa Tbk,Industrial Services,Engineering & Construction,1840,1860,1890,1835,-0.8086253369272237,8077800,4705250000.0,27010670.0,IDR,IDX,8657660000000.0,8657.66,2026-08-28 13:36:02
737,SSMS,PT Sawit Sumbermas Sarana Tbk,Process Industries,Agricultural Commodities/Milling,910,920,925,900,-0.546448087431694,7036200,9525000000.0,10085630.0,IDR,IDX,8667750000000.0,8667.75,2026-08-28 13:36:02
738,SSTM,PT Sunson Textile Manufacturer Tbk,Process Industries,Textiles,394,364,396,364,2.604166666666667,150700,1170910000.0,200190.0,IDR,IDX,461338540000.0,461.34,2026-08-28 13:36:02
739,STAA,PT Sumber Tani Agung Resources Tbk,Process Industries,Agricultural Commodities/Milling,1200,1190,1205,1180,1.2658227848101267,4142900,10896230600.0,5740850.0,IDR,IDX,13075476720000.0,13075.48,2026-08-28 13:36:02
740,STAR,PT Calculus Global Ventures Tbk,Finance,Investment Managers,402,412,412,402,-2.4271844660194173,21700,4800000000.0,1252780.0,IDR,IDX,1929600000000.0,1929.6,2026-08-28 13:36:02
741,STRK,PT Lovina Beach Brewery Tbk,Consumer Non-Durables,Beverages: Alcoholic,71,70,73,68,2.898550724637681,25374400,10721836000.0,51902550.0,IDR,IDX,761250356000.0,761.25,2026-08-28 13:36:02
742,STTP,PT Siantar Top Tbk,Consumer Non-Durables,Food: Specialty/Candy,9400,9400,9400,9400,-0.2652519893899204,1100,1310000000.0,2650.0,IDR,IDX,12314000000000.0,12314.0,2026-08-28 13:36:02
743,SULI,PT SLJ Global Tbk,Non-Energy Minerals,Forest Products,90,91,93,89,1.1235955056179776,10295100,6320780000.0,14271569.999999952,IDR,IDX,568870200000.0,568.87,2026-08-28 13:36:02
744,SUNI,PT Sunindo Pratama Tbk,Energy Minerals,Oil & Gas Production,715,710,715,710,0.7042253521126761,187200,2406400000.0,272380.0,IDR,IDX,1720576000000.0,1720.58,2026-08-28 13:36:02
745,SUPA,PT Super Bank Indonesia Tbk,Finance,Regional Banks,520,520,525,515,0.0,8385900,33558047000.0,19909510.0,IDR,IDX,17450184440000.0,17450.18,2026-08-28 13:36:02
746,SURE,PT Super Energy Tbk,Energy Minerals,Oil Refining/Marketing,2770,2700,2780,2700,6.538461538461539,11600,1497580000.0,2510.0,IDR,IDX,4148296600000.0,4148.3,2026-08-28 13:36:02
747,SURI,PT Maja Agung Latexindo Tbk,Consumer Non-Durables,Apparel/Footwear,81,80,81,79,1.25,2836300,6334375000.0,20812770.0,IDR,IDX,513084375000.0,513.08,2026-08-28 13:36:02
748,SWID,PT Saraswanti Indoland Development Tbk,Finance,Real Estate Development,119,120,121,118,0.0,2505000,5385019000.0,73557690.0,IDR,IDX,640817261000.0,640.82,2026-08-28 13:36:02
749,TALF,PT Tunas Alfin Tbk,Process Industries,Containers/Packaging,720,750,770,715,-4.0,345300,1353440000.0,308790.0,IDR,IDX,974476800000.0,974.48,2026-08-28 13:36:02
750,TAMA,PT Lancartama Sejati Tbk,Consumer Durables,Homebuilding,232,236,244,230,-1.694915254237288,3995800,1200000000.0,17237050.0,IDR,IDX,278400000000.0,278.4,2026-08-28 13:36:02
751,TAMU,PT Pelayaran Tamarin Samudra Tbk,Transportation,Other Transportation,27,27,27,27,3.8461538461538463,2668900,37500000000.0,7271550.0,IDR,IDX,1012500000000.0,1012.5,2026-08-28 13:36:02
752,TAPG,PT Triputra Agro Persada Tbk,Process Industries,Agricultural Commodities/Milling,2030,2040,2060,2020,-0.975609756097561,8811000,19852500000.0,17922400.0,IDR,IDX,40300575000000.0,40300.57,2026-08-28 13:36:02
753,TARA,PT Agung Semesta Sejahtera Tbk,Finance,Real Estate Development,29,29,29,29,0.0,93300,10069600000.0,705930.0,IDR,IDX,292018400000.0,292.02,2026-08-28 13:36:02
754,TAXI,PT Express Transindo Utama Tbk,Transportation,Other Transportation,13,13,13,13,0.0,4839300,10223600000.0,29166140.0,IDR,IDX,132906800000.0,132.91,2026-08-28 13:36:02
755,TBIG,PT Tower Bersama Infrastructure Tbk,Finance,Real Estate Development,1485,1495,1500,1465,-0.6688963210702341,65400,22550614900.0,1017790.0,IDR,IDX,33487663126500.0,33487.66,2026-08-28 13:36:02
756,TBLA,PT Tunas Baru Lampung Tbk,Process Industries,Agricultural Commodities/Milling,625,625,630,620,0.0,635200,5879218000.0,1165320.0,IDR,IDX,3674511250000.0,3674.51,2026-08-28 13:36:02
757,TBMS,PT Tembaga Mulia Semanan Tbk,Producer Manufacturing,Metal Fabrication,1230,1235,1235,1230,-1.2048192771084338,3400,734680000.0,23330.0,IDR,IDX,903656400000.0,903.66,2026-08-28 13:36:02
758,TCID,PT Mandom Indonesia Tbk,Consumer Non-Durables,Household/Personal Care,2660,2650,2690,2610,0.37735849056603776,40400,402133000.0,7270.0,IDR,IDX,1069673780000.0,1069.67,2026-08-28 13:36:02
759,TCPI,PT Transcoal Pacific,Transportation,Marine Shipping,2410,2400,2520,2330,1.6877637130801686,4016100,5000000000.0,4940710.0,IDR,IDX,12050000000000.0,12050.0,2026-08-28 13:36:02
760,TEBE,PT Dana Brata Luhur Tbk,Industrial Services,Engineering & Construction,1765,1745,1815,1740,1.146131805157593,6949100,1285000000.0,30206480.0,IDR,IDX,2268025000000.0,2268.02,2026-08-28 13:36:02
761,TFAS,PT Telefast Indonesia Tbk,Technology Services,Packaged Software,187,190,190,187,0.5376344086021506,12900,1665899800.0,460870.0,IDR,IDX,311523262600.0,311.52,2026-08-28 13:36:02
762,TFCO,"PT Tifico Fiber Indonesia, Tbk",Process Industries,Textiles,930,930,930,930,0.0,200,4823080000.0,450.0,IDR,IDX,4485464400000.0,4485.46,2026-08-28 13:36:02
763,TGKA,PT Tigaraksa Satria Tbk,Distribution Services,Food Distributors,5000,5000,5000,5000,-2.4390243902439024,200,918493000.0,5110.0,IDR,IDX,4592465000000.0,4592.46,2026-08-28 13:36:02
764,TGUK,PT Platinum Wahab Nusantara Tbk,Consumer Services,Restaurants,63,60,63,60,0.0,3999100,,13063410.0,IDR,IDX,,,2026-08-28 13:36:02
765,TIFA,PT KDB Tifa Finance Tbk,Finance,Finance/Rental/Leasing,338,334,344,324,-3.428571428571429,669900,3552210000.0,690730.0,IDR,IDX,1200646980000.0,1200.65,2026-08-28 13:36:02
766,TINS,PT TIMAH (Persero) Tbk,Non-Energy Minerals,Other Metals/Minerals,4010,4100,4120,4010,-1.715686274509804,14524200,7447750000.0,55153259.99999976,IDR,IDX,29865477500000.0,29865.48,2026-08-28 13:36:02
767,TIRA,PT Tira Austenite Tbk,Distribution Services,Wholesale Distributors,406,404,408,400,-0.49019607843137253,66100,588000000.0,493740.0,IDR,IDX,238728000000.0,238.73,2026-08-28 13:36:02
768,TKIM,PT Pabrik Kertas Tjiwi Kimia Tbk,Process Industries,Pulp & Paper,7975,7900,8000,7750,0.949367088607595,1349400,3113220000.0,2467390.0,IDR,IDX,24827929500000.0,24827.93,2026-08-28 13:36:02
769,TLDN,PT Teladan Prima Agro Tbk,Process Industries,Agricultural Commodities/Milling,580,585,585,575,0.0,262000,12946530000.0,1611510.0,IDR,IDX,7508987400000.0,7508.99,2026-08-28 13:36:02
770,TLKM,PT Telkom Indonesia (Persero) Tbk Class B,Communications,Wireless Telecommunications,2580,2620,2620,2570,-1.1494252873563218,43577000,98580924200.0,72993090.0,IDR,IDX,254338784436000.0,254338.78,2026-08-28 13:36:02
771,TMAS,PT Temas Tbk,Transportation,Marine Shipping,139,140,144,138,0.0,3252400,56868856000.0,7040950.0,IDR,IDX,7904770984000.0,7904.77,2026-08-28 13:36:02
772,TMPO,PT Tempo Inti Media Tbk,Consumer Services,Publishing: Newspapers,216,216,216,216,-14.285714285714285,6801400,1058329999.9999999,113039590.00000009,IDR,IDX,228599279999.99997,228.6,2026-08-28 13:36:02
773,TNCA,PT Trimuda Nuansa Citra Tbk,Transportation,Air Freight/Couriers,163,159,168,159,1.875,1125000,421640000.0,1944620.0,IDR,IDX,68727320000.0,68.73,2026-08-28 13:36:02
774,TOBA,PT TBS Energi Utama Tbk,Energy Minerals,Coal,615,605,635,595,2.5,36043700,8311467400.0,28297210.0,IDR,IDX,5111552451000.0,5111.55,2026-08-28 13:36:02
775,TOOL,PT Rohartindo Nusantara Luas Tbk,Commercial Services,Miscellaneous Commercial Services,67,67,67,66,1.5151515151515151,1223900,,15372420.0,IDR,IDX,,,2026-08-28 13:36:02
776,TOSK,PT Topindo Solusi Komunika Tbk,Technology Services,Packaged Software,73,73,74,72,0.0,2459200,4375277300.0,11017100.0,IDR,IDX,319395242900.0,319.4,2026-08-28 13:36:02
777,TOTL,PT Total Bangun Persada Tbk,Industrial Services,Engineering & Construction,1565,1555,1570,1540,0.6430868167202572,792300,3410000000.0,4700090.0,IDR,IDX,5336650000000.0,5336.65,2026-08-28 13:36:02
778,TOTO,PT Surya Toto Indonesia Tbk,Producer Manufacturing,Building Products,236,234,236,234,0.8547008547008548,787100,10320000000.0,645390.0,IDR,IDX,2435520000000.0,2435.52,2026-08-28 13:36:02
779,TOWR,PT Sarana Menara Nusantara Tbk,Finance,Finance/Rental/Leasing,460,470,474,454,-2.127659574468085,33451500,58099803446.0,97842110.0,IDR,IDX,26725909585160.0,26725.91,2026-08-28 13:36:02
780,TPIA,PT Chandra Asri Pacific Tbk,Process Industries,Chemicals: Specialty,2000,1950,2040,1935,2.564102564102564,237033300,86464551100.0,281427540.0,IDR,IDX,172929102200000.0,172929.1,2026-08-28 13:36:02
781,TPMA,PT Trans Power Marine Tbk,Transportation,Marine Shipping,464,464,466,462,0.0,289900,3496480100.0,1014230.0000000015,IDR,IDX,1622366766400.0,1622.37,2026-08-28 13:36:02
782,TRGU,PT Cerestar Indonesia Tbk,Process Industries,Agricultural Commodities/Milling,175,174,176,173,0.5747126436781609,300500,7945412600.0,723020.0,IDR,IDX,1390447205000.0,1390.45,2026-08-28 13:36:02
783,TRIM,PT Trimegah Sekuritas Indonesia Tbk,Finance,Investment Managers,655,620,655,620,9.166666666666666,495600,7109300000.0,284149.9999999523,IDR,IDX,4656591500000.0,4656.59,2026-08-28 13:36:02
784,TRIN,PT Perintis Triniti Properti Tbk,Finance,Real Estate Development,334,336,338,330,-0.5952380952380952,6419500,4508621000.0,19265960.0,IDR,IDX,1505879414000.0,1505.88,2026-08-28 13:36:02
785,TRIS,PT Trisula International Tbk,Consumer Non-Durables,Apparel/Footwear,175,177,177,174,1.1560693641618496,1266900,3093207500.0,983790.0,IDR,IDX,541311312500.0,541.31,2026-08-28 13:36:02
786,TRJA,PT Transkon Jaya Tbk,Finance,Finance/Rental/Leasing,124,125,125,122,-0.8,166300,1510200000.0,4271030.0,IDR,IDX,187264800000.0,187.26,2026-08-28 13:36:02
787,TRON,PT Teknologi Karya Digital Nusa Tbk,Technology Services,Data Processing Services,99,101,101,96,-1.0,10414300,2951328400.0,22298980.0,IDR,IDX,292181511600.0,292.18,2026-08-28 13:36:02
788,TRST,"PT Trias Sentosa, Tbk",Process Industries,Containers/Packaging,462,466,470,450,-1.282051282051282,100600,2808000000.0,115800.0,IDR,IDX,1297296000000.0,1297.3,2026-08-28 13:36:02
789,TRUK,PT Guna Timur Raya Tbk,Transportation,Trucking,790,810,815,785,-2.4691358024691357,363500,435000000.0,2172550.0,IDR,IDX,343650000000.0,343.65,2026-08-28 13:36:02
790,TRUS,PT Trust Finance Indonesia Tbk,Finance,Finance/Rental/Leasing,448,438,460,434,2.28310502283105,14000,800000000.0,384940.0,IDR,IDX,358400000000.0,358.4,2026-08-28 13:36:02
791,TSPC,PT Tempo Scan Pacific Tbk,Distribution Services,Medical Distributors,2750,2730,2750,2720,1.1029411764705883,367500,4509860000.0,894000.0,IDR,IDX,12402115000000.0,12402.12,2026-08-28 13:36:02
792,TUGU,PT Asuransi Tugu Pratama Indonesia Tbk,Finance,Multi-Line Insurance,1370,1360,1390,1360,2.6217228464419478,1024900,3555580000.0,2702250.0,IDR,IDX,4871144600000.0,4871.14,2026-08-28 13:36:02
793,TYRE,PT King Tire Indonesia Tbk,Consumer Durables,Automotive Aftermarket,113,112,113,112,0.8928571428571428,75600,3480581800.0,716270.0,IDR,IDX,393305743400.0,393.31,2026-08-28 13:36:02
794,UANG,PT Pakuan Tbk,Finance,Real Estate Development,2420,2440,2590,2400,-0.819672131147541,40000,1210000000.0,122750.0,IDR,IDX,2928200000000.0,2928.2,2026-08-28 13:36:02
795,UCID,PT Uni-Charm Indonesia Tbk,Consumer Non-Durables,Household/Personal Care,498,496,510,496,-1.3861386138613863,268400,4156569999.9999995,1807780.0,IDR,IDX,2069971859999.9998,2069.97,2026-08-28 13:36:02
796,UDNG,PT Agro Bahari Nusantara Tbk,Process Industries,Agricultural Commodities/Milling,1520,1445,1520,1440,5.190311418685121,873500,1750040000.0,1083410.0,IDR,IDX,2660060800000.0,2660.06,2026-08-28 13:36:02
797,UFOE,PT Damai Sejahtera Abadi Tbk,Retail Trade,Electronics/Appliance Stores,144,142,144,141,2.127659574468085,32500,2898260000.0,257780.0,IDR,IDX,417349440000.0,417.35,2026-08-28 13:36:02
798,ULTJ,PT Ultrajaya Milk Industry & Trading Co. Tbk,Consumer Non-Durables,Food: Meat/Fish/Dairy,1510,1495,1520,1490,1.0033444816053512,2731300,10398200000.0,2513210.0,IDR,IDX,15701282000000.0,15701.28,2026-08-28 13:36:02
799,UNIC,PT Unggul Indah Cahaya Tbk,Consumer Non-Durables,Household/Personal Care,15050,15000,15175,15000,0.33333333333333337,9800,383331000.0,11640.0,IDR,IDX,5769131550000.0,5769.13,2026-08-28 13:36:02
800,UNIQ,PT Ulima Nitra Tbk,Industrial Services,Engineering & Construction,116,117,118,114,-0.8547008547008548,602300,3138980000.0,1560870.0,IDR,IDX,364121680000.0,364.12,2026-08-28 13:36:02
801,UNTD,PT Terang Dunia Internusa Tbk,Consumer Durables,Motor Vehicles,83,82,85,81,1.2195121951219512,5438700,6666666500.0,26917750.0,IDR,IDX,553333319500.0,553.33,2026-08-28 13:36:02
802,UNTR,PT United Tractors Tbk,Energy Minerals,Coal,24050,24475,24475,24050,-1.7364657814096014,1600900,3572733900.0,3647700.0000000047,IDR,IDX,85924250295000.0,85924.25,2026-08-28 13:36:02
803,UNVR,PT Unilever Indonesia Tbk,Consumer Non-Durables,Household/Personal Care,1765,1775,1785,1760,0.2840909090909091,3694100,37981233300.0,9302330.0,IDR,IDX,67036876774500.0,67036.88,2026-08-28 13:36:02
804,URBN,PT Urban Jakarta Propertindo Tbk,Finance,Real Estate Development,216,216,216,216,0.9345794392523363,50400,3119595500.0,118760.0,IDR,IDX,673832628000.0,673.83,2026-08-28 13:36:02
805,UVCR,PT Trimegah Karya Pratama Tbk,Technology Services,Packaged Software,137,140,140,136,-2.142857142857143,18449800,2000140000.0,34786610.0,IDR,IDX,274019180000.0,274.02,2026-08-28 13:36:02
806,VAST,PT Vastland Indonesia Tbk,Finance,Real Estate Development,114,113,117,113,1.7857142857142856,1369700,3055737000.0,1479410.0,IDR,IDX,348354018000.0,348.35,2026-08-28 13:36:02
807,VERN,PT Verona Indah Pictures Tbk,Consumer Services,Movies/Entertainment,248,254,254,248,-2.3622047244094486,3248300,4765648000.0,16903150.0,IDR,IDX,1181880704000.0,1181.88,2026-08-28 13:36:02
808,VICI,PT Victoria Care Indonesia Tbk,Consumer Non-Durables,Household/Personal Care,760,745,765,745,2.013422818791946,3072300,6708000000.0,4296180.0,IDR,IDX,5098080000000.0,5098.08,2026-08-28 13:36:02
809,VICO,PT Victoria Investama Tbk,Finance,Investment Banks/Brokers,151,154,158,149,-1.948051948051948,125100,20028500000.0,229570.00000000597,IDR,IDX,3024303500000.0,3024.3,2026-08-28 13:36:02
810,VINS,PT Victoria Insurance Tbk,Finance,Property/Casualty Insurance,142,141,144,140,2.158273381294964,303000,1553430000.0,1520330.0,IDR,IDX,220587060000.0,220.59,2026-08-28 13:36:02
811,VISI,PT Satu Visi Putra Tbk,Distribution Services,Wholesale Distributors,1000,1015,1030,985,-0.9900990099009901,1324300,3075000000.0,2146830.0,IDR,IDX,3075000000000.0,3075.0,2026-08-28 13:36:02
812,VIVA,PT Visi Media Asia Tbk Class A,Consumer Services,Broadcasting,50,50,50,50,-3.8461538461538463,11868000,16464300000.0,65967410.0,IDR,IDX,823215000000.0,823.22,2026-08-28 13:36:02
813,VKTR,PT VKTR Teknologi Mobilitas Tbk,Consumer Durables,Motor Vehicles,960,905,975,890,6.077348066298343,103370500,43750000000.0,89227640.0,IDR,IDX,42000000000000.0,42000.0,2026-08-28 13:36:02
814,VOKS,PT Voksel Electric Tbk,Producer Manufacturing,Electrical Products,224,222,228,220,1.8181818181818181,198200,4155600000.0000005,438840.0,IDR,IDX,930854400000.0001,930.85,2026-08-28 13:36:02
815,VRNA,PT Mizuho Leasing Indonesia Tbk,Finance,Finance/Rental/Leasing,74,75,75,74,-1.3333333333333335,5900,5687350000.0,853840.0,IDR,IDX,420863900000.0,420.86,2026-08-28 13:36:02
816,VTNY,PT Venteny Fortuna International Tbk,Technology Services,Information Technology Services,84,89,89,83,-5.617977528089887,26663800,6265193400.0,40857410.0,IDR,IDX,526276245600.0,526.28,2026-08-28 13:36:02
817,WAPO,PT Wahana Pronatural Tbk,Consumer Non-Durables,Food: Specialty/Candy,164,156,167,156,5.128205128205128,1367700,1240920000.0,9317410.0,IDR,IDX,203510880000.0,203.51,2026-08-28 13:36:02
818,WBSA,PT BSA Logistics Indonesia Tbk,Transportation,Trucking,690,670,695,665,2.2222222222222223,8745100,,13953220.0,IDR,IDX,,,2026-08-28 13:36:02
819,WEGE,PT Wijaya Karya Bangunan Gedung Tbk,Industrial Services,Engineering & Construction,55,55,55,53,0.0,13462700,9572000000.0,184369490.0,IDR,IDX,526460000000.0,526.46,2026-08-28 13:36:02
820,WEHA,PT WEHA Transportasi Indonesia Tbk,Transportation,Other Transportation,109,107,110,107,0.9259259259259258,3255500,1486070000.0,4845739.999999988,IDR,IDX,161981630000.0,161.98,2026-08-28 13:36:02
821,WGSH,PT Wira Global Solusi Tbk,Technology Services,Information Technology Services,158,153,160,149,4.635761589403973,13186500,2085000000.0,29806750.0,IDR,IDX,329430000000.0,329.43,2026-08-28 13:36:02
822,WIDI,PT Widiant Jaya Krenindo Tbk,Finance,Finance/Rental/Leasing,26,27,27,25,-3.7037037037037033,10407800,1600031700.0,14514490.0,IDR,IDX,41600824200.0,41.6,2026-08-28 13:36:02
823,WIFI,PT Solusi Sinergi Digital Tbk,Technology Services,Packaged Software,2050,2060,2090,2040,0.0,14079000,5308550000.0,45641500.0,IDR,IDX,10882527500000.0,10882.53,2026-08-28 13:36:02
824,WIIM,PT Wismilak Inti Makmur Tbk,Consumer Non-Durables,Tobacco,1650,1710,1710,1640,-2.941176470588235,2264400,2086900000.0,1906410.0,IDR,IDX,3443385000000.0,3443.38,2026-08-28 13:36:02
825,WINE,PT Hatten Bali Tbk,Consumer Non-Durables,Beverages: Alcoholic,131,126,147,125,7.377049180327869,12000700,2710000000.0,3540330.0,IDR,IDX,355010000000.0,355.01,2026-08-28 13:36:02
826,WINR,PT Winner Nusantara Jaya Tbk,Finance,Real Estate Development,20,20,20,20,0.0,9736700,,48824090.0,IDR,IDX,,,2026-08-28 13:36:02
827,WINS,PT Wintermar Offshore Marine Tbk,Transportation,Marine Shipping,530,515,530,515,2.912621359223301,1321100,4469786001.9025,3773379.999999999,IDR,IDX,2368986581008.325,2368.99,2026-08-28 13:36:02
828,WIRG,PT WIR Asia Tbk,Health Services,Medical/Nursing Services,75,76,77,74,0.0,52210500,11938622000.0,174610700.0,IDR,IDX,895396650000.0,895.4,2026-08-28 13:36:02
829,WMPP,PT Widodo Makmur Perkasa Tbk,Process Industries,Agricultural Commodities/Milling,28,29,29,28,-3.4482758620689653,13530500,29419000000.0,50204150.0,IDR,IDX,823732000000.0,823.73,2026-08-28 13:36:02
830,WMUU,PT Widodo Makmur Unggas Tbk,Process Industries,Agricultural Commodities/Milling,50,50,50,50,0.0,3214600,12941200000.0,106057250.0,IDR,IDX,647060000000.0,647.06,2026-08-28 13:36:02
831,WOMF,PT Wahana Ottomitra Multiartha Tbk,Finance,Finance/Rental/Leasing,274,278,278,272,-2.142857142857143,69700,3481480000.0,265320.0,IDR,IDX,953925520000.0,953.93,2026-08-28 13:36:02
832,WOOD,PT Integra Indocabinet Tbk,Consumer Durables,Home Furnishings,212,210,214,208,0.9523809523809524,1272000,6263956900.0,3663440.0,IDR,IDX,1327958862800.0,1327.96,2026-08-28 13:36:02
833,WOWS,PT Ginting Jaya Energi Tbk,Industrial Services,Oilfield Services/Equipment,61,62,63,61,-3.1746031746031744,2837300,2475720000.0,34288620.0,IDR,IDX,151018920000.0,151.02,2026-08-28 13:36:02
834,WTON,PT Wijaya Karya Beton Tbk,Industrial Services,Engineering & Construction,81,81,81,79,0.0,1860400,8715470000.0,6327870.0,IDR,IDX,705953070000.0,705.95,2026-08-28 13:36:02
835,XBID,Batavia IDX30 ETF,Miscellaneous,Investment Trusts/Mutual Funds,498,456,559,456,9.210526315789473,108000,,85440.0,IDR,IDX,,,2026-08-28 13:36:02
836,XBIN,Reksa Dana Indeks Bahana ETF Bisnis-27,Miscellaneous,Investment Trusts/Mutual Funds,526,650,650,526,0.5736137667304015,12800,,3480.0,IDR,IDX,,,2026-08-28 13:36:02
837,XBLQ,Reksa Dana Batavia Smart Liquid ETF,Miscellaneous,Investment Trusts/Mutual Funds,448,447,448,447,0.6741573033707865,600,,6980.0,IDR,IDX,,,2026-08-28 13:36:02
838,XBSK,Reksa Dana Indeks Batavia SRI-KEHATI ETF,Miscellaneous,Investment Trusts/Mutual Funds,407,407,407,407,2.261306532663317,600,,380.0,IDR,IDX,,,2026-08-28 13:36:02
839,XCEG,Reksa Dana Indeks Capital ETF IDX ESG Leaders,Miscellaneous,Investment Trusts/Mutual Funds,84,84,84,84,-1.1764705882352942,100,,37930.0,IDR,IDX,,,2026-08-28 13:36:02
840,XCID,DIRE CIPTADANA PROPERTI RITEL INDONESIA,Finance,Real Estate Investment Trusts,50,50,50,50,0.0,6100,4000000000.0,93590.0,IDR,IDX,200000000000.0,200.0,2026-08-28 13:36:02
841,XCIS,Dana Investasi Real Estat Ciptadana Properti Perhotelan Padjajaran,Finance,Financial Conglomerates,92,79,98,79,15.0,94100,,41520.0,IDR,IDX,,,2026-08-28 13:36:02
842,XCLQ,Reksa Dana Indeks Cipta ETF Indek LQ45,Miscellaneous,Investment Trusts/Mutual Funds,68,69,71,68,0.0,2900,,41840.0,IDR,IDX,,,2026-08-28 13:36:02
843,XDES,Reksa Dana Syariah Bri Mi Gold ETF Syariah Exchange Traded Fund Units,Miscellaneous,Investment Trusts/Mutual Funds,1005,1000,1006,1000,-0.09940357852882703,56400,,71870.0,IDR,IDX,,,2026-08-28 13:36:02
844,XDIF,BRI ETF Indonesia Top 40,Miscellaneous,Investment Trusts/Mutual Funds,430,431,431,430,2.137767220902613,400,,2940.0,IDR,IDX,,,2026-08-28 13:36:02
845,XGLD,Premier ETF Gold Sharia Indonesia Exchange Traded Fund Units,Miscellaneous,Investment Trusts/Mutual Funds,264,264,270,261,0.0,144400,,1104830.0,IDR,IDX,,,2026-08-28 13:36:02
846,XIFE,Reksa Dana Indeks Premier ETF FTSE Indonesia ESG,Miscellaneous,Investment Trusts/Mutual Funds,94,95,95,94,-1.0526315789473684,800,,13210.0,IDR,IDX,,,2026-08-28 13:36:02
847,XIHD,Reksa Dana Indeks Premier ETF IDX High Dividend 20,Miscellaneous,Investment Trusts/Mutual Funds,614,614,614,614,0.6557377049180327,300,,8770.0,IDR,IDX,,,2026-08-28 13:36:02
848,XIID,Reksa Dana Indeks Premier ETF Index IDX30,Miscellaneous,Investment Trusts/Mutual Funds,446,448,448,446,1.3636363636363635,7200,,6920.0,IDR,IDX,,,2026-08-28 13:36:02
849,XIIF,PREMIER ETF INDONESIA FINANCIAL Units,Miscellaneous,Investment Trusts/Mutual Funds,413,413,413,413,-0.9592326139088728,700,,820.0,IDR,IDX,,,2026-08-28 13:36:02
850,XIIT,Reksa Dana Premier ETF IDX30,Miscellaneous,Investment Trusts/Mutual Funds,471,464,472,464,1.5086206896551724,8100,,29330.0,IDR,IDX,,,2026-08-28 13:36:02
851,XIJI,Reksa Dana Syariah Premier ETF JII,Miscellaneous,Investment Trusts/Mutual Funds,552,550,554,550,0.36363636363636365,12500,,23680.0,IDR,IDX,,,2026-08-28 13:36:02
852,XILV,Reksa Dana Indeks Insight ETF FTSE Indonesia Low Volatility Factor Index,Miscellaneous,Investment Trusts/Mutual Funds,101,100,101,100,0.0,2500,,76070.0,IDR,IDX,,,2026-08-28 13:36:02
853,XIML,Premier ETF MSCI Indonesia Large Cap,Miscellaneous,Investment Trusts/Mutual Funds,189,189,189,189,0.0,100,,6440.0,IDR,IDX,,,2026-08-28 13:36:02
854,XIPB,Reksa Dana Indeks Premier ETF IDX-Pefindo Prime Bank Units,,,173,173,173,173,0.5813953488372093,200,,490.0,IDR,IDX,,,2026-08-28 13:36:02
855,XIPI,Premier ETF Pefindo I-Grade,Miscellaneous,Investment Trusts/Mutual Funds,180,188,188,180,-1.098901098901099,3000,,3810.0,IDR,IDX,,,2026-08-28 13:36:02
856,XISB,REKSA DANA PREMIER ETF INDONESIA SOVEREIGN BONDS Units,Miscellaneous,Investment Trusts/Mutual Funds,533,533,533,533,-3.790613718411552,100,,460.0,IDR,IDX,,,2026-08-28 13:36:02
857,XISC,PREMIER ETF INDONESIA STATE-OWNED COMPANIES,Miscellaneous,Investment Trusts/Mutual Funds,767,783,783,767,-2.0434227330779056,1000,,10950.0,IDR,IDX,,,2026-08-28 13:36:02
858,XISI,PREMIER ETF SMINFRA18,Miscellaneous,Investment Trusts/Mutual Funds,314,316,316,314,0.0,700,,7080.0,IDR,IDX,,,2026-08-28 13:36:02
859,XISR,Premier ETF SRI-KEHATI,Miscellaneous,Investment Trusts/Mutual Funds,400,400,400,400,1.2658227848101267,35100,,17740.0,IDR,IDX,,,2026-08-28 13:36:02
860,XKID,Reksa Dana Indeks KISI IDX30 ETF Units,Miscellaneous,Investment Trusts/Mutual Funds,800,800,800,800,0.0,600,,520.0,IDR,IDX,,,2026-08-28 13:36:02
861,XKIV,Reksa Dana Indeks Kisi IDX Value30 ETF,Miscellaneous,Investment Trusts/Mutual Funds,564,564,564,564,0.8944543828264758,100,,14300.0,IDR,IDX,,,2026-08-28 13:36:02
862,XKMS,Reksa Dana Indeks KISI MSCI Indonesia ETF Units,Miscellaneous,Investment Trusts/Mutual Funds,883,883,883,883,0.6841505131128849,100,,520.0,IDR,IDX,,,2026-08-28 13:36:02
863,XMES,Reksa Dana Syariah Mandiri ETF Emas Exchange Traded Fund Units,Miscellaneous,Investment Trusts/Mutual Funds,844,837,844,837,0.8363201911589008,70300,,306300.0,IDR,IDX,,,2026-08-28 13:36:02
864,XMGB,Reksa Dana Majoris Government Bonds ETF Indonesia Units,Miscellaneous,Investment Trusts/Mutual Funds,1136,1136,1136,1136,-0.08795074758135445,100,,560.0,IDR,IDX,,,2026-08-28 13:36:02
865,XMIG,Reksa Dana Indeks Majoris Pefindo I-Grade ETF Indonesia Units,Miscellaneous,Investment Trusts/Mutual Funds,162,162,162,161,0.0,2800,,12270.0,IDR,IDX,,,2026-08-28 13:36:02
866,XMLF,Reksa Dana Indeks Mandiri ETF LQ45 Units,Miscellaneous,Investment Trusts/Mutual Funds,729,733,733,729,-0.5457025920873124,1800,,4520.0,IDR,IDX,,,2026-08-28 13:36:02
867,XMSK,Reksa Dana Indeks Mandiri ETF Sri-Kehati,Miscellaneous,Investment Trusts/Mutual Funds,347,349,349,347,-0.5730659025787965,1400,,1800.0,IDR,IDX,,,2026-08-28 13:36:02
868,XPDV,Reksa Dana Pinnacle Core High Dividend ETF Units,Miscellaneous,Investment Trusts/Mutual Funds,594,594,594,594,-0.5025125628140703,100,,1190.0,IDR,IDX,,,2026-08-28 13:36:02
869,XPIN,REKSA DANA INDEKS BAHANA ETF PEFINDO I-GRADE Units,,,484,484,484,484,-0.2061855670103093,100,,1000.0,IDR,IDX,,,2026-08-28 13:36:02
870,XPLQ,Reksa Dana Pinnacle Enhanced Liquid ETF,Miscellaneous,Investment Trusts/Mutual Funds,450,452,452,450,-1.7467248908296942,9800,,2870.0,IDR,IDX,,,2026-08-28 13:36:02
871,XPSG,Reksa Dana Pinnacle Indonesia ESG ETF,Miscellaneous,Investment Trusts/Mutual Funds,331,329,332,329,2.1604938271604937,700,,510.0,IDR,IDX,,,2026-08-28 13:36:02
872,XPTD,Reksa Dana Indeks Panin ETF IDX30 Dinamis Units,Miscellaneous,Investment Trusts/Mutual Funds,427,428,428,427,0.7075471698113208,6000,,20020.0,IDR,IDX,,,2026-08-28 13:36:02
873,XRDN,Reksa Dana Indo ETF RDN Kas Bertumbuh Units,Miscellaneous,Investment Trusts/Mutual Funds,100,100,100,100,0.0,1000,,860.0,IDR,IDX,,,2026-08-28 13:36:02
874,XSBC,Reksa Dana Indeks Simas ETF IDX30,Miscellaneous,Investment Trusts/Mutual Funds,90,90,90,90,0.0,100,,19750.0,IDR,IDX,,,2026-08-28 13:36:02
875,XSGO,Reksa Dana Syariah Syailendra ETF Sharia Gold Exchange Traded Fund Units,Miscellaneous,Investment Trusts/Mutual Funds,1050,1054,1054,1045,-0.3795066413662239,4900,,57030.0,IDR,IDX,,,2026-08-28 13:36:02
876,XSPI,Dana Investasi Real Estat Simas Plaza Indonesia,Finance,Real Estate Investment Trusts,500,500,500,500,0.0,400,20800000000.0,1470.0,IDR,IDX,10400000000000.0,10400.0,2026-08-28 13:36:02
877,XSSI,Reksa Dana Syariah Indeks Simas ETF JII,Miscellaneous,Investment Trusts/Mutual Funds,67,67,68,67,0.0,108100,,59050.0,IDR,IDX,,,2026-08-28 13:36:02
878,XSSK,Reksa Dana Indeks Sam Etf Sri-Kehati Units,Miscellaneous,Investment Trusts/Mutual Funds,615,616,616,615,-7.657657657657657,200,,12060.0,IDR,IDX,,,2026-08-28 13:36:02
879,XTRA,Reksa Dana Syariah Trimegah Syariah ETF EMAS Exchange Traded Fund Units,Miscellaneous,Investment Trusts/Mutual Funds,262,263,266,260,0.0,222000,,5978360.0,IDR,IDX,,,2026-08-28 13:36:02
880,YELO,PT Yelooo Integra Datanet Tbk,Distribution Services,Electronics Distributors,86,86,88,85,-1.1494252873563218,12769600,1912770000.0,112649150.0,IDR,IDX,164498220000.0,164.5,2026-08-28 13:36:02
881,YOII,PT Asuransi Digital Bersama Tbk,Finance,Multi-Line Insurance,81,81,82,80,0.0,1100200,,3762230.0,IDR,IDX,,,2026-08-28 13:36:02
882,YPAS,PT Yanaprima Hastapersada Tbk,Process Industries,Containers/Packaging,1460,1475,1590,1440,-1.0169491525423728,140800,668000000.0,976810.0,IDR,IDX,975280000000.0,975.28,2026-08-28 13:36:02
883,YULE,PT Yulie Sekuritas Indonesia Tbk,Finance,Investment Banks/Brokers,3550,3550,3550,3550,1.4285714285714286,200,1587286800.0,1110.0,IDR,IDX,5634868140000.0,5634.87,2026-08-28 13:36:02
884,YUPI,Pt Yupi Indo Jelly Gum Tbk,Consumer Non-Durables,Food: Specialty/Candy,1450,1460,1470,1445,0.0,68000,8544487999.999999,165140.0,IDR,IDX,12389507599999.998,12389.51,2026-08-28 13:36:02
885,ZATA,PT Bersama Zatta Jaya Tbk,Retail Trade,Apparel/Footwear Retail,67,68,69,67,-1.4705882352941175,12622800,8496000000.0,74198350.0,IDR,IDX,569232000000.0,569.23,2026-08-28 13:36:02
886,ZONE,PT Mega Perintis Tbk,Consumer Non-Durables,Apparel/Footwear,800,805,820,765,-0.6211180124223602,175000,870171000.0,249170.0,IDR,IDX,696136800000.0,696.14,2026-08-28 13:36:02
887,ZYRX,PT Zyrexindo Mandiri Buana Tbk,Electronic Technology,Computer Processing Hardware,129,128,130,128,0.0,60200,1333334600.0,889700.0,IDR,IDX,172000163400.0,172.0,2026-08-28 13:36:02
